date,delay,distance,origin,destination
2001-02-14 15:12:00,8,342,SJC,SNA
2001-01-22 09:50:00,-10,601,PHX,RNO
2001-01-17 10:59:00,4,181,DAL,OKC
2001-01-14 16:20:00,4,630,PDX,SLC
2001-03-14 10:50:00,-3,223,BUR,LAS
2001-02-09 07:00:00,0,928,TPA,AUS
2001-02-14 09:10:00,23,1751,BNA,SAN
2001-03-09 14:25:00,145,197,ONT,LAS
2001-03-31 17:10:00,0,223,TUL,MCI
2001-03-06 20:10:00,8,296,SJC,BUR
2001-01-21 10:35:00,0,224,GEG,SEA
2001-03-04 07:10:00,-6,803,BNA,ISP
2001-01-01 12:55:00,5,1751,ONT,BNA
2001-01-12 15:17:00,10,1588,LAS,BNA
2001-01-09 19:05:00,9,663,JAX,BWI
2001-02-28 15:21:00,19,296,DAL,LIT
2001-01-01 17:25:00,14,359,HOU,JAN
2001-03-11 10:40:00,-10,440,DTW,STL
2001-01-26 21:40:00,52,328,PHX,ABQ
2001-03-02 13:25:00,-15,677,ABQ,LAX
2001-02-05 16:35:00,0,580,DAL,ABQ
2001-01-08 19:25:00,-5,181,OKC,DAL
2001-03-04 10:30:00,-7,588,BNA,BWI
2001-01-03 18:40:00,-20,687,STL,HOU
2001-02-25 06:45:00,-3,178,MCO,FLL
2001-02-09 06:55:00,-4,187,CRP,HOU
2001-01-24 11:20:00,-7,457,DTW,BNA
2001-02-16 17:36:00,-5,588,BNA,BWI
2001-02-17 14:10:00,2,1166,MDW,FLL
2001-03-12 08:25:00,-10,872,PHX,AUS
2001-01-16 21:15:00,10,515,BWI,IND
2001-03-10 18:40:00,-7,293,DAL,LBB
2001-03-13 11:35:00,-10,397,LAS,SMF
2001-01-18 15:17:00,23,1044,PHX,MCI
2001-01-28 14:34:00,12,177,BNA,BHM
2001-02-28 10:50:00,63,325,ONT,PHX
2001-03-04 19:32:00,42,258,SAN,LAS
2001-03-17 07:00:00,-10,313,OKC,MCI
2001-03-31 14:35:00,-9,389,ONT,SMF
2001-03-25 07:55:00,-5,997,MDW,TPA
2001-03-31 11:30:00,0,342,STL,OMA
2001-01-03 16:45:00,63,872,PHX,AUS
2001-03-20 06:15:00,-7,838,MHT,MDW
2001-01-08 08:26:00,0,407,LAS,OAK
2001-03-19 12:55:00,2,872,PHX,AUS
2001-01-13 16:48:00,13,344,BOI,PDX
2001-01-24 19:18:00,10,223,LAS,BUR
2001-01-23 14:00:00,-5,869,STL,TPA
2001-02-15 15:09:00,27,308,SJC,LAX
2001-02-15 14:11:00,31,611,BWI,MDW
2001-01-11 19:20:00,-17,1246,BWI,HOU
2001-03-01 09:25:00,-3,682,BHM,BWI
2001-01-09 18:30:00,-13,972,SAT,TPA
2001-01-23 13:00:00,-3,276,HRL,HOU
2001-03-30 19:50:00,5,223,LAS,BUR
2001-02-05 10:20:00,3,192,SAT,HOU
2001-02-12 11:50:00,8,328,PVD,BWI
2001-02-20 17:20:00,-6,319,MAF,DAL
2001-03-21 06:45:00,-13,487,CLE,STL
2001-01-18 17:00:00,-5,511,BOI,OAK
2001-02-21 14:12:00,1,188,SJC,RNO
2001-03-26 10:18:00,20,308,SJC,LAX
2001-01-20 07:00:00,-9,370,PHX,LAX
2001-01-09 20:25:00,2,180,TPA,JAX
2001-01-01 17:19:00,8,520,LAS,BOI
2001-03-07 06:30:00,-5,189,AUS,DAL
2001-01-02 14:00:00,0,239,DAL,HOU
2001-02-15 13:55:00,135,276,HOU,HRL
2001-03-31 19:10:00,0,308,SJC,LAX
2001-02-23 06:45:00,0,192,SAT,HOU
2001-01-05 16:22:00,17,337,LAX,OAK
2001-01-23 16:15:00,5,361,OAK,ONT
2001-03-04 21:02:00,26,443,BNA,RDU
2001-03-22 09:25:00,-10,281,BWI,BUF
2001-03-18 21:37:00,11,440,STL,DTW
2001-03-02 08:17:00,7,178,FLL,MCO
2001-03-28 19:15:00,-13,328,BWI,PVD
2001-02-22 10:00:00,-7,229,DTW,MDW
2001-01-06 14:30:00,-5,447,SFO,SAN
2001-03-28 20:15:00,25,587,RDU,TPA
2001-03-13 15:50:00,13,440,STL,DTW
2001-01-23 18:50:00,-8,422,SLC,RNO
2001-01-02 12:25:00,27,373,LAX,SMF
2001-01-27 18:46:00,30,405,MCI,MDW
2001-03-06 19:27:00,17,493,ABQ,SLC
2001-01-03 12:29:00,43,1999,PHX,BWI
2001-02-06 08:20:00,-2,188,SJC,RNO
2001-01-25 16:05:00,12,663,JAX,BWI
2001-02-21 15:45:00,3,580,DAL,ABQ
2001-02-18 14:50:00,48,651,PHX,SFO
2001-03-03 15:10:00,-10,480,SAN,SMF
2001-01-21 16:05:00,-2,765,ISP,MDW
2001-01-15 11:50:00,0,371,OAK,SNA
2001-03-02 12:55:00,-5,271,MDW,SDF
2001-02-27 09:40:00,-3,328,BWI,PVD
2001-03-06 07:25:00,0,491,MCI,BNA
2001-03-09 16:38:00,3,189,DAL,AUS
2001-02-28 21:14:00,62,368,LAS,SLC
2001-03-18 15:48:00,61,308,SJC,LAX
2001-02-05 10:30:00,-2,588,BNA,BWI
2001-01-20 19:20:00,-22,1246,BWI,HOU
2001-03-02 14:40:00,2,248,DAL,SAT
2001-03-29 07:05:00,0,142,PBI,MCO
2001-01-21 18:12:00,21,223,ABQ,ELP
2001-01-20 16:14:00,0,833,PHX,OKC
2001-02-08 12:25:00,-10,325,PHX,ONT
2001-03-28 06:30:00,8,324,AMA,DAL
2001-01-07 19:55:00,-5,271,SDF,MDW
2001-03-04 12:00:00,-10,224,SEA,GEG
2001-02-21 18:00:00,-6,178,MCO,FLL
2001-03-25 13:39:00,9,307,MDW,CLE
2001-02-25 12:05:00,-10,293,LBB,DAL
2001-02-01 09:00:00,-2,370,PHX,LAX
2001-02-28 20:20:00,8,443,RDU,BNA
2001-02-26 19:30:00,-4,239,HOU,DAL
2001-03-08 17:00:00,11,677,ELP,HOU
2001-03-28 11:33:00,8,368,LAS,SLC
2001-02-10 10:49:00,20,361,ONT,OAK
2001-03-13 21:38:00,134,162,IND,MDW
2001-01-01 07:00:00,-3,588,SLC,OAK
2001-01-25 13:54:00,20,487,LAS,ABQ
2001-02-22 07:00:00,4,248,DAL,SAT
2001-03-15 06:35:00,-15,417,SAN,SJC
2001-03-26 06:30:00,-7,562,DAL,ELP
2001-01-07 10:35:00,-5,304,SAN,PHX
2001-03-22 08:15:00,0,324,DAL,AMA
2001-02-18 10:05:00,-5,677,ABQ,LAX
2001-01-03 07:44:00,8,303,MSY,HOU
2001-01-11 08:20:00,-8,842,MDW,PVD
2001-01-14 07:00:00,-10,345,LAS,RNO
2001-02-25 09:20:00,-5,446,OAK,SAN
2001-01-12 08:00:00,-4,998,MSY,BWI
2001-01-09 12:35:00,0,395,BNA,MDW
2001-01-07 16:20:00,-4,395,BNA,MDW
2001-03-16 17:50:00,0,197,TPA,FLL
2001-01-16 17:24:00,-6,229,IND,STL
2001-03-10 08:50:00,-5,189,DAL,AUS
2001-01-09 08:00:00,0,1069,LAS,SAT
2001-01-25 11:15:00,35,180,RNO,OAK
2001-01-23 12:30:00,7,347,ELP,PHX
2001-02-10 06:30:00,0,570,BHM,HOU
2001-01-11 12:40:00,-2,1977,SEA,BNA
2001-01-11 19:50:00,-5,318,JAX,FLL
2001-03-01 19:05:00,-5,197,FLL,TPA
2001-02-02 08:25:00,-10,229,MDW,DTW
2001-03-13 12:33:00,-2,1455,PHX,BHM
2001-03-21 06:40:00,-10,590,SLC,LAX
2001-03-12 16:45:00,-5,1235,LAS,HOU
2001-03-26 18:20:00,19,367,SAN,TUS
2001-03-31 09:30:00,-12,307,MDW,CLE
2001-02-23 22:30:00,-2,370,PHX,LAX
2001-01-03 07:35:00,18,370,LAX,PHX
2001-02-18 18:17:00,19,321,ABQ,TUS
2001-03-27 07:45:00,-5,1455,BHM,PHX
2001-01-24 16:05:00,48,338,CMH,BNA
2001-01-12 23:19:00,162,562,ELP,DAL
2001-01-27 14:55:00,4,288,BWI,ALB
2001-01-17 20:34:00,7,162,MDW,IND
2001-02-14 13:55:00,-3,236,LAS,LAX
2001-02-21 13:55:00,-10,373,LAX,SMF
2001-01-18 06:00:00,9,395,MDW,BNA
2001-01-23 22:00:00,-11,370,LAX,PHX
2001-01-17 21:05:00,-6,197,TPA,FLL
2001-02-23 14:30:00,7,337,LAX,OAK
2001-01-11 15:55:00,5,328,BWI,PVD
2001-03-30 08:45:00,0,1624,LAS,SDF
2001-01-23 22:35:00,-8,304,PHX,SAN
2001-02-21 06:30:00,6,293,LBB,DAL
2001-02-16 22:21:00,82,239,HOU,DAL
2001-01-08 17:40:00,12,178,FLL,MCO
2001-02-16 13:47:00,23,671,SEA,OAK
2001-01-07 13:30:00,9,389,SMF,ONT
2001-01-08 21:15:00,-2,187,HOU,CRP
2001-01-07 10:10:00,4,580,DAL,ABQ
2001-02-05 11:15:00,3,666,MDW,JAN
2001-02-06 06:45:00,-10,550,MSY,MCO
2001-02-18 17:00:00,-13,224,GEG,SEA
2001-02-06 06:50:00,-15,550,MCO,MSY
2001-01-15 20:40:00,-6,276,HRL,HOU
2001-02-09 20:10:00,45,389,SMF,ONT
2001-03-05 08:25:00,-15,621,PHX,SJC
2001-01-01 19:05:00,28,671,SEA,OAK
2001-01-30 13:00:00,23,843,SAT,PHX
2001-02-25 12:00:00,-9,1444,PHX,MDW
2001-02-07 09:00:00,-3,246,MAF,ELP
2001-03-17 16:20:00,28,588,BNA,BWI
2001-03-02 11:20:00,-5,487,MSY,TPA
2001-01-29 16:35:00,-3,325,ONT,PHX
2001-03-09 21:14:00,15,756,BNA,AUS
2001-02-12 14:35:00,-5,237,MCI,STL
2001-03-05 08:25:00,-2,989,MCO,MDW
2001-01-15 18:45:00,6,670,HOU,BNA
2001-02-12 07:00:00,-8,303,MSY,HOU
2001-02-09 08:30:00,10,239,DAL,HOU
2001-01-31 17:00:00,-10,543,PDX,OAK
2001-01-14 18:00:00,-4,239,HOU,DAL
2001-02-02 21:35:00,-5,358,BUR,SMF
2001-01-31 09:05:00,0,296,LIT,DAL
2001-02-13 09:22:00,41,370,LAX,PHX
2001-02-07 11:20:00,5,496,SAT,ELP
2001-02-08 16:19:00,8,341,AUS,LBB
2001-01-21 14:55:00,62,368,SLC,LAS
2001-01-21 10:14:00,0,636,SAN,ELP
2001-01-14 15:35:00,-2,419,HOU,OKC
2001-03-23 17:55:00,4,440,STL,DTW
2001-02-24 10:20:00,0,187,HOU,CRP
2001-02-13 21:47:00,67,189,AUS,DAL
2001-01-05 21:52:00,21,256,LAS,PHX
2001-02-02 21:10:00,-7,666,MCI,HOU
2001-03-22 07:05:00,-5,142,PBI,MCO
2001-02-10 18:10:00,0,108,PVD,ISP
2001-02-15 00:10:00,115,550,MSY,MCO
2001-02-23 20:05:00,-8,588,BWI,BNA
2001-02-17 14:35:00,-10,682,BHM,BWI
2001-02-14 07:35:00,-10,271,MDW,SDF
2001-03-15 08:20:00,-25,1363,MCI,LAX
2001-02-06 07:10:00,9,2277,PVD,PHX
2001-01-02 14:10:00,35,273,HRL,AUS
2001-03-28 15:20:00,-3,377,BWI,MHT
2001-01-29 12:05:00,0,373,SMF,LAX
2001-03-26 06:30:00,10,288,ALB,BWI
2001-01-05 17:05:00,-3,217,IAH,DAL
2001-01-11 06:45:00,3,314,BWI,CLE
2001-03-14 13:35:00,5,407,LAS,OAK
2001-01-26 16:12:00,0,580,ABQ,DAL
2001-03-19 13:55:00,-5,332,ABQ,MAF
2001-03-19 13:18:00,5,344,PDX,BOI
2001-02-23 07:00:00,-7,258,LAS,SAN
2001-02-07 15:30:00,-1,220,ISP,BWI
2001-02-23 18:45:00,50,397,LAS,SMF
2001-03-27 13:05:00,-6,328,ABQ,PHX
2001-01-21 08:30:00,-1,304,SAN,PHX
2001-02-15 20:40:00,16,1048,MCI,TPA
2001-02-21 07:20:00,0,108,ISP,PVD
2001-02-22 11:30:00,2,342,STL,OMA
2001-03-12 09:10:00,12,303,MSY,HOU
2001-03-05 18:20:00,-6,248,DAL,SAT
2001-02-02 12:10:00,-2,325,OAK,BUR
2001-03-16 13:45:00,7,361,ONT,OAK
2001-01-19 17:33:00,23,248,DAL,SAT
2001-02-27 15:11:00,15,197,ONT,LAS
2001-01-01 18:52:00,13,611,MDW,BWI
2001-01-05 10:05:00,-4,197,TPA,FLL
2001-01-02 17:30:00,15,377,MHT,BWI
2001-02-09 16:15:00,76,407,LAS,OAK
2001-03-14 19:50:00,0,1363,MCI,LAX
2001-01-15 08:12:00,5,972,ISP,MCO
2001-01-09 18:27:00,52,256,LAS,PHX
2001-03-12 08:45:00,3,737,STL,BWI
2001-01-22 07:15:00,-4,284,CMH,MDW
2001-03-30 11:35:00,8,471,MSY,BNA
2001-03-01 17:40:00,-8,281,BUF,BWI
2001-03-28 07:25:00,13,1489,OAK,MCI
2001-03-15 18:03:00,35,370,LAX,PHX
2001-02-28 13:05:00,-6,632,MDW,RDU
2001-01-08 18:38:00,60,255,RDU,BWI
2001-03-09 16:25:00,-7,714,ELP,LAX
2001-02-26 20:35:00,-12,296,BUR,SJC
2001-02-07 13:10:00,1,677,ELP,HOU
2001-02-13 17:25:00,10,313,OKC,MCI
2001-02-08 19:25:00,-5,308,LAX,SJC
2001-03-13 06:30:00,-5,303,MSY,HOU
2001-03-19 08:00:00,21,989,MDW,MCO
2001-02-16 21:40:00,74,342,SNA,SJC
2001-01-28 19:55:00,-5,333,SJC,ONT
2001-03-20 13:30:00,3,273,HRL,AUS
2001-03-02 21:20:00,70,605,SMF,SEA
2001-03-26 09:30:00,5,314,CLE,BWI
2001-01-15 14:20:00,3,217,IAH,DAL
2001-01-14 10:10:00,-1,417,SJC,SAN
2001-03-23 20:10:00,5,239,HOU,DAL
2001-02-25 10:05:00,-1,229,IND,STL
2001-02-03 12:50:00,-19,666,JAN,MDW
2001-01-25 07:55:00,-2,192,HOU,SAT
2001-02-01 14:00:00,0,239,DAL,HOU
2001-03-31 06:40:00,-10,507,SLC,PHX
2001-01-31 15:15:00,-4,347,ELP,PHX
2001-03-24 09:25:00,-4,314,CLE,BWI
2001-01-31 07:00:00,3,337,LAX,OAK
2001-02-02 09:45:00,-5,324,DAL,AMA
2001-01-16 18:00:00,8,223,ELP,ABQ
2001-01-06 12:40:00,9,737,BWI,STL
2001-02-08 19:55:00,10,351,STL,TUL
2001-03-14 11:45:00,5,843,PHX,SAT
2001-03-09 12:15:00,0,718,ABQ,MCI
2001-01-29 07:00:00,-5,148,HOU,AUS
2001-01-29 12:35:00,22,321,BHM,MSY
2001-02-26 06:00:00,-5,337,OAK,LAX
2001-03-26 21:15:00,0,187,HOU,CRP
2001-03-26 09:40:00,-1,632,RDU,MDW
2001-02-14 07:00:00,25,423,OMA,MDW
2001-03-01 16:55:00,13,580,DAL,ABQ
2001-03-07 06:25:00,-5,373,SMF,LAX
2001-02-25 21:30:00,57,663,BWI,JAX
2001-03-12 11:00:00,-5,239,DAL,HOU
2001-01-31 19:01:00,30,332,MAF,ABQ
2001-03-22 07:00:00,-7,337,LAX,OAK
2001-02-02 09:25:00,-13,682,BHM,BWI
2001-03-11 12:48:00,33,256,LAS,PHX
2001-01-21 19:31:00,4,293,LBB,DAL
2001-02-27 08:30:00,0,440,STL,DTW
2001-01-06 19:05:00,0,829,TPA,CMH
2001-02-27 20:00:00,17,1234,MCI,PVD
2001-01-07 08:20:00,-18,405,MCI,MDW
2001-02-12 19:00:00,-7,471,MSY,BNA
2001-02-24 07:30:00,35,307,CLE,MDW
2001-03-04 17:27:00,9,248,DAL,SAT
2001-03-19 10:25:00,-5,296,STL,LIT
2001-03-25 19:45:00,10,389,SMF,ONT
2001-03-12 20:28:00,0,325,BUR,OAK
2001-03-31 09:45:00,-7,180,RNO,OAK
2001-02-05 12:05:00,-5,325,BUR,OAK
2001-01-31 16:25:00,0,569,SJC,PDX
2001-03-20 17:35:00,0,407,LAS,OAK
2001-03-11 15:33:00,15,453,HOU,TUL
2001-02-16 11:30:00,13,197,ONT,LAS
2001-01-17 19:10:00,13,487,LAS,ABQ
2001-03-20 17:26:00,10,345,LAS,RNO
2001-03-12 14:05:00,-4,254,SDF,STL
2001-03-18 13:25:00,-3,405,MCI,MDW
2001-03-23 20:40:00,-10,550,MCO,MSY
2001-03-22 12:05:00,0,303,MSY,HOU
2001-01-07 09:42:00,16,308,LAX,SJC
2001-01-26 19:40:00,10,1166,FLL,MDW
2001-02-20 07:00:00,4,325,OAK,BUR
2001-03-28 10:20:00,-3,1069,SAT,LAS
2001-02-22 16:20:00,-8,258,SAN,LAS
2001-03-20 07:10:00,-3,866,SEA,LAS
2001-03-01 09:40:00,-7,307,CLE,MDW
2001-03-29 06:25:00,4,220,ISP,BWI
2001-03-18 19:02:00,68,192,SAT,HOU
2001-01-25 13:20:00,9,756,BNA,AUS
2001-01-17 22:25:00,-4,389,SMF,ONT
2001-03-21 10:05:00,-1,233,HRL,SAT
2001-01-08 20:45:00,-10,386,LAS,SJC
2001-01-31 20:27:00,5,880,STL,MCO
2001-03-19 19:00:00,0,345,RNO,LAS
2001-01-28 17:25:00,-12,2106,BWI,LAS
2001-02-12 19:32:00,11,405,MDW,MCI
2001-03-08 08:40:00,-5,397,LAS,SMF
2001-02-09 13:33:00,8,304,SAN,PHX
2001-01-26 13:40:00,126,236,LAS,LAX
2001-02-14 17:00:00,63,251,MDW,STL
2001-03-21 14:15:00,0,1048,TPA,MCI
2001-01-07 15:23:00,-14,1912,PHX,BUF
2001-01-21 11:40:00,7,296,SJC,BUR
2001-01-29 08:15:00,3,237,TUL,DAL
2001-01-13 09:23:00,29,239,HOU,DAL
2001-03-31 07:45:00,-4,405,MDW,MCI
2001-01-22 10:40:00,-30,1180,ABQ,SEA
2001-01-25 19:30:00,7,337,OAK,LAX
2001-01-06 14:16:00,57,718,MCI,ABQ
2001-01-12 07:35:00,-15,1073,PVD,MCO
2001-01-05 18:15:00,-15,1073,MCO,ALB
2001-01-29 17:10:00,-2,284,MDW,CMH
2001-01-24 21:05:00,23,507,PHX,SLC
2001-03-04 20:45:00,25,308,SJC,LAX
2001-01-23 21:45:00,-2,417,SJC,SAN
2001-02-08 06:40:00,3,601,RNO,PHX
2001-01-05 11:30:00,5,328,PHX,ABQ
2001-03-04 07:30:00,14,237,MCI,STL
2001-02-18 20:05:00,-1,588,BWI,BNA
2001-01-11 18:20:00,10,314,CLE,BWI
2001-03-10 14:45:00,-12,197,LAS,ONT
2001-01-30 14:25:00,-12,507,SLC,PHX
2001-01-18 14:27:00,3,229,DTW,MDW
2001-03-08 12:44:00,76,370,LAX,PHX
2001-01-24 08:20:00,-2,248,SAT,DAL
2001-02-14 15:00:00,8,281,BUF,BWI
2001-01-19 07:25:00,-1,294,MAF,AUS
2001-02-06 12:17:00,22,843,PHX,SAT
2001-03-03 13:15:00,-8,224,GEG,SEA
2001-02-19 08:10:00,-11,389,SMF,ONT
2001-02-06 10:10:00,-2,584,ELP,LAS
2001-02-03 06:40:00,-15,487,CLE,STL
2001-02-18 18:35:00,-4,543,OAK,PDX
2001-01-30 19:20:00,0,358,BUR,SMF
2001-02-14 18:05:00,10,276,HOU,HRL
2001-02-08 19:40:00,14,528,ELP,AUS
2001-02-10 20:45:00,-5,417,SJC,SAN
2001-03-09 20:08:00,23,237,TUL,DAL
2001-03-02 20:50:00,-5,612,BNA,TPA
2001-02-05 10:10:00,-2,1107,PHX,SEA
2001-03-20 19:10:00,0,872,PHX,AUS
2001-01-16 12:38:00,10,239,DAL,HOU
2001-02-12 08:18:00,19,714,LAX,ELP
2001-01-20 18:00:00,0,303,MSY,HOU
2001-01-13 08:00:00,15,251,STL,MDW
2001-02-14 22:20:00,35,369,PHX,BUR
2001-01-08 11:50:00,3,423,OMA,MDW
2001-03-27 07:00:00,-10,296,BUR,SJC
2001-01-01 15:30:00,-15,1521,MDW,LAS
2001-02-15 14:55:00,4,1009,PHX,PDX
2001-01-13 17:30:00,-15,647,SMF,PHX
2001-01-20 19:30:00,15,967,MCI,BWI
2001-02-28 07:40:00,-10,371,SNA,OAK
2001-02-19 14:00:00,-7,803,BNA,ISP
2001-03-25 10:25:00,-8,162,MDW,IND
2001-03-29 06:05:00,-7,258,LAS,SAN
2001-02-27 19:25:00,10,178,FLL,MCO
2001-03-26 07:30:00,-3,223,ELP,ABQ
2001-02-18 09:50:00,-12,1301,PHX,MSY
2001-01-30 11:00:00,-9,337,OAK,LAX
2001-01-03 06:00:00,3,303,MSY,HOU
2001-03-24 12:38:00,33,258,SAN,LAS
2001-01-20 14:10:00,44,178,FLL,MCO
2001-03-16 20:24:00,13,1069,SAT,LAS
2001-03-10 07:00:00,-8,1140,LAS,MCI
2001-03-24 08:45:00,-5,670,BNA,HOU
2001-03-25 16:05:00,3,479,PDX,SMF
2001-02-13 19:25:00,3,276,HOU,HRL
2001-02-12 17:10:00,2,550,MSY,MCO
2001-01-10 08:20:00,-17,1234,PVD,MCI
2001-02-05 13:05:00,14,869,TPA,STL
2001-03-30 09:50:00,9,1501,MSY,LAS
2001-02-02 11:30:00,27,612,TPA,BNA
2001-03-08 20:45:00,107,507,SLC,PHX
2001-01-20 07:05:00,62,588,OAK,SLC
2001-01-01 11:52:00,18,543,PDX,OAK
2001-03-12 08:27:00,4,580,DAL,ABQ
2001-01-13 20:45:00,10,550,MCO,MSY
2001-02-01 19:15:00,-10,682,BHM,BWI
2001-03-06 10:59:00,8,451,TUS,LAX
2001-02-14 08:15:00,5,1020,HOU,PHX
2001-02-03 15:04:00,11,587,TPA,RDU
2001-03-11 09:20:00,-7,687,HOU,STL
2001-01-29 08:00:00,22,251,MDW,STL
2001-02-01 06:30:00,-3,407,OAK,LAS
2001-03-13 20:25:00,17,842,TPA,BWI
2001-02-13 20:40:00,0,307,MDW,CLE
2001-02-12 12:20:00,-5,405,MCI,MDW
2001-03-09 19:11:00,9,471,MSY,BNA
2001-01-23 15:15:00,-7,254,STL,SDF
2001-01-29 08:40:00,2,1236,MHT,MCI
2001-01-12 08:40:00,-8,224,GEG,SEA
2001-01-04 13:45:00,-11,373,LAX,SMF
2001-03-20 19:45:00,-2,288,ALB,BWI
2001-02-12 11:50:00,47,386,LAS,SJC
2001-01-20 07:05:00,-5,386,SJC,LAS
2001-01-17 08:05:00,5,314,BWI,CLE
2001-03-07 12:40:00,-3,484,JAX,BNA
2001-02-28 07:05:00,0,325,BUR,OAK
2001-03-20 09:35:00,0,828,MCO,IND
2001-01-22 12:09:00,-3,258,SAN,LAS
2001-01-13 15:17:00,-8,296,DAL,LIT
2001-03-19 09:10:00,9,181,DAL,OKC
2001-03-05 16:08:00,2,271,MDW,SDF
2001-02-09 06:15:00,-10,446,OAK,SAN
2001-03-14 08:25:00,0,888,BWI,JAN
2001-03-21 09:44:00,5,1489,MCI,SEA
2001-03-19 22:25:00,40,621,SJC,PHX
2001-01-30 21:30:00,-5,447,SAN,SFO
2001-01-23 15:25:00,-11,666,MDW,JAN
2001-01-22 09:45:00,-2,324,DAL,AMA
2001-03-29 10:20:00,9,256,PHX,LAS
2001-03-04 16:54:00,27,180,OAK,RNO
2001-02-14 13:37:00,22,487,MSY,TPA
2001-03-02 22:05:00,3,550,MSY,MCO
2001-02-24 12:40:00,10,342,SJC,SNA
2001-01-07 12:35:00,-1,687,STL,HOU
2001-03-12 11:35:00,-9,671,SEA,OAK
2001-03-30 06:30:00,-9,361,OAK,ONT
2001-01-19 16:06:00,5,237,DAL,TUL
2001-02-04 15:25:00,38,588,BNA,BWI
2001-03-15 16:35:00,26,337,LAX,OAK
2001-03-20 06:40:00,-10,496,SAT,ELP
2001-01-08 11:50:00,-5,220,BWI,ISP
2001-03-18 13:55:00,-1,189,AUS,DAL
2001-02-24 16:50:00,24,304,PHX,SAN
2001-02-15 18:41:00,44,417,SJC,SAN
2001-03-22 16:25:00,-5,630,PDX,SLC
2001-03-29 16:30:00,-3,239,DAL,HOU
2001-02-08 06:35:00,-3,256,PHX,LAS
2001-02-11 07:25:00,-15,281,BUF,BWI
2001-02-17 08:37:00,6,453,HOU,TUL
2001-01-11 07:55:00,0,487,LAS,ABQ
2001-01-09 18:40:00,-8,480,SMF,SAN
2001-02-08 14:20:00,-10,422,RNO,SLC
2001-01-23 09:10:00,-4,347,ELP,PHX
2001-01-19 21:10:00,6,229,IND,STL
2001-02-05 14:00:00,-4,304,PHX,SAN
2001-01-21 14:40:00,24,496,SAT,ELP
2001-02-26 18:54:00,59,386,LAS,SJC
2001-03-16 18:05:00,41,328,BWI,PVD
2001-02-27 17:00:00,-10,495,SDF,BWI
2001-03-01 09:40:00,46,189,DAL,AUS
2001-03-25 11:32:00,2,471,MSY,BNA
2001-03-07 19:27:00,2,181,OKC,DAL
2001-01-27 16:30:00,-1,178,FLL,MCO
2001-02-15 22:03:00,20,313,MCI,OKC
2001-03-05 14:55:00,0,405,MCI,MDW
2001-03-23 14:55:00,-10,758,BNA,PBI
2001-03-19 08:35:00,-3,325,PHX,ONT
2001-02-28 08:05:00,0,284,MDW,CMH
2001-01-22 13:50:00,-3,611,MDW,BWI
2001-03-02 19:05:00,2,687,HOU,STL
2001-03-13 17:25:00,14,543,OAK,PDX
2001-01-31 06:30:00,1,872,AUS,PHX
2001-01-07 07:45:00,-5,451,LAX,TUS
2001-02-06 06:30:00,0,588,BWI,BNA
2001-02-20 14:08:00,-1,254,SDF,STL
2001-03-01 07:30:00,-3,237,MCI,STL
2001-03-13 09:53:00,40,407,OAK,LAS
2001-02-07 09:20:00,0,616,BNA,MCO
2001-03-09 12:20:00,-5,237,TUL,DAL
2001-01-08 16:17:00,17,448,BNA,CLE
2001-01-03 17:45:00,-5,192,SAT,HOU
2001-03-07 18:20:00,12,289,LBB,ABQ
2001-01-23 12:20:00,-5,236,LAX,LAS
2001-01-14 16:15:00,13,328,ABQ,PHX
2001-03-23 07:45:00,-10,296,DAL,LIT
2001-03-11 09:35:00,-1,319,DAL,MAF
2001-03-30 14:10:00,15,314,CLE,BWI
2001-03-22 21:15:00,0,281,BWI,BUF
2001-01-07 08:40:00,-7,180,RNO,OAK
2001-03-17 19:55:00,37,276,HOU,HRL
2001-02-15 10:45:00,-5,395,BNA,MDW
2001-03-02 18:22:00,0,314,CLE,BWI
2001-01-10 06:20:00,-3,491,BNA,MCI
2001-01-04 09:22:00,7,487,MSY,TPA
2001-02-17 20:30:00,-10,1048,MCI,TPA
2001-02-16 19:00:00,20,370,LAX,PHX
2001-01-02 16:32:00,13,308,LAX,SJC
2001-01-11 10:59:00,71,337,LAX,OAK
2001-01-11 06:40:00,2,359,JAN,HOU
2001-01-26 08:50:00,-5,189,DAL,AUS
2001-02-25 14:55:00,5,1034,ISP,TPA
2001-02-11 21:25:00,11,1140,MCI,LAS
2001-02-25 20:30:00,10,407,LAS,OAK
2001-02-01 16:35:00,3,405,MDW,MCI
2001-03-30 14:00:00,13,197,ONT,LAS
2001-03-31 13:45:00,-7,1107,PHX,SEA
2001-03-14 16:15:00,5,479,PDX,SMF
2001-01-24 10:30:00,0,370,LAX,PHX
2001-02-28 11:20:00,0,178,MCO,FLL
2001-01-05 09:45:00,-9,324,DAL,AMA
2001-01-16 20:50:00,-3,287,BOI,GEG
2001-01-30 15:35:00,-6,1363,LAX,MCI
2001-01-17 19:35:00,15,296,SJC,BUR
2001-02-15 17:43:00,-5,872,AUS,PHX
2001-01-05 18:20:00,-7,293,DAL,LBB
2001-03-19 09:45:00,-3,303,HOU,MSY
2001-01-28 20:00:00,-5,337,OAK,LAX
2001-03-29 06:45:00,-5,550,MSY,MCO
2001-02-15 19:49:00,62,345,LAS,RNO
2001-02-26 15:05:00,-3,888,BWI,JAN
2001-03-14 07:15:00,-4,318,JAX,FLL
2001-03-20 16:17:00,0,351,TUL,STL
2001-02-26 20:28:00,10,443,RDU,BNA
2001-03-23 21:40:00,32,842,BWI,TPA
2001-01-03 08:00:00,-15,345,LAS,RNO
2001-02-09 21:04:00,69,342,SNA,SJC
2001-02-28 19:55:00,18,628,ABQ,SAN
2001-02-21 14:48:00,8,304,SAN,PHX
2001-02-16 11:35:00,14,446,SAN,OAK
2001-02-19 19:23:00,62,417,SAN,SJC
2001-02-25 08:55:00,-10,838,MDW,MHT
2001-03-27 08:40:00,-8,254,SDF,STL
2001-01-10 19:48:00,105,417,SJC,SAN
2001-02-25 17:09:00,14,220,BWI,ISP
2001-01-04 15:40:00,0,347,PHX,ELP
2001-03-09 09:05:00,-3,246,MAF,ELP
2001-01-23 08:30:00,7,370,PHX,LAX
2001-01-28 06:55:00,0,1481,PDX,MCI
2001-03-05 06:40:00,-13,487,CLE,STL
2001-01-16 06:45:00,-4,223,LAS,BUR
2001-02-22 13:30:00,3,550,MCO,MSY
2001-02-19 08:00:00,7,197,LAS,ONT
2001-02-01 10:40:00,6,397,SMF,LAS
2001-03-12 16:10:00,5,611,MDW,BWI
2001-03-02 15:05:00,11,938,BNA,MHT
2001-01-18 09:05:00,-5,621,PHX,SJC
2001-03-29 17:40:00,44,628,SAN,ABQ
2001-03-15 07:40:00,-6,248,SAT,DAL
2001-02-11 08:10:00,-7,255,RDU,BWI
2001-03-25 16:20:00,-2,389,SMF,ONT
2001-03-01 09:32:00,31,628,ABQ,SAN
2001-02-16 18:45:00,-8,1481,MCI,PDX
2001-02-20 16:03:00,23,395,MDW,BNA
2001-03-09 10:20:00,-9,580,ABQ,DAL
2001-03-12 21:15:00,0,192,HOU,SAT
2001-02-04 12:05:00,0,487,TPA,MSY
2001-02-05 16:30:00,-5,756,AUS,BNA
2001-01-24 14:40:00,0,682,BWI,BHM
2001-03-31 17:48:00,40,337,OAK,LAX
2001-02-13 11:15:00,4,321,MSY,BHM
2001-03-30 11:08:00,3,347,PHX,ELP
2001-02-13 09:51:00,44,296,DAL,LIT
2001-02-15 14:26:00,23,1037,PHX,OMA
2001-03-19 08:20:00,-30,1363,MCI,LAX
2001-02-01 17:45:00,-9,192,SAT,HOU
2001-01-05 16:36:00,11,248,DAL,SAT
2001-02-20 14:10:00,52,447,SAN,SFO
2001-02-27 08:30:00,-9,255,RDU,BWI
2001-03-09 08:00:00,-7,389,ONT,SMF
2001-03-30 09:08:00,8,370,LAX,PHX
2001-02-11 17:25:00,4,189,AUS,DAL
2001-02-21 21:12:00,16,480,SAN,SMF
2001-01-31 21:13:00,10,1262,PHX,STL
2001-03-12 13:50:00,19,584,LAS,ELP
2001-01-01 11:30:00,0,239,HOU,DAL
2001-03-29 12:18:00,15,373,LAX,SMF
2001-03-03 10:50:00,-7,333,SJC,ONT
2001-03-07 21:00:00,33,303,MSY,HOU
2001-03-24 17:00:00,-15,689,SLC,SEA
2001-03-29 10:21:00,47,1040,MCO,SAT
2001-02-26 19:05:00,0,342,SJC,SNA
2001-02-08 20:30:00,-10,337,OAK,LAX
2001-01-30 13:05:00,-18,588,BNA,BWI
2001-03-15 11:35:00,20,1295,LAS,LIT
2001-01-14 16:30:00,0,248,DAL,SAT
2001-01-01 15:56:00,0,407,OAK,LAS
2001-02-16 19:40:00,5,1814,IND,LAX
2001-01-03 11:35:00,-17,775,LBB,LAS
2001-03-31 11:10:00,-6,223,ABQ,ELP
2001-01-31 12:35:00,-5,189,AUS,DAL
2001-01-11 17:56:00,13,671,SEA,OAK
2001-02-08 08:32:00,8,407,LAS,OAK
2001-01-31 07:10:00,-3,318,FLL,JAX
2001-03-04 10:15:00,-13,389,ONT,SMF
2001-02-22 10:20:00,-8,256,PHX,LAS
2001-02-05 17:05:00,-5,192,SAT,HOU
2001-01-13 07:35:00,0,304,SAN,PHX
2001-01-20 18:20:00,-6,487,LAS,ABQ
2001-03-05 15:20:00,-3,258,SAN,LAS
2001-02-21 08:13:00,44,294,AUS,MAF
2001-03-03 09:13:00,0,520,BOI,LAS
2001-01-11 20:20:00,3,443,RDU,BNA
2001-01-18 10:07:00,-3,369,PHX,BUR
2001-01-28 11:10:00,22,324,AMA,DAL
2001-03-27 11:25:00,14,337,OAK,LAX
2001-01-30 17:15:00,-2,345,LAS,RNO
2001-01-28 17:20:00,12,373,LAX,SMF
2001-02-23 15:18:00,9,361,OAK,ONT
2001-02-19 06:30:00,-10,495,SDF,BWI
2001-02-10 07:15:00,2,842,BWI,TPA
2001-03-08 15:05:00,-1,550,MSY,MCO
2001-03-08 14:15:00,-3,229,DTW,MDW
2001-03-13 18:09:00,-7,370,PHX,LAX
2001-01-02 14:05:00,14,328,PHX,ABQ
2001-03-21 16:20:00,12,197,ONT,LAS
2001-03-24 12:45:00,-1,1137,PVD,TPA
2001-01-12 11:40:00,38,1262,PHX,STL
2001-03-27 12:20:00,12,708,MSY,IND
2001-03-20 07:55:00,8,197,TPA,FLL
2001-03-12 06:30:00,6,239,DAL,HOU
2001-03-17 18:31:00,31,239,DAL,HOU
2001-01-30 21:05:00,-6,389,ONT,SMF
2001-02-13 15:25:00,-12,564,SEA,RNO
2001-02-18 19:55:00,-10,437,DAL,MSY
2001-01-02 21:10:00,7,192,HOU,SAT
2001-02-28 11:00:00,0,296,BUR,SJC
2001-02-05 18:55:00,-5,296,LIT,STL
2001-01-06 13:46:00,5,588,BWI,BNA
2001-03-05 17:50:00,-5,248,SAT,DAL
2001-03-04 19:38:00,42,325,OAK,BUR
2001-01-03 21:35:00,-8,223,LAS,BUR
2001-02-19 17:23:00,10,484,JAX,BNA
2001-03-26 10:00:00,-2,513,MSY,JAX
2001-02-05 18:30:00,0,370,LAX,PHX
2001-03-24 12:15:00,5,938,MHT,BNA
2001-01-13 17:10:00,-8,307,CLE,MDW
2001-01-23 10:05:00,-7,181,OKC,DAL
2001-03-15 16:40:00,42,325,PHX,ONT
2001-01-16 12:25:00,10,737,BWI,STL
2001-01-31 16:06:00,-2,616,MCO,BNA
2001-03-31 10:25:00,-10,255,RDU,BWI
2001-03-01 20:30:00,5,279,PDX,GEG
2001-02-08 08:20:00,2,180,TPA,JAX
2001-02-06 09:00:00,-6,255,BWI,RDU
2001-03-11 17:10:00,5,325,PHX,ONT
2001-03-03 13:35:00,-2,460,TPA,BHM
2001-03-20 15:35:00,9,256,LAS,PHX
2001-03-20 10:20:00,-10,443,RDU,BNA
2001-03-23 07:35:00,-7,325,BUR,OAK
2001-03-03 07:30:00,3,303,MSY,HOU
2001-01-22 07:41:00,5,220,BWI,ISP
2001-01-16 14:15:00,-7,457,BNA,DTW
2001-02-16 11:45:00,-3,1848,MCO,PHX
2001-01-07 09:45:00,-4,520,LAS,BOI
2001-02-09 06:30:00,-6,441,MAF,HOU
2001-01-09 14:25:00,-1,358,SMF,BUR
2001-02-15 14:55:00,16,1034,ISP,TPA
2001-01-20 09:00:00,0,370,PHX,LAX
2001-01-22 15:55:00,-12,590,SLC,LAX
2001-02-10 16:24:00,50,880,MCO,STL
2001-01-12 13:42:00,27,333,SJC,ONT
2001-02-15 20:35:00,-5,1044,PHX,MCI
2001-03-14 20:13:00,21,937,HOU,MDW
2001-02-18 06:30:00,-7,303,MSY,HOU
2001-03-18 07:00:00,-7,361,ONT,OAK
2001-01-28 07:50:00,-10,1363,LAX,MCI
2001-03-07 16:38:00,2,371,SNA,OAK
2001-01-13 17:17:00,20,1671,PHX,DTW
2001-03-20 22:55:00,-5,251,STL,MDW
2001-02-16 10:42:00,4,370,PHX,LAX
2001-03-06 07:50:00,0,351,STL,TUL
2001-03-06 16:28:00,45,507,PHX,SLC
2001-01-24 06:30:00,0,487,TPA,MSY
2001-02-14 08:00:00,-7,304,PHX,SAN
2001-01-30 18:20:00,-3,405,MCI,MDW
2001-02-19 17:20:00,130,446,OAK,SAN
2001-03-21 17:15:00,-7,189,DAL,AUS
2001-01-26 16:48:00,85,236,LAX,LAS
2001-03-06 22:30:00,-7,303,HOU,MSY
2001-03-20 15:54:00,2,621,SJC,PHX
2001-01-21 14:40:00,-9,318,FLL,JAX
2001-01-24 17:30:00,-1,239,HOU,DAL
2001-02-12 16:10:00,-5,174,TPA,PBI
2001-02-28 19:15:00,96,407,OAK,LAS
2001-02-11 19:30:00,-15,1234,MCI,PVD
2001-02-06 06:45:00,-8,319,MAF,DAL
2001-02-10 21:27:00,37,337,LAX,OAK
2001-03-22 12:28:00,2,480,SAN,SMF
2001-01-25 10:20:00,-13,1099,LAS,OMA
2001-02-13 13:20:00,-20,671,SEA,OAK
2001-01-20 08:50:00,8,765,MDW,ISP
2001-03-20 11:15:00,-8,677,HOU,ELP
2001-01-10 21:20:00,-10,1140,MCI,LAS
2001-03-19 13:15:00,-5,328,PVD,BWI
2001-02-07 15:00:00,-4,239,HOU,DAL
2001-03-19 15:48:00,-5,588,BNA,BWI
2001-01-11 11:40:00,6,239,HOU,DAL
2001-03-30 19:10:00,-11,872,PHX,AUS
2001-02-19 16:30:00,2,178,FLL,MCO
2001-03-26 07:49:00,5,181,OKC,DAL
2001-01-05 17:54:00,7,180,RNO,OAK
2001-02-26 06:55:00,-3,423,MDW,OMA
2001-02-17 17:45:00,4,180,RNO,OAK
2001-03-26 16:30:00,0,304,PHX,SAN
2001-02-14 17:24:00,0,670,BNA,HOU
2001-03-24 12:49:00,3,321,BHM,MSY
2001-01-14 15:15:00,-5,236,LAX,LAS
2001-01-09 16:12:00,3,833,PHX,OKC
2001-03-11 14:10:00,-10,276,HRL,HOU
2001-03-17 20:00:00,5,239,DAL,HOU
2001-02-23 07:00:00,20,1506,SDF,PHX
2001-02-11 21:15:00,-8,287,BOI,GEG
2001-02-01 15:20:00,-7,453,HOU,TUL
2001-03-14 19:10:00,-2,663,JAX,BWI
2001-02-23 09:55:00,-2,271,MDW,SDF
2001-02-15 11:35:00,-4,671,SEA,OAK
2001-01-06 08:15:00,-17,1751,SAN,BNA
2001-03-27 11:27:00,16,324,AMA,DAL
2001-03-02 21:55:00,43,325,PHX,ONT
2001-02-27 14:15:00,-8,229,DTW,MDW
2001-02-11 10:14:00,12,397,LAS,SMF
2001-03-08 12:15:00,-1,328,BWI,PVD
2001-02-07 09:35:00,-9,437,DAL,MSY
2001-03-18 14:00:00,-1,239,DAL,HOU
2001-03-28 18:10:00,-15,777,BDL,MDW
2001-03-18 18:38:00,0,181,OKC,DAL
2001-02-24 14:03:00,5,829,CMH,TPA
2001-01-25 18:35:00,32,377,BWI,MHT
2001-03-31 16:00:00,-6,248,SAT,DAL
2001-01-08 09:40:00,1,328,PVD,BWI
2001-02-27 20:37:00,14,304,SAN,PHX
2001-01-24 20:10:00,-6,714,LAX,ELP
2001-02-25 22:37:00,97,1262,PHX,STL
2001-02-19 15:45:00,-5,303,HOU,MSY
2001-02-05 20:13:00,-2,368,LAS,SLC
2001-01-19 14:45:00,13,697,SJC,SEA
2001-01-30 06:57:00,-5,248,SAT,DAL
2001-02-24 20:40:00,-2,303,HOU,MSY
2001-03-18 15:35:00,0,796,MAF,LAS
2001-01-28 16:15:00,-9,480,SMF,SAN
2001-01-17 07:25:00,20,967,BWI,MCI
2001-03-31 11:20:00,14,347,PHX,ELP
2001-01-23 07:00:00,-5,765,ISP,MDW
2001-02-07 16:10:00,-20,564,SEA,RNO
2001-01-19 20:45:00,-1,148,AUS,HOU
2001-01-12 12:00:00,-13,307,CLE,MDW
2001-03-25 13:25:00,4,448,BNA,CLE
2001-02-07 18:30:00,28,1037,OMA,PHX
2001-03-07 16:50:00,25,345,RNO,LAS
2001-02-01 13:35:00,-9,671,OAK,SEA
2001-02-03 09:50:00,-10,197,LAS,ONT
2001-03-16 16:43:00,28,569,SJC,PDX
2001-02-14 09:40:00,5,307,CLE,MDW
2001-02-19 14:30:00,53,236,LAS,LAX
2001-03-07 19:30:00,-11,588,SLC,OAK
2001-03-13 14:08:00,-1,304,PHX,SAN
2001-03-16 11:00:00,12,325,OAK,BUR
2001-01-25 17:00:00,-5,365,BHM,JAX
2001-02-02 07:30:00,-9,370,LAX,PHX
2001-02-09 15:33:00,70,313,MCI,OKC
2001-03-23 15:05:00,3,342,SJC,SNA
2001-02-23 11:23:00,37,325,BUR,OAK
2001-03-26 14:18:00,8,337,OAK,LAX
2001-03-03 08:00:00,-12,787,MCO,BWI
2001-01-25 11:30:00,0,787,MCO,BWI
2001-01-07 09:30:00,-28,671,OAK,SEA
2001-03-05 19:40:00,-5,284,CMH,MDW
2001-03-21 10:00:00,-5,605,SEA,SMF
2001-03-18 13:50:00,2,907,PVD,BNA
2001-01-11 17:15:00,14,319,MAF,DAL
2001-01-23 20:15:00,-3,180,JAX,TPA
2001-03-20 07:59:00,0,276,HOU,HRL
2001-03-18 19:41:00,10,405,MDW,MCI
2001-03-17 08:00:00,-4,1037,PHX,OMA
2001-02-04 13:50:00,2,377,MHT,BWI
2001-01-15 18:30:00,3,570,BHM,MDW
2001-02-03 17:00:00,-2,236,LAX,LAS
2001-01-09 13:20:00,-2,236,LAX,LAS
2001-01-06 16:30:00,-10,189,DAL,AUS
2001-02-19 22:10:00,70,373,SMF,LAX
2001-03-13 17:00:00,-4,480,SMF,SAN
2001-01-30 10:10:00,3,528,AUS,ELP
2001-01-01 13:34:00,31,344,PDX,BOI
2001-02-16 17:35:00,30,236,LAX,LAS
2001-03-07 11:50:00,0,371,SNA,OAK
2001-03-20 17:30:00,0,258,SAN,LAS
2001-02-03 16:00:00,-11,251,MDW,STL
2001-01-28 16:35:00,0,437,DAL,MSY
2001-01-29 15:20:00,12,550,MSY,MCO
2001-01-15 20:45:00,14,677,HOU,ELP
2001-01-18 19:25:00,17,386,SJC,LAS
2001-02-03 07:00:00,-1,223,BUR,LAS
2001-01-08 17:00:00,6,447,SFO,SAN
2001-03-21 18:33:00,18,377,BWI,MHT
2001-02-20 13:45:00,4,1140,MCI,LAS
2001-01-26 17:45:00,-1,321,MSY,BHM
2001-03-21 14:40:00,0,325,OAK,BUR
2001-01-02 07:00:00,-21,765,ISP,MDW
2001-03-25 21:15:00,9,487,STL,CLE
2001-03-24 07:20:00,-5,108,ISP,PVD
2001-01-20 10:55:00,-5,288,BWI,ALB
2001-01-10 17:45:00,-1,197,FLL,TPA
2001-03-19 20:20:00,-5,283,BWI,BDL
2001-03-26 17:15:00,-2,484,JAX,BNA
2001-01-27 07:30:00,5,787,BWI,MCO
2001-01-14 14:00:00,-25,1999,PHX,BWI
2001-03-21 19:05:00,-10,1140,LAS,MCI
2001-03-05 08:04:00,7,370,PHX,LAX
2001-02-23 11:20:00,-2,630,PDX,SLC
2001-02-06 18:24:00,14,271,MDW,SDF
2001-02-07 17:50:00,12,271,SDF,MDW
2001-03-01 21:00:00,5,417,SAN,SJC
2001-03-02 20:15:00,43,758,LAS,AMA
2001-01-08 19:50:00,-6,935,TUL,PHX
2001-03-06 08:09:00,7,1162,RDU,AUS
2001-03-16 11:13:00,11,1342,BWI,AUS
2001-03-12 21:14:00,-5,677,ELP,HOU
2001-01-11 19:45:00,-3,276,HRL,HOU
2001-02-10 12:30:00,27,2237,ALB,LAS
2001-02-09 20:14:00,66,687,HOU,STL
2001-01-15 18:05:00,9,440,STL,DTW
2001-03-28 06:55:00,4,187,CRP,HOU
2001-03-28 16:10:00,-10,397,LAS,SMF
2001-03-27 13:15:00,-13,308,LAX,SJC
2001-01-17 14:45:00,2,389,ONT,SMF
2001-02-25 16:42:00,32,1093,FLL,ISP
2001-01-04 08:25:00,-5,367,SAN,TUS
2001-03-28 21:25:00,-6,197,FLL,TPA
2001-01-03 20:34:00,0,938,BNA,MHT
2001-01-09 12:40:00,-10,590,LAX,SLC
2001-03-11 11:35:00,-7,410,CMH,STL
2001-03-29 18:20:00,16,440,STL,DTW
2001-03-11 14:22:00,-8,1342,AUS,BWI
2001-02-09 21:10:00,17,303,HOU,MSY
2001-03-04 07:05:00,-20,616,MCO,BNA
2001-03-13 17:07:00,24,714,ELP,LAX
2001-02-01 20:50:00,22,756,BNA,AUS
2001-01-16 16:59:00,10,197,LAS,ONT
2001-02-18 11:15:00,-5,444,PDX,RNO
2001-03-16 15:45:00,3,446,SAN,OAK
2001-03-23 17:45:00,0,255,RDU,BWI
2001-02-13 07:00:00,-10,928,TPA,AUS
2001-02-09 11:55:00,-6,972,MCO,ISP
2001-02-03 13:50:00,-11,562,DAL,ELP
2001-03-06 10:30:00,5,361,ONT,OAK
2001-02-04 17:25:00,3,325,BUR,OAK
2001-02-26 18:20:00,71,345,RNO,LAS
2001-01-26 18:02:00,14,361,ONT,OAK
2001-01-25 07:20:00,-4,373,LAX,SMF
2001-01-17 13:05:00,44,345,RNO,LAS
2001-01-23 21:05:00,2,197,TPA,FLL
2001-03-12 09:15:00,-8,829,CMH,TPA
2001-03-08 20:02:00,35,386,SJC,LAS
2001-02-16 21:30:00,10,370,PHX,LAX
2001-01-09 13:20:00,-2,344,PDX,BOI
2001-03-07 08:10:00,-5,389,SMF,ONT
2001-01-14 20:25:00,20,308,SJC,LAX
2001-02-27 07:30:00,-7,337,LAX,OAK
2001-03-06 07:00:00,-10,345,LAS,RNO
2001-03-11 15:30:00,28,319,MAF,DAL
2001-02-12 11:05:00,-10,925,BWI,FLL
2001-03-22 16:35:00,19,1140,LAS,MCI
2001-01-16 21:55:00,1,670,BNA,HOU
2001-02-01 14:10:00,-3,496,SAT,ELP
2001-02-22 09:05:00,-3,687,STL,HOU
2001-03-01 17:54:00,10,223,ABQ,ELP
2001-03-28 20:00:00,32,236,LAS,LAX
2001-03-29 18:55:00,7,480,SAN,SMF
2001-02-23 12:14:00,12,188,RNO,SJC
2001-01-22 17:35:00,-5,880,STL,MCO
2001-01-30 09:20:00,7,758,PBI,BNA
2001-01-23 14:00:00,1,308,LAX,SJC
2001-03-08 14:55:00,4,417,SAN,SJC
2001-03-06 13:30:00,-15,337,LAX,OAK
2001-01-23 07:10:00,-5,271,SDF,MDW
2001-03-20 18:15:00,2,181,DAL,OKC
2001-02-15 13:32:00,3,480,SMF,SAN
2001-02-08 13:18:00,0,737,STL,BWI
2001-01-11 08:00:00,-4,237,STL,MCI
2001-03-21 08:15:00,-3,324,DAL,AMA
2001-03-29 13:00:00,-9,256,PHX,LAS
2001-03-02 21:15:00,4,296,DAL,LIT
2001-01-26 21:22:00,53,325,BUR,OAK
2001-01-26 19:44:00,-6,1444,PHX,MDW
2001-02-22 17:25:00,10,248,SAT,DAL
2001-03-23 18:44:00,0,256,PHX,LAS
2001-01-01 11:15:00,30,787,BWI,MCO
2001-02-14 17:50:00,-10,417,SJC,SAN
2001-01-24 14:40:00,93,223,LAS,BUR
2001-01-30 12:14:00,47,303,HOU,MSY
2001-01-01 14:06:00,18,358,BUR,SMF
2001-02-18 18:00:00,0,271,MDW,SDF
2001-01-14 15:47:00,63,1009,PHX,PDX
2001-03-23 15:26:00,14,407,LAS,OAK
2001-01-25 08:30:00,10,417,SJC,SAN
2001-03-19 09:00:00,-6,246,MAF,ELP
2001-03-12 12:20:00,0,361,OAK,ONT
2001-02-26 07:25:00,0,368,LAS,SLC
2001-02-08 18:30:00,48,838,MHT,MDW
2001-01-22 11:15:00,-16,666,MDW,JAN
2001-01-03 18:14:00,4,646,PHX,OAK
2001-03-01 10:55:00,-16,687,HOU,STL
2001-01-13 07:00:00,8,1506,SDF,PHX
2001-02-19 14:05:00,8,248,SAT,DAL
2001-01-16 19:10:00,-1,236,LAS,LAX
2001-03-14 16:30:00,0,284,CMH,MDW
2001-01-02 16:05:00,-22,765,ISP,MDW
2001-03-21 07:40:00,-10,371,SNA,OAK
2001-02-02 15:24:00,21,938,BNA,MHT
2001-01-31 06:30:00,14,670,BNA,HOU
2001-02-01 15:40:00,0,237,TUL,DAL
2001-03-19 07:20:00,-7,632,RDU,MDW
2001-02-02 13:25:00,22,440,STL,DTW
2001-03-11 20:43:00,38,324,AMA,DAL
2001-03-05 17:55:00,5,304,PHX,SAN
2001-02-05 18:25:00,-21,1591,LAS,IND
2001-03-31 12:10:00,-14,833,OKC,PHX
2001-01-29 19:25:00,103,934,STL,ABQ
2001-01-29 11:15:00,-12,444,PDX,RNO
2001-01-04 19:58:00,16,108,ISP,PVD
2001-02-19 18:03:00,76,417,SAN,SJC
2001-03-13 22:35:00,10,368,LAS,SLC
2001-03-11 21:24:00,10,446,SAN,OAK
2001-01-14 15:00:00,-2,239,HOU,DAL
2001-03-25 18:30:00,-8,293,LBB,DAL
2001-01-03 22:10:00,5,254,SDF,STL
2001-02-05 10:20:00,-4,580,DAL,ABQ
2001-01-27 09:15:00,0,395,BNA,MDW
2001-03-06 11:10:00,-2,358,BUR,SMF
2001-01-30 11:45:00,-1,407,OAK,LAS
2001-02-01 07:20:00,2,451,LAX,TUS
2001-03-04 13:44:00,17,1137,TPA,PVD
2001-02-20 16:15:00,44,446,SAN,OAK
2001-01-20 13:45:00,16,368,LAS,SLC
2001-01-18 06:30:00,-2,487,TPA,MSY
2001-02-23 21:15:00,-2,287,BOI,GEG
2001-01-09 21:00:00,-5,108,PVD,ISP
2001-02-03 16:05:00,2,256,PHX,LAS
2001-03-25 12:20:00,10,478,MCO,BHM
2001-02-15 08:55:00,0,390,RNO,LAX
2001-01-03 09:02:00,7,233,SAT,HRL
2001-01-24 12:02:00,0,224,SEA,GEG
2001-02-27 19:02:00,26,256,PHX,LAS
2001-03-04 19:59:00,32,325,ONT,PHX
2001-01-11 12:44:00,30,390,LAX,RNO
2001-03-23 07:55:00,-2,997,MDW,TPA
2001-03-22 20:35:00,5,611,MDW,BWI
2001-03-20 10:45:00,15,588,BNA,BWI
2001-01-10 12:00:00,2,239,DAL,HOU
2001-03-20 09:40:00,8,236,LAX,LAS
2001-03-26 09:00:00,0,246,MAF,ELP
2001-01-26 17:09:00,23,550,MCO,MSY
2001-02-19 15:25:00,53,328,ABQ,PHX
2001-03-12 17:35:00,0,271,SDF,MDW
2001-01-29 23:30:00,77,528,AUS,ELP
2001-01-16 14:28:00,40,276,HOU,HRL
2001-01-02 19:24:00,12,487,ABQ,LAS
2001-02-13 08:10:00,0,256,LAS,PHX
2001-03-18 16:18:00,16,580,ABQ,DAL
2001-03-14 21:45:00,92,258,LAS,SAN
2001-02-08 18:50:00,10,258,SAN,LAS
2001-03-30 12:58:00,22,828,IND,MCO
2001-03-16 14:14:00,-5,1180,SEA,ABQ
2001-03-04 08:45:00,-6,293,DAL,LBB
2001-03-15 16:15:00,-20,1987,LAS,BUF
2001-02-13 13:35:00,-6,187,CRP,HOU
2001-01-07 15:35:00,5,993,MCO,AUS
2001-01-02 13:14:00,30,304,PHX,SAN
2001-02-13 18:55:00,14,296,LIT,STL
2001-03-31 09:00:00,2,370,PHX,LAX
2001-03-30 18:45:00,-8,480,SAN,SMF
2001-01-09 17:07:00,-3,236,LAS,LAX
2001-02-06 22:10:00,-5,283,BWI,BDL
2001-02-27 14:30:00,5,328,PHX,ABQ
2001-01-27 13:30:00,-4,371,OAK,SNA
2001-02-09 07:35:00,-3,271,MDW,SDF
2001-02-06 18:25:00,-7,395,MDW,BNA
2001-01-10 09:25:00,0,588,BNA,BWI
2001-01-29 15:15:00,-5,236,LAX,LAS
2001-03-23 09:15:00,0,347,ELP,PHX
2001-01-04 12:17:00,4,1069,LAS,SAT
2001-01-12 13:30:00,2,324,AMA,DAL
2001-03-19 12:35:00,-8,611,BWI,MDW
2001-02-13 19:10:00,-5,803,ISP,BNA
2001-03-07 14:35:00,-27,1864,SLC,BWI
2001-03-29 10:15:00,4,386,SJC,LAS
2001-01-18 19:20:00,1,1262,STL,PHX
2001-02-25 15:45:00,-5,687,STL,HOU
2001-01-09 14:35:00,-3,1073,MCO,PVD
2001-03-20 16:00:00,-9,289,ABQ,LBB
2001-01-23 09:30:00,-10,223,LAS,BUR
2001-01-02 08:45:00,-12,217,DAL,IAH
2001-02-07 14:20:00,-3,251,MDW,STL
2001-03-26 06:00:00,-3,236,LAS,LAX
2001-01-17 07:15:00,-14,546,GEG,SLC
2001-03-31 13:05:00,28,236,LAS,LAX
2001-02-11 15:06:00,14,938,BNA,MHT
2001-01-21 10:05:00,-16,677,ABQ,LAX
2001-01-18 16:58:00,10,395,MDW,BNA
2001-03-27 07:30:00,3,673,FLL,MSY
2001-03-06 09:00:00,6,370,PHX,LAX
2001-03-20 17:35:00,-10,295,LBB,ELP
2001-02-02 07:00:00,0,303,MSY,HOU
2001-03-31 13:49:00,29,345,LAS,RNO
2001-03-12 13:55:00,29,737,STL,BWI
2001-03-10 11:10:00,-2,251,MDW,STL
2001-02-14 09:32:00,67,687,STL,HOU
2001-03-09 08:30:00,-7,802,MCO,CMH
2001-03-21 11:05:00,-2,451,LAX,TUS
2001-01-24 08:45:00,-2,737,STL,BWI
2001-01-23 08:14:00,5,284,MDW,CMH
2001-01-14 07:00:00,-17,337,OAK,LAX
2001-03-06 20:30:00,0,284,MDW,CMH
2001-02-26 14:30:00,-3,447,SFO,SAN
2001-02-08 07:55:00,-10,283,BWI,BDL
2001-03-29 10:45:00,-5,181,DAL,OKC
2001-03-02 17:55:00,-15,1136,LIT,PHX
2001-03-20 20:15:00,0,344,PDX,BOI
2001-02-10 17:40:00,10,308,LAX,SJC
2001-02-07 20:20:00,-4,880,STL,MCO
2001-03-01 13:00:00,26,370,LAX,PHX
2001-02-23 17:50:00,14,321,MSY,BHM
2001-03-30 12:30:00,6,256,LAS,PHX
2001-02-16 07:00:00,-12,361,ONT,OAK
2001-01-16 07:35:00,-7,251,MDW,STL
2001-01-15 21:05:00,-5,361,OAK,ONT
2001-02-11 15:25:00,52,369,PHX,BUR
2001-01-15 07:45:00,5,487,TPA,MSY
2001-01-03 23:44:00,39,251,STL,MDW
2001-02-24 08:20:00,-12,872,PHX,AUS
2001-01-19 11:15:00,22,448,CLE,BNA
2001-02-17 19:00:00,15,1069,LAS,SAT
2001-03-24 11:10:00,4,321,MSY,BHM
2001-01-31 12:35:00,-3,323,BHM,SDF
2001-03-21 13:27:00,8,237,MCI,STL
2001-02-13 06:20:00,11,389,SMF,ONT
2001-03-29 18:36:00,33,1591,LAS,IND
2001-01-25 07:05:00,6,365,JAX,BHM
2001-01-06 19:50:00,-3,437,MSY,DAL
2001-03-28 20:35:00,0,646,OAK,PHX
2001-02-16 16:57:00,2,223,LAS,BUR
2001-02-23 09:43:00,15,371,SNA,OAK
2001-03-09 21:00:00,30,220,BWI,ISP
2001-01-26 08:10:00,3,587,MCO,JAN
2001-02-09 20:00:00,67,308,SJC,LAX
2001-02-22 08:00:00,-7,345,LAS,RNO
2001-03-01 07:00:00,0,407,OAK,LAS
2001-02-06 09:05:00,4,254,STL,SDF
2001-03-10 16:00:00,43,365,LAS,TUS
2001-03-27 15:15:00,0,605,SEA,SMF
2001-02-01 09:45:00,-5,148,AUS,HOU
2001-03-26 20:00:00,-5,239,HOU,DAL
2001-03-02 12:10:00,3,833,OKC,PHX
2001-03-25 17:55:00,-3,328,BWI,PVD
2001-03-04 22:15:00,13,361,ONT,OAK
2001-02-19 09:36:00,18,371,OAK,SNA
2001-02-19 10:00:00,-4,1670,BWI,ABQ
2001-02-09 10:50:00,17,1588,BNA,LAS
2001-03-11 17:59:00,8,328,BWI,PVD
2001-01-02 15:55:00,57,605,SEA,SMF
2001-02-23 12:50:00,12,1977,SEA,BNA
2001-01-28 21:40:00,-13,651,PHX,SFO
2001-03-08 06:30:00,4,224,GEG,SEA
2001-02-02 23:05:00,-4,256,LAS,PHX
2001-02-02 21:14:00,14,248,SAT,DAL
2001-03-23 21:55:00,48,337,OAK,LAX
2001-02-27 11:50:00,-9,1156,SLC,STL
2001-02-21 16:50:00,-7,377,BWI,MHT
2001-03-15 08:20:00,-2,248,DAL,SAT
2001-02-20 12:50:00,-10,762,LAS,PDX
2001-01-05 09:10:00,-3,304,SAN,PHX
2001-03-15 13:35:00,4,319,DAL,MAF
2001-03-16 21:08:00,45,307,CLE,MDW
2001-03-07 13:15:00,-7,453,TUL,HOU
2001-03-12 20:10:00,5,361,OAK,ONT
2001-03-16 09:45:00,7,180,RNO,OAK
2001-03-19 17:10:00,-2,737,BWI,STL
2001-01-15 16:10:00,-4,446,OAK,SAN
2001-02-17 19:08:00,12,281,BWI,BUF
2001-03-09 14:40:00,60,337,LAX,OAK
2001-02-11 15:28:00,17,447,SAN,SFO
2001-01-25 08:00:00,-15,251,MDW,STL
2001-01-31 09:59:00,3,714,ELP,LAX
2001-03-18 14:32:00,45,460,TPA,BHM
2001-01-22 16:13:00,5,833,PHX,OKC
2001-01-15 09:55:00,-7,271,MDW,SDF
2001-03-07 06:30:00,-10,682,BWI,BHM
2001-01-29 10:12:00,1,233,HRL,SAT
2001-03-19 17:29:00,13,520,LAS,BOI
2001-02-05 08:30:00,-7,236,LAS,LAX
2001-03-21 13:20:00,3,389,SMF,ONT
2001-02-14 10:40:00,-9,188,SJC,RNO
2001-02-20 12:10:00,-20,670,BNA,HOU
2001-01-23 10:20:00,-4,1552,ABQ,MCO
2001-01-10 10:55:00,27,296,BUR,SJC
2001-03-12 06:20:00,-7,283,BDL,BWI
2001-02-04 09:20:00,-9,543,OAK,PDX
2001-02-11 16:20:00,-1,487,TPA,MSY
2001-01-10 12:15:00,40,417,SAN,SJC
2001-02-21 15:15:00,6,187,HOU,CRP
2001-01-16 06:50:00,2,333,SJC,ONT
2001-01-07 22:22:00,7,236,LAS,LAX
2001-02-22 00:57:00,155,283,BWI,BDL
2001-02-09 13:23:00,14,328,ABQ,PHX
2001-03-19 12:05:00,-5,325,BUR,OAK
2001-02-12 13:48:00,5,303,HOU,MSY
2001-02-12 18:50:00,0,142,PBI,MCO
2001-02-28 13:45:00,7,276,HOU,HRL
2001-03-16 10:24:00,62,687,HOU,STL
2001-01-10 14:30:00,-5,328,PHX,ABQ
2001-01-19 05:35:00,-7,236,LAS,LAX
2001-03-09 07:15:00,0,386,SJC,LAS
2001-02-10 12:50:00,-7,1164,SAN,AUS
2001-01-25 09:10:00,-2,616,BNA,MCO
2001-01-12 09:10:00,31,1751,BNA,SAN
2001-03-27 08:35:00,-2,279,PDX,GEG
2001-02-24 15:34:00,17,187,HOU,CRP
2001-01-24 08:19:00,8,325,BUR,OAK
2001-02-15 13:25:00,-9,677,ABQ,LAX
2001-03-09 21:35:00,48,386,LAS,SJC
2001-01-28 17:00:00,-7,239,HOU,DAL
2001-01-27 13:10:00,-15,967,MCI,BWI
2001-02-18 21:17:00,43,188,RNO,SJC
2001-02-24 17:25:00,-4,570,HOU,BHM
2001-02-23 19:24:00,30,480,SMF,SAN
2001-01-13 14:45:00,0,239,HOU,DAL
2001-01-18 08:14:00,58,237,MCI,STL
2001-03-15 13:30:00,-5,279,GEG,PDX
2001-03-07 20:01:00,46,682,BHM,BWI
2001-02-14 07:30:00,-3,223,ELP,ABQ
2001-03-21 08:25:00,-5,333,ONT,SJC
2001-03-30 14:41:00,-4,325,BUR,OAK
2001-03-27 19:10:00,8,308,SJC,LAX
2001-01-16 14:25:00,66,677,ABQ,LAX
2001-02-07 12:10:00,0,237,STL,MCI
2001-03-14 15:35:00,-3,162,IND,MDW
2001-03-09 13:30:00,4,258,SAN,LAS
2001-03-02 08:45:00,0,323,SDF,BHM
2001-01-23 17:25:00,5,423,OMA,MDW
2001-01-11 12:30:00,-2,239,HOU,DAL
2001-03-14 16:48:00,21,437,DAL,MSY
2001-01-21 21:35:00,-15,284,CMH,MDW
2001-03-30 10:50:00,22,883,BWI,PBI
2001-01-17 19:55:00,0,325,OAK,BUR
2001-02-23 22:07:00,20,395,BNA,MDW
2001-02-01 17:25:00,-3,446,SAN,OAK
2001-03-21 08:00:00,-5,251,STL,MDW
2001-03-15 13:37:00,20,405,MCI,MDW
2001-02-09 16:17:00,48,251,MDW,STL
2001-03-14 06:55:00,5,1864,BWI,SLC
2001-01-16 08:00:00,-2,251,MDW,STL
2001-03-28 10:33:00,9,359,JAN,HOU
2001-02-20 14:29:00,-3,1489,PHX,IND
2001-02-08 15:25:00,-7,308,SJC,LAX
2001-03-25 16:52:00,39,308,SJC,LAX
2001-01-28 08:20:00,49,1044,MCI,PHX
2001-03-13 09:30:00,-8,271,SDF,MDW
2001-02-14 06:05:00,-8,569,PDX,SJC
2001-03-02 09:38:00,9,1137,PVD,TPA
2001-03-24 14:25:00,9,258,LAS,SAN
2001-01-28 10:10:00,4,178,FLL,MCO
2001-03-08 10:05:00,20,307,CLE,MDW
2001-01-13 09:00:00,5,337,OAK,LAX
2001-01-18 19:45:00,-5,1444,PHX,MDW
2001-02-27 14:55:00,-7,758,BNA,PBI
2001-03-11 09:05:00,7,937,MDW,HOU
2001-03-27 15:50:00,3,621,SJC,PHX
2001-02-27 12:15:00,-5,478,MCO,BHM
2001-01-17 09:30:00,0,515,BWI,IND
2001-02-07 09:35:00,-5,647,SMF,PHX
2001-03-19 07:35:00,-10,181,OKC,DAL
2001-02-25 13:45:00,20,758,PBI,BNA
2001-01-04 17:35:00,-7,319,DAL,MAF
2001-03-02 19:35:00,10,487,ABQ,LAS
2001-02-18 19:10:00,2,323,BHM,SDF
2001-03-02 16:30:00,-8,337,OAK,LAX
2001-02-24 20:30:00,-13,938,BNA,MHT
2001-02-05 18:15:00,-4,192,HOU,SAT
2001-01-18 13:20:00,-8,180,RNO,OAK
2001-03-04 09:40:00,-10,462,OKC,STL
2001-02-16 12:49:00,54,697,SEA,SJC
2001-02-23 18:25:00,28,237,DAL,TUL
2001-02-21 16:00:00,5,303,MSY,HOU
2001-01-11 15:49:00,20,405,MCI,MDW
2001-01-28 13:25:00,7,237,MCI,STL
2001-01-21 18:30:00,-8,237,DAL,TUL
2001-03-17 10:15:00,0,187,HOU,CRP
2001-02-10 12:40:00,-4,843,SAT,PHX
2001-03-06 18:25:00,46,605,SMF,SEA
2001-01-15 08:20:00,-10,646,OAK,PHX
2001-03-10 19:35:00,1,318,JAX,FLL
2001-01-13 09:25:00,-18,1977,BNA,SEA
2001-03-31 08:22:00,12,677,LAX,ABQ
2001-03-13 19:35:00,5,248,DAL,SAT
2001-02-19 19:35:00,35,189,AUS,DAL
2001-01-06 14:20:00,10,277,AMA,ABQ
2001-02-19 19:04:00,60,337,LAX,OAK
2001-03-21 16:00:00,10,590,LAX,SLC
2001-02-22 13:25:00,0,335,BOI,RNO
2001-01-10 15:45:00,-11,588,BNA,BWI
2001-03-02 13:50:00,6,373,SMF,LAX
2001-01-23 20:00:00,-3,446,SAN,OAK
2001-01-04 15:35:00,23,251,MDW,STL
2001-01-29 15:24:00,86,462,STL,OKC
2001-02-12 18:15:00,-8,229,DTW,MDW
2001-02-01 18:40:00,-20,888,JAN,BWI
2001-01-09 08:00:00,0,251,STL,MDW
2001-01-04 05:30:00,7,370,LAX,PHX
2001-03-20 16:10:00,-21,989,MCO,MDW
2001-01-09 13:15:00,23,337,LAX,OAK
2001-01-25 18:55:00,-2,1156,STL,SLC
2001-03-18 10:05:00,-10,181,OKC,DAL
2001-02-10 12:20:00,20,417,SAN,SJC
2001-03-06 14:55:00,2,197,LAS,ONT
2001-01-09 18:17:00,0,314,CLE,BWI
2001-03-11 21:58:00,22,325,BUR,OAK
2001-02-26 22:16:00,43,487,LAS,ABQ
2001-01-31 18:45:00,4,217,DAL,IAH
2001-03-05 14:55:00,-5,313,MCI,OKC
2001-02-05 11:20:00,1,528,ELP,AUS
2001-01-12 19:14:00,10,471,MSY,BNA
2001-01-19 14:04:00,-8,1140,MCI,LAS
2001-02-05 11:30:00,12,440,STL,DTW
2001-01-25 21:25:00,39,333,ONT,SJC
2001-03-03 15:50:00,-10,271,MDW,SDF
2001-01-18 17:05:00,-18,1156,SLC,STL
2001-02-19 11:00:00,10,1912,BUF,PHX
2001-03-14 17:18:00,17,677,ELP,HOU
2001-01-22 07:58:00,7,276,HOU,HRL
2001-01-10 17:40:00,75,325,OAK,BUR
2001-02-22 09:55:00,-7,446,SAN,OAK
2001-01-03 10:08:00,2,687,HOU,STL
2001-03-16 17:23:00,16,443,BNA,RDU
2001-02-12 08:20:00,-4,1044,MCI,PHX
2001-01-02 13:30:00,-12,1107,SEA,PHX
2001-01-03 07:20:00,-10,756,AUS,BNA
2001-03-04 08:25:00,-14,1044,PHX,MCI
2001-03-14 12:05:00,25,417,SJC,SAN
2001-03-01 12:20:00,0,174,PBI,TPA
2001-02-04 13:50:00,10,229,MDW,DTW
2001-01-03 07:00:00,5,307,CLE,MDW
2001-03-23 06:55:00,29,967,MCI,BWI
2001-01-06 08:00:00,-3,389,ONT,SMF
2001-01-11 22:19:00,13,308,SJC,LAX
2001-03-02 19:04:00,0,303,HOU,MSY
2001-02-18 21:45:00,-5,276,HOU,HRL
2001-03-20 11:45:00,-12,371,SNA,OAK
2001-01-28 12:39:00,4,189,AUS,DAL
2001-03-30 06:30:00,-13,407,OAK,LAS
2001-03-10 18:46:00,22,369,PHX,BUR
2001-03-17 09:30:00,5,283,BDL,BWI
2001-03-17 10:55:00,-1,256,PHX,LAS
2001-01-14 13:20:00,3,484,BNA,JAX
2001-01-22 20:50:00,-5,345,RNO,LAS
2001-01-02 13:09:00,54,407,LAS,OAK
2001-02-01 12:53:00,31,258,LAS,SAN
2001-03-29 14:00:00,10,332,ABQ,MAF
2001-01-13 11:33:00,18,528,ELP,AUS
2001-02-11 16:30:00,2,361,ONT,OAK
2001-02-16 10:30:00,-12,997,TPA,MDW
2001-02-16 14:26:00,19,444,RNO,PDX
2001-02-02 17:48:00,33,325,BUR,OAK
2001-03-26 10:45:00,-7,287,BOI,GEG
2001-02-13 22:30:00,65,833,PHX,OKC
2001-01-19 17:45:00,32,162,IND,MDW
2001-03-04 12:05:00,-2,307,CLE,MDW
2001-03-30 18:05:00,-3,197,LAS,ONT
2001-03-31 08:30:00,-2,1234,PVD,MCI
2001-03-04 07:05:00,-13,677,LAX,ABQ
2001-01-25 13:25:00,-2,345,LAS,RNO
2001-01-13 14:38:00,44,1037,PHX,OMA
2001-03-16 19:19:00,35,670,HOU,BNA
2001-01-07 14:32:00,0,1050,MCO,BDL
2001-03-20 16:25:00,2,296,DAL,LIT
2001-02-03 10:55:00,-9,248,DAL,SAT
2001-01-31 07:00:00,7,1506,SDF,PHX
2001-02-03 20:40:00,-15,1142,MCO,MHT
2001-03-14 14:00:00,-3,869,STL,TPA
2001-03-07 08:55:00,5,480,SMF,SAN
2001-01-04 07:00:00,-5,328,ABQ,PHX
2001-03-30 19:15:00,0,178,FLL,MCO
2001-01-14 14:45:00,4,276,HOU,HRL
2001-02-13 08:00:00,-2,337,OAK,LAX
2001-01-24 17:05:00,5,325,OAK,BUR
2001-03-25 19:35:00,-3,248,DAL,SAT
2001-02-17 10:07:00,50,197,FLL,TPA
2001-02-09 19:02:00,49,843,SAT,PHX
2001-01-04 08:15:00,4,189,AUS,DAL
2001-01-05 14:14:00,-7,1166,MDW,FLL
2001-03-31 19:15:00,-7,251,MDW,STL
2001-01-02 09:41:00,14,1140,LAS,MCI
2001-02-25 08:25:00,-7,646,OAK,PHX
2001-02-24 12:58:00,37,189,DAL,AUS
2001-01-11 08:30:00,-2,256,LAS,PHX
2001-01-24 08:20:00,0,335,RNO,BOI
2001-01-30 14:35:00,25,1448,BNA,PHX
2001-02-15 20:20:00,107,1506,PHX,SDF
2001-02-05 21:10:00,4,369,BUR,PHX
2001-01-31 19:40:00,-4,647,PHX,SMF
2001-01-19 21:08:00,12,480,SAN,SMF
2001-01-26 08:05:00,-5,314,BWI,CLE
2001-02-17 12:00:00,0,239,HOU,DAL
2001-01-21 12:30:00,-5,251,MDW,STL
2001-01-12 19:15:00,123,570,HOU,BHM
2001-02-12 09:10:00,8,361,ONT,OAK
2001-01-27 13:22:00,0,181,DAL,OKC
2001-03-14 20:50:00,0,328,PHX,ABQ
2001-03-13 11:00:00,7,351,TUL,STL
2001-02-16 06:45:00,-6,612,TPA,BNA
2001-02-03 09:25:00,-4,224,SEA,GEG
2001-03-29 16:45:00,10,937,MDW,HOU
2001-03-04 20:55:00,29,1048,MCI,TPA
2001-02-19 16:38:00,56,590,SLC,LAX
2001-02-15 09:00:00,-2,181,DAL,OKC
2001-03-23 17:28:00,55,180,OAK,RNO
2001-03-27 07:55:00,1,487,LAS,ABQ
2001-01-09 21:30:00,0,370,PHX,LAX
2001-03-15 16:22:00,-5,564,SEA,RNO
2001-03-27 16:50:00,-1,256,PHX,LAS
2001-03-11 12:05:00,30,319,MAF,DAL
2001-03-09 23:56:00,175,399,SEA,BOI
2001-02-06 09:20:00,-1,687,HOU,STL
2001-01-08 17:10:00,-3,237,TUL,DAL
2001-03-14 10:10:00,20,397,LAS,SMF
2001-03-25 17:40:00,-7,1521,LAS,MDW
2001-02-17 08:40:00,8,446,SAN,OAK
2001-02-11 11:00:00,-20,796,LAS,MAF
2001-02-05 13:00:00,-3,276,HRL,HOU
2001-03-18 10:44:00,0,446,OAK,SAN
2001-03-23 08:50:00,0,484,BNA,JAX
2001-03-20 06:30:00,-15,562,DAL,ELP
2001-03-08 17:02:00,14,197,FLL,TPA
2001-02-28 07:30:00,-6,410,BHM,STL
2001-03-29 08:45:00,-1,588,OAK,SLC
2001-02-14 10:25:00,-21,1044,PHX,MCI
2001-02-19 20:14:00,21,697,SJC,SEA
2001-03-27 10:40:00,-7,328,ABQ,PHX
2001-02-10 18:05:00,-9,688,IND,JAX
2001-02-15 12:15:00,-4,180,OAK,RNO
2001-01-25 21:00:00,0,677,ABQ,LAX
2001-01-03 16:11:00,63,407,LAS,OAK
2001-03-30 18:45:00,14,181,OKC,DAL
2001-02-13 15:15:00,35,325,OAK,BUR
2001-03-22 13:45:00,-7,462,OKC,STL
2001-02-24 08:15:00,-28,937,HOU,MDW
2001-03-12 13:05:00,39,321,BHM,MSY
2001-02-20 10:30:00,3,370,PHX,LAX
2001-02-07 10:00:00,10,507,SLC,PHX
2001-03-09 08:35:00,-4,347,PHX,ELP
2001-01-23 08:50:00,-8,777,MDW,BDL
2001-01-21 10:00:00,0,229,MDW,DTW
2001-01-08 13:50:00,0,303,HOU,MSY
2001-03-20 07:30:00,-15,647,PHX,SMF
2001-02-13 09:27:00,5,515,BWI,IND
2001-03-06 16:00:00,14,1912,PHX,BUF
2001-01-29 08:10:00,-3,256,LAS,PHX
2001-01-06 10:57:00,7,229,DTW,MDW
2001-01-08 12:30:00,-2,256,LAS,PHX
2001-03-28 07:00:00,-1,237,DAL,TUL
2001-01-01 12:55:00,-1,447,SFO,SAN
2001-03-16 18:00:00,88,197,LAS,ONT
2001-03-10 08:25:00,-2,333,ONT,SJC
2001-02-21 11:40:00,2,687,STL,HOU
2001-03-01 17:35:00,30,670,BNA,HOU
2001-03-23 12:15:00,-2,273,AUS,HRL
2001-02-03 11:15:00,-5,399,BOI,SEA
2001-03-23 09:00:00,11,405,MDW,MCI
2001-03-26 14:34:00,-7,256,PHX,LAS
2001-02-12 15:15:00,-3,142,MCO,PBI
2001-03-11 13:27:00,0,303,HOU,MSY
2001-02-05 09:05:00,-10,544,MDW,LIT
2001-03-05 09:50:00,-8,787,MCO,BWI
2001-02-13 15:07:00,5,271,SDF,MDW
2001-03-13 11:35:00,-12,671,SEA,OAK
2001-03-22 19:46:00,42,255,BWI,RDU
2001-01-23 14:55:00,0,714,ELP,LAX
2001-02-06 08:38:00,26,1234,PVD,MCI
2001-02-05 14:55:00,-1,197,LAS,ONT
2001-03-26 10:10:00,-6,422,SLC,RNO
2001-03-14 11:05:00,4,223,TUL,MCI
2001-03-26 20:00:00,-3,337,OAK,LAX
2001-01-29 14:55:00,-5,842,BWI,TPA
2001-03-04 23:15:00,117,188,SJC,RNO
2001-01-08 08:45:00,0,313,MCI,OKC
2001-03-27 09:15:00,-13,2106,LAS,BWI
2001-02-05 17:05:00,-10,358,BUR,SMF
2001-01-13 08:50:00,-10,453,HOU,TUL
2001-02-13 20:10:00,-13,407,LAS,OAK
2001-01-06 20:23:00,10,258,LAS,SAN
2001-01-17 14:55:00,1,437,MSY,DAL
2001-03-01 17:05:00,-12,308,SJC,LAX
2001-01-09 17:33:00,-2,239,HOU,DAL
2001-01-27 15:00:00,-3,437,MSY,DAL
2001-01-14 17:45:00,-6,410,CMH,STL
2001-03-25 16:10:00,17,590,LAX,SLC
2001-02-22 08:25:00,-11,1588,LAS,BNA
2001-01-17 10:00:00,6,256,LAS,PHX
2001-03-15 12:05:00,3,337,LAX,OAK
2001-03-27 16:10:00,-7,174,TPA,PBI
2001-03-23 17:00:00,4,148,AUS,HOU
2001-02-09 16:50:00,98,386,LAS,SJC
2001-01-14 13:41:00,11,256,LAS,PHX
2001-01-25 18:05:00,-10,1162,AUS,RDU
2001-01-05 19:50:00,-7,217,IAH,DAL
2001-01-09 07:00:00,-15,1090,AUS,LAS
2001-02-19 15:20:00,-18,515,IND,BWI
2001-01-09 21:00:00,-3,239,DAL,HOU
2001-03-11 16:35:00,23,345,LAS,RNO
2001-01-16 21:15:00,11,319,DAL,MAF
2001-03-12 17:00:00,-11,337,LAX,OAK
2001-01-27 08:25:00,-1,989,MCO,MDW
2001-01-05 09:20:00,-7,543,OAK,PDX
2001-01-17 08:00:00,2,358,BUR,SMF
2001-03-25 12:15:00,16,803,ISP,BNA
2001-01-13 11:28:00,4,444,PDX,RNO
2001-02-25 19:08:00,15,256,LAS,PHX
2001-02-04 13:25:00,-10,677,ABQ,LAX
2001-03-22 22:00:00,2,397,SMF,LAS
2001-03-28 21:00:00,-2,303,HOU,MSY
2001-02-24 17:50:00,19,562,DAL,ELP
2001-02-08 10:19:00,20,239,DAL,HOU
2001-01-23 20:05:00,5,822,BNA,SAT
2001-03-30 06:25:00,-8,368,SLC,LAS
2001-02-21 19:00:00,5,307,MDW,CLE
2001-03-14 12:15:00,7,803,ISP,BNA
2001-01-12 15:18:00,84,1363,LAX,MCI
2001-03-10 14:55:00,18,446,OAK,SAN
2001-01-22 08:50:00,-10,328,ABQ,PHX
2001-01-11 11:05:00,122,407,OAK,LAS
2001-03-30 20:15:00,-9,325,OAK,BUR
2001-03-28 20:25:00,-2,307,CLE,MDW
2001-02-20 15:35:00,17,796,MAF,LAS
2001-02-19 19:05:00,1,471,MSY,BNA
2001-01-10 14:03:00,35,345,LAS,RNO
2001-01-17 20:30:00,0,787,BWI,MCO
2001-02-28 16:30:00,3,358,SMF,BUR
2001-03-22 21:35:00,-5,358,BUR,SMF
2001-01-30 08:10:00,-10,148,AUS,HOU
2001-01-07 12:50:00,23,293,DAL,LBB
2001-03-16 07:30:00,13,787,BWI,MCO
2001-02-16 17:10:00,-4,284,MDW,CMH
2001-01-09 23:10:00,-6,251,STL,MDW
2001-01-10 16:55:00,29,386,SJC,LAS
2001-01-14 20:10:00,-2,324,AMA,DAL
2001-03-11 14:25:00,41,304,PHX,SAN
2001-02-13 20:05:00,-1,822,BNA,SAT
2001-03-19 13:32:00,20,588,BNA,BWI
2001-03-10 16:40:00,5,188,RNO,SJC
2001-03-25 07:35:00,-3,325,BUR,OAK
2001-03-03 17:45:00,0,1848,PHX,MCO
2001-02-26 09:30:00,2,1751,BNA,ONT
2001-01-16 19:50:00,5,342,SNA,SJC
2001-01-24 06:45:00,5,314,BWI,CLE
2001-02-08 17:20:00,-5,187,HOU,CRP
2001-02-07 12:57:00,21,611,BWI,MDW
2001-01-23 15:30:00,-18,1156,STL,SLC
2001-01-08 13:45:00,-7,1489,OAK,MCI
2001-03-02 14:10:00,7,444,RNO,PDX
2001-01-23 14:15:00,-20,859,JAX,ISP
2001-03-11 18:28:00,-5,588,SLC,OAK
2001-01-21 18:00:00,-10,479,SMF,PDX
2001-02-12 18:19:00,27,1497,ABQ,TPA
2001-01-05 18:13:00,42,471,BNA,MSY
2001-03-22 17:05:00,-10,237,MCI,STL
2001-03-15 12:40:00,5,484,JAX,BNA
2001-03-01 06:45:00,-5,550,MSY,MCO
2001-01-02 13:30:00,-5,328,PVD,BWI
2001-03-02 08:30:00,22,1234,PVD,MCI
2001-02-23 09:25:00,-10,612,TPA,BNA
2001-03-15 09:00:00,-2,246,MAF,ELP
2001-02-08 20:45:00,0,386,LAS,SJC
2001-01-15 20:44:00,-7,1262,PHX,STL
2001-03-30 10:00:00,-18,370,PHX,LAX
2001-02-22 08:30:00,-5,453,HOU,TUL
2001-01-11 09:40:00,25,223,LAS,BUR
2001-02-12 07:00:00,-15,345,LAS,RNO
2001-02-10 21:40:00,0,495,BWI,SDF
2001-03-29 12:55:00,50,256,LAS,PHX
2001-01-31 12:52:00,17,687,STL,HOU
2001-01-14 17:30:00,-4,220,ISP,BWI
2001-01-15 18:30:00,-20,972,SAT,TPA
2001-02-18 21:40:00,35,605,SMF,SEA
2001-01-10 11:50:00,-7,180,JAX,TPA
2001-02-01 17:45:00,-12,308,SJC,LAX
2001-01-27 08:20:00,6,588,BWI,BNA
2001-01-07 11:15:00,-8,307,MDW,CLE
2001-03-09 08:50:00,0,1236,MHT,MCI
2001-03-16 06:15:00,-6,239,DAL,HOU
2001-02-17 10:00:00,21,328,BWI,PVD
2001-03-27 07:10:00,-1,271,SDF,MDW
2001-03-07 20:10:00,0,423,MDW,OMA
2001-02-27 18:10:00,12,1497,ABQ,TPA
2001-03-25 15:25:00,-15,1912,PHX,BUF
2001-03-20 07:05:00,-5,296,LIT,DAL
2001-02-05 13:40:00,-4,256,LAS,PHX
2001-03-18 12:03:00,33,197,FLL,TPA
2001-01-15 09:40:00,-10,888,JAN,BWI
2001-03-24 15:10:00,-5,1050,BDL,MCO
2001-03-14 21:25:00,31,677,LAX,ABQ
2001-01-13 12:49:00,17,255,BWI,RDU
2001-01-19 21:28:00,43,880,MCO,STL
2001-02-23 22:05:00,35,304,SAN,PHX
2001-02-28 23:02:00,81,276,HOU,HRL
2001-03-08 23:22:00,107,276,HOU,HRL
2001-02-16 16:25:00,24,1020,HOU,PHX
2001-03-18 19:15:00,91,255,RDU,BWI
2001-03-02 10:30:00,-1,328,PHX,ABQ
2001-01-18 09:40:00,-8,479,SMF,PDX
2001-01-26 06:10:00,0,453,TUL,HOU
2001-01-11 15:42:00,48,325,ONT,PHX
2001-02-11 22:30:00,85,386,LAS,SJC
2001-02-17 09:55:00,-15,775,LAS,LBB
2001-03-22 11:14:00,0,611,BWI,MDW
2001-02-07 17:20:00,-2,423,OMA,MDW
2001-03-11 17:08:00,-2,677,ABQ,LAX
2001-02-19 21:05:00,-9,487,MSY,TPA
2001-01-11 13:10:00,197,520,LAS,BOI
2001-03-07 18:55:00,-10,296,LIT,STL
2001-01-17 08:35:00,-3,325,OAK,BUR
2001-02-16 08:15:00,7,237,TUL,DAL
2001-02-21 08:00:00,-8,304,PHX,SAN
2001-03-18 18:10:00,22,296,SJC,BUR
2001-01-09 08:30:00,8,342,SNA,SJC
2001-03-27 06:30:00,-2,189,DAL,AUS
2001-01-20 15:45:00,-3,588,BNA,BWI
2001-03-09 18:52:00,20,328,PHX,ABQ
2001-02-04 13:47:00,46,239,HOU,DAL
2001-03-31 11:35:00,-6,405,MDW,MCI
2001-02-28 19:19:00,17,347,ELP,PHX
2001-01-04 13:48:00,18,671,SEA,OAK
2001-02-16 10:20:00,-1,833,PHX,OKC
2001-02-06 13:35:00,-3,361,ONT,OAK
2001-01-15 11:05:00,-5,369,BUR,PHX
2001-03-02 13:37:00,40,386,SJC,LAS
2001-03-05 14:15:00,0,328,BWI,PVD
2001-02-14 10:15:00,-5,1040,MCO,SAT
2001-01-30 18:45:00,-1,180,OAK,RNO
2001-01-24 09:57:00,12,325,OAK,BUR
2001-02-21 17:45:00,0,197,FLL,TPA
2001-03-16 12:05:00,0,393,HOU,LIT
2001-02-25 14:45:00,5,587,TPA,RDU
2001-01-24 13:45:00,14,407,LAS,OAK
2001-01-10 18:34:00,82,570,HOU,BHM
2001-01-16 12:30:00,-13,989,MDW,MCO
2001-03-11 09:05:00,-8,759,HOU,ABQ
2001-03-05 19:45:00,14,446,OAK,SAN
2001-03-18 18:45:00,-5,237,STL,MCI
2001-01-12 16:05:00,0,663,JAX,BWI
2001-02-01 14:10:00,-10,670,HOU,BNA
2001-01-29 13:00:00,-5,361,OAK,ONT
2001-01-05 11:00:00,-6,332,MAF,ABQ
2001-01-12 16:09:00,82,325,OAK,BUR
2001-02-20 18:25:00,57,258,SAN,LAS
2001-02-19 08:50:00,-9,189,DAL,AUS
2001-02-19 15:15:00,-11,254,STL,SDF
2001-02-13 14:16:00,31,337,LAX,OAK
2001-02-07 10:39:00,-3,612,BNA,TPA
2001-03-18 09:22:00,22,1444,MDW,PHX
2001-03-31 17:30:00,-3,370,LAX,PHX
2001-02-17 18:30:00,0,759,HOU,ABQ
2001-03-04 08:05:00,-11,237,STL,MCI
2001-01-26 16:20:00,0,448,CLE,BNA
2001-02-05 09:05:00,-5,296,LIT,DAL
2001-03-06 08:26:00,1,580,DAL,ABQ
2001-02-07 17:37:00,65,838,TPA,IND
2001-03-10 10:55:00,-3,248,DAL,SAT
2001-01-08 19:05:00,-7,493,ABQ,SLC
2001-03-11 10:05:00,20,291,SLC,BOI
2001-02-06 06:30:00,-11,588,BNA,BWI
2001-03-11 19:28:00,16,178,FLL,MCO
2001-03-30 10:30:00,-25,1164,AUS,SAN
2001-01-23 16:15:00,-10,345,RNO,LAS
2001-03-08 14:52:00,21,682,BWI,BHM
2001-03-19 23:07:00,87,189,DAL,AUS
2001-02-27 20:12:00,56,319,DAL,MAF
2001-01-05 20:32:00,7,410,STL,CMH
2001-03-19 16:25:00,-10,361,ONT,OAK
2001-03-10 19:35:00,0,444,RNO,PDX
2001-02-04 14:20:00,3,1262,PHX,STL
2001-03-05 19:05:00,19,296,SJC,BUR
2001-01-23 20:20:00,-5,1044,MCI,PHX
2001-02-26 16:15:00,-13,447,SAN,SFO
2001-03-13 17:45:00,40,239,DAL,HOU
2001-01-31 20:25:00,4,180,TPA,JAX
2001-03-29 07:00:00,5,248,DAL,SAT
2001-03-26 06:39:00,-15,1246,HOU,BWI
2001-02-19 16:23:00,28,479,PDX,SMF
2001-01-04 08:20:00,-3,422,RNO,SLC
2001-03-11 10:10:00,-7,220,ISP,BWI
2001-01-10 17:05:00,45,325,BUR,OAK
2001-03-09 17:35:00,-3,928,AUS,TPA
2001-02-02 18:54:00,53,361,OAK,ONT
2001-01-01 19:00:00,10,1073,PVD,MCO
2001-03-27 20:15:00,1,880,MCO,STL
2001-01-31 10:25:00,2,162,MDW,IND
2001-01-22 13:35:00,-12,562,ELP,DAL
2001-03-08 19:40:00,5,1234,MCI,PVD
2001-01-27 18:35:00,-3,543,OAK,PDX
2001-01-19 09:05:00,24,323,SDF,BHM
2001-03-30 12:18:00,8,258,SAN,LAS
2001-02-26 06:30:00,-5,303,MSY,HOU
2001-03-30 08:15:00,0,223,TUL,MCI
2001-01-04 06:15:00,2,562,ELP,DAL
2001-02-15 17:05:00,8,480,SMF,SAN
2001-03-02 20:20:00,-7,328,BWI,PVD
2001-02-14 07:30:00,-8,337,LAX,OAK
2001-03-25 07:55:00,-8,367,TUS,SAN
2001-03-22 21:52:00,37,397,LAS,SMF
2001-03-06 15:35:00,-10,237,STL,MCI
2001-03-19 19:35:00,0,313,OKC,MCI
2001-02-12 16:05:00,30,162,IND,MDW
2001-01-04 16:25:00,-5,611,MDW,BWI
2001-03-28 12:15:00,5,258,SAN,LAS
2001-02-02 17:20:00,-1,345,RNO,LAS
2001-02-18 19:50:00,9,223,LAS,BUR
2001-02-02 16:05:00,12,358,BUR,SMF
2001-03-14 10:10:00,5,588,SLC,OAK
2001-03-13 17:20:00,0,562,DAL,ELP
2001-02-19 11:36:00,77,192,SAT,HOU
2001-01-15 10:55:00,-7,288,BWI,ALB
2001-01-03 06:15:00,0,373,LAX,SMF
2001-02-08 20:15:00,8,1069,SAT,LAS
2001-01-31 19:05:00,0,296,SJC,BUR
2001-01-14 07:35:00,-2,177,BNA,BHM
2001-02-22 20:06:00,51,162,IND,MDW
2001-03-01 17:48:00,24,528,AUS,ELP
2001-03-23 09:40:00,-1,479,SMF,PDX
2001-03-06 12:25:00,-2,1262,STL,PHX
2001-03-28 18:55:00,-10,296,LIT,STL
2001-02-23 18:15:00,64,321,MSY,BHM
2001-01-15 18:05:00,25,229,MDW,DTW
2001-01-30 08:25:00,8,550,MCO,MSY
2001-03-16 16:53:00,6,1210,LAX,SAT
2001-01-20 14:35:00,2,255,RDU,BWI
2001-03-19 20:58:00,3,491,MCI,BNA
2001-02-08 09:43:00,31,407,OAK,LAS
2001-02-07 09:30:00,0,513,JAX,MSY
2001-02-01 20:20:00,13,256,PHX,LAS
2001-03-23 06:30:00,-7,687,HOU,STL
2001-02-03 16:15:00,-7,239,HOU,DAL
2001-01-27 15:00:00,15,628,ABQ,SAN
2001-01-15 07:00:00,-3,370,PHX,LAX
2001-02-08 12:40:00,-3,333,ONT,SJC
2001-01-18 19:15:00,57,239,DAL,HOU
2001-03-19 12:10:00,-5,373,LAX,SMF
2001-02-19 18:15:00,5,1037,OMA,PHX
2001-02-12 16:03:00,14,407,OAK,LAS
2001-03-17 06:40:00,9,737,BWI,STL
2001-03-09 06:50:00,-5,543,PDX,OAK
2001-02-10 12:54:00,30,480,SAN,SMF
2001-02-11 17:10:00,3,405,MDW,MCI
2001-01-19 07:10:00,-3,251,STL,MDW
2001-03-15 07:50:00,1,220,ISP,BWI
2001-01-02 20:50:00,18,443,RDU,BNA
2001-03-30 17:59:00,17,515,BWI,IND
2001-03-12 17:27:00,9,1099,LAS,OMA
2001-01-05 08:35:00,5,325,OAK,BUR
2001-01-05 17:15:00,0,671,OAK,SEA
2001-01-02 13:54:00,8,677,ABQ,LAX
2001-03-14 18:00:00,34,2106,BWI,LAS
2001-02-23 17:55:00,-9,304,PHX,SAN
2001-02-19 14:20:00,-5,570,BHM,MDW
2001-02-09 08:10:00,-2,148,AUS,HOU
2001-01-19 07:05:00,11,386,SJC,LAS
2001-03-25 17:16:00,5,307,MDW,CLE
2001-01-06 12:10:00,-5,325,OAK,BUR
2001-02-17 18:50:00,13,197,ONT,LAS
2001-03-18 19:03:00,10,632,MDW,RDU
2001-02-14 12:45:00,27,377,BWI,MHT
2001-01-04 07:37:00,-5,967,BWI,MCI
2001-02-04 10:39:00,-4,325,ONT,PHX
2001-01-15 11:53:00,15,351,STL,TUL
2001-02-11 21:15:00,4,515,BWI,IND
2001-03-11 18:45:00,-5,852,BNA,BDL
2001-03-05 09:40:00,-10,632,RDU,MDW
2001-01-15 09:00:00,10,544,MDW,LIT
2001-02-21 20:20:00,-8,223,BUR,LAS
2001-02-22 21:36:00,18,337,LAX,OAK
2001-03-26 13:25:00,-7,677,ABQ,LAX
2001-02-05 17:15:00,5,162,IND,MDW
2001-03-10 15:15:00,-1,347,ELP,PHX
2001-02-14 14:15:00,-10,1048,TPA,MCI
2001-02-04 20:55:00,3,197,LAS,ONT
2001-03-08 11:08:00,4,288,BWI,ALB
2001-02-11 17:50:00,-3,248,SAT,DAL
2001-02-17 11:02:00,17,296,BUR,SJC
2001-02-14 09:30:00,-6,236,LAX,LAS
2001-02-05 07:35:00,-5,177,BNA,BHM
2001-03-16 09:05:00,5,368,SLC,LAS
2001-03-22 10:40:00,-4,440,DTW,STL
2001-01-10 14:35:00,0,1073,MCO,PVD
2001-03-08 12:35:00,10,345,LAS,RNO
2001-03-12 15:05:00,-12,550,MSY,MCO
2001-01-29 08:55:00,-10,588,BNA,BWI
2001-03-25 13:10:00,-11,580,DAL,ABQ
2001-01-20 10:10:00,-15,1999,BWI,PHX
2001-01-18 07:00:00,4,324,AMA,DAL
2001-02-26 12:30:00,-2,829,TPA,CMH
2001-03-09 22:15:00,37,588,BNA,BWI
2001-01-12 09:05:00,11,308,SJC,LAX
2001-02-19 07:15:00,-11,515,IND,BWI
2001-02-18 09:30:00,10,446,OAK,SAN
2001-01-21 18:00:00,0,367,SAN,TUS
2001-01-06 17:38:00,7,345,LAS,RNO
2001-02-14 11:50:00,5,328,PVD,BWI
2001-02-22 08:40:00,13,417,SJC,SAN
2001-03-24 15:00:00,-1,389,SMF,ONT
2001-02-09 12:42:00,54,1140,MCI,LAS
2001-03-27 18:20:00,-11,369,PHX,BUR
2001-03-04 16:00:00,7,479,SMF,PDX
2001-01-03 06:45:00,-5,287,GEG,BOI
2001-02-07 21:46:00,20,487,TPA,MSY
2001-02-12 12:10:00,-7,697,SEA,SJC
2001-03-18 21:33:00,81,224,SEA,GEG
2001-01-26 07:00:00,0,588,BNA,BWI
2001-01-31 16:41:00,17,361,ONT,OAK
2001-03-26 07:10:00,-15,389,ONT,SMF
2001-02-15 20:35:00,63,487,CLE,STL
2001-03-13 12:40:00,3,484,JAX,BNA
2001-03-30 06:40:00,7,188,SJC,RNO
2001-02-06 13:40:00,0,258,LAS,SAN
2001-02-15 07:25:00,-2,308,SJC,LAX
2001-03-28 18:35:00,-3,417,SJC,SAN
2001-03-14 22:05:00,-3,308,SJC,LAX
2001-03-11 08:15:00,-16,307,CLE,MDW
2001-02-05 17:20:00,-3,291,BOI,SLC
2001-02-02 21:05:00,10,630,SLC,PDX
2001-02-28 19:50:00,20,236,LAX,LAS
2001-01-07 12:10:00,3,337,OAK,LAX
2001-01-17 13:20:00,-4,197,FLL,TPA
2001-03-08 17:30:00,40,1235,LAS,HOU
2001-01-31 17:00:00,-7,220,BWI,ISP
2001-02-12 15:10:00,-8,671,OAK,SEA
2001-02-21 16:35:00,-15,912,LIT,BWI
2001-02-25 19:50:00,50,422,SLC,RNO
2001-01-18 09:00:00,-14,666,JAN,MDW
2001-02-01 06:00:00,8,236,LAS,LAX
2001-03-08 08:20:00,-18,1363,MCI,LAX
2001-01-08 17:54:00,6,787,MCO,BWI
2001-01-23 17:15:00,0,670,BNA,HOU
2001-01-07 20:08:00,51,251,STL,MDW
2001-03-18 10:40:00,-15,440,DTW,STL
2001-01-12 21:50:00,15,462,OKC,STL
2001-03-29 22:00:00,23,236,LAX,LAS
2001-01-16 16:10:00,-2,341,AUS,LBB
2001-03-15 10:45:00,10,345,LAS,RNO
2001-02-12 09:25:00,-7,281,BWI,BUF
2001-03-08 20:08:00,9,407,OAK,LAS
2001-03-10 12:25:00,4,646,OAK,PHX
2001-02-21 06:45:00,0,460,TPA,BHM
2001-01-02 20:30:00,78,373,SMF,LAX
2001-01-11 21:33:00,67,236,LAX,LAS
2001-03-30 16:35:00,6,803,ISP,BNA
2001-02-26 07:35:00,-4,229,MDW,DTW
2001-01-14 09:39:00,0,236,LAX,LAS
2001-03-17 13:15:00,0,319,MAF,DAL
2001-02-19 17:44:00,10,1099,LAS,OMA
2001-03-25 18:10:00,7,333,ONT,SJC
2001-03-24 18:35:00,3,451,TUS,LAX
2001-03-04 16:45:00,3,580,DAL,ABQ
2001-02-11 14:45:00,0,688,JAX,IND
2001-03-24 19:20:00,37,611,MDW,BWI
2001-03-31 09:30:00,-6,487,ABQ,LAS
2001-01-13 08:55:00,-2,187,CRP,HOU
2001-03-27 07:45:00,-5,223,BUR,LAS
2001-03-17 08:30:00,-5,446,SAN,OAK
2001-01-07 18:00:00,0,223,BUR,LAS
2001-01-21 21:26:00,22,197,TPA,FLL
2001-02-10 08:05:00,3,1069,LAS,SAT
2001-01-15 19:30:00,4,239,DAL,HOU
2001-02-03 18:40:00,-15,888,JAN,BWI
2001-01-03 13:25:00,-2,342,SNA,SJC
2001-02-06 21:25:00,-5,1140,MCI,LAS
2001-01-04 08:39:00,-3,279,PDX,GEG
2001-02-22 15:09:00,0,758,BNA,PBI
2001-01-19 22:08:00,48,386,SJC,LAS
2001-02-10 13:45:00,-15,1107,PHX,SEA
2001-03-17 11:50:00,-3,220,BWI,ISP
2001-02-09 20:40:00,0,866,LAS,SEA
2001-02-05 13:35:00,0,224,SEA,GEG
2001-02-06 16:35:00,4,1093,FLL,ISP
2001-03-13 20:20:00,12,822,BNA,SAT
2001-02-24 19:00:00,5,441,MAF,HOU
2001-01-19 21:58:00,24,239,DAL,HOU
2001-02-11 08:00:00,-7,998,MSY,BWI
2001-01-13 21:40:00,44,480,SMF,SAN
2001-03-23 18:48:00,5,324,DAL,AMA
2001-01-04 20:40:00,18,564,RNO,SEA
2001-02-03 10:50:00,-3,223,LAS,BUR
2001-01-22 07:30:00,-15,1020,PHX,HOU
2001-03-20 18:00:00,-5,229,MDW,DTW
2001-01-28 19:45:00,57,550,MCO,MSY
2001-01-11 15:25:00,7,314,BWI,CLE
2001-03-27 11:30:00,11,370,LAX,PHX
2001-02-23 13:00:00,6,361,ONT,OAK
2001-03-14 07:50:00,2,369,BUR,PHX
2001-02-12 06:30:00,-2,359,JAN,HOU
2001-02-01 16:15:00,-25,935,TUL,PHX
2001-03-04 06:25:00,-13,258,SAN,LAS
2001-03-21 16:43:00,31,319,MAF,DAL
2001-03-31 11:30:00,-17,787,MCO,BWI
2001-02-18 19:10:00,-7,296,BUR,SJC
2001-02-25 20:40:00,0,616,MCO,BNA
2001-02-21 15:09:00,35,682,BWI,BHM
2001-02-15 13:24:00,18,304,SAN,PHX
2001-02-25 18:55:00,-5,405,MCI,MDW
2001-01-16 08:25:00,15,251,STL,MDW
2001-03-19 17:25:00,-6,457,DTW,BNA
2001-02-23 20:55:00,32,358,BUR,SMF
2001-01-28 16:15:00,-5,197,TPA,FLL
2001-03-16 14:00:00,16,1140,MCI,LAS
2001-03-25 17:20:00,4,1588,BNA,LAS
2001-02-21 09:05:00,0,687,STL,HOU
2001-03-12 15:28:00,28,197,FLL,TPA
2001-03-15 09:55:00,0,646,PHX,OAK
2001-03-30 16:30:00,-5,714,ELP,LAX
2001-03-20 18:25:00,4,666,HOU,MCI
2001-02-08 12:05:00,5,258,SAN,LAS
2001-01-26 16:45:00,-3,324,DAL,AMA
2001-01-09 07:00:00,-5,248,DAL,SAT
2001-02-27 06:35:00,-5,453,HOU,TUL
2001-02-15 14:00:00,-5,373,LAX,SMF
2001-02-14 19:25:00,-4,180,OAK,RNO
2001-02-22 11:00:00,4,393,LIT,HOU
2001-01-19 10:05:00,-5,293,LBB,DAL
2001-03-18 12:40:00,33,872,AUS,PHX
2001-02-27 18:45:00,0,480,SMF,SAN
2001-03-03 09:30:00,14,237,DAL,TUL
2001-02-01 11:20:00,-7,446,SAN,OAK
2001-02-13 11:30:00,-10,1407,SAT,BWI
2001-01-14 19:40:00,-2,444,RNO,PDX
2001-02-12 14:10:00,0,1301,MSY,PHX
2001-02-04 11:20:00,-5,457,DTW,BNA
2001-03-15 12:40:00,7,358,BUR,SMF
2001-02-24 10:45:00,5,325,OAK,BUR
2001-02-08 11:15:00,-3,491,BNA,MCI
2001-03-16 19:50:00,28,325,ONT,PHX
2001-03-05 20:50:00,-5,462,STL,OKC
2001-03-17 07:40:00,-5,347,ELP,PHX
2001-02-13 07:30:00,6,308,LAX,SJC
2001-03-28 19:30:00,-4,588,BWI,BNA
2001-02-09 16:40:00,7,239,HOU,DAL
2001-01-24 10:55:00,-10,288,BWI,ALB
2001-02-23 16:03:00,31,440,STL,DTW
2001-01-07 12:00:00,-5,224,SEA,GEG
2001-03-22 11:00:00,-9,393,LIT,HOU
2001-03-01 11:18:00,12,256,PHX,LAS
2001-03-04 18:30:00,-5,220,BWI,ISP
2001-03-05 09:10:00,0,370,LAX,PHX
2001-03-22 16:40:00,-7,687,HOU,STL
2001-01-11 10:50:00,-5,229,DTW,MDW
2001-03-04 20:45:00,3,276,HRL,HOU
2001-01-31 20:30:00,-1,361,OAK,ONT
2001-01-27 13:41:00,128,277,ABQ,AMA
2001-01-23 06:30:00,3,308,LAX,SJC
2001-01-14 12:00:00,-6,337,LAX,OAK
2001-03-03 11:35:00,-4,410,CMH,STL
2001-03-12 16:58:00,-3,636,ELP,SAN
2001-03-17 12:47:00,12,828,IND,MCO
2001-03-04 07:05:00,-12,727,TPA,SDF
2001-02-16 07:45:00,17,239,DAL,HOU
2001-02-19 11:05:00,-5,612,TPA,BNA
2001-03-13 08:10:00,-13,236,LAX,LAS
2001-02-07 19:30:00,0,368,SLC,LAS
2001-02-04 11:10:00,-3,223,ABQ,ELP
2001-03-31 17:35:00,12,423,OMA,MDW
2001-02-19 07:30:00,-10,288,ALB,BWI
2001-02-10 18:05:00,33,397,SMF,LAS
2001-03-25 17:23:00,4,174,PBI,TPA
2001-02-06 14:30:00,2,580,ABQ,DAL
2001-02-17 09:40:00,-5,632,RDU,MDW
2001-01-11 15:15:00,-4,395,MDW,BNA
2001-01-25 13:25:00,17,239,HOU,DAL
2001-01-09 17:40:00,5,787,MCO,BWI
2001-03-28 21:15:00,-10,319,DAL,MAF
2001-03-13 08:35:00,13,1234,PVD,MCI
2001-01-07 21:13:00,10,217,DAL,IAH
2001-02-22 19:40:00,35,192,HOU,SAT
2001-01-16 13:15:00,-2,318,FLL,JAX
2001-01-18 19:07:00,1,1156,STL,SLC
2001-01-24 09:10:00,0,293,LBB,DAL
2001-02-01 16:06:00,3,248,SAT,DAL
2001-02-23 08:55:00,-5,303,MSY,HOU
2001-03-08 13:20:00,45,256,LAS,PHX
2001-01-06 16:10:00,0,446,OAK,SAN
2001-02-27 14:55:00,0,223,BUR,LAS
2001-03-13 18:40:00,190,491,BNA,MCI
2001-02-09 12:55:00,-18,872,PHX,AUS
2001-02-17 15:00:00,35,570,BHM,MDW
2001-02-02 17:55:00,43,842,BWI,TPA
2001-01-31 08:05:00,2,178,FLL,MCO
2001-02-02 18:40:00,-4,448,CLE,BNA
2001-03-09 17:50:00,114,345,RNO,LAS
2001-02-09 16:04:00,35,223,BUR,LAS
2001-02-01 19:05:00,2,251,MDW,STL
2001-01-25 07:00:00,-9,258,LAS,SAN
2001-01-30 18:30:00,3,220,ISP,BWI
2001-01-12 20:30:00,0,838,IND,TPA
2001-01-31 19:10:00,-3,323,BHM,SDF
2001-01-14 21:15:00,-4,256,PHX,LAS
2001-01-15 09:10:00,0,347,ELP,PHX
2001-01-23 18:35:00,-15,1959,BNA,OAK
2001-03-23 09:15:00,-7,1073,MCO,PVD
2001-01-06 10:00:00,-9,727,SDF,TPA
2001-03-23 14:25:00,-3,258,LAS,SAN
2001-03-30 06:50:00,2,229,MDW,DTW
2001-03-05 07:10:00,14,2277,PVD,PHX
2001-01-30 20:55:00,-1,248,SAT,DAL
2001-02-12 18:30:00,22,347,PHX,ELP
2001-03-27 09:05:00,-17,1751,BNA,SAN
2001-01-12 21:45:00,-8,687,HOU,STL
2001-02-13 19:00:00,76,1363,LAX,MCI
2001-02-04 11:35:00,-3,487,STL,CLE
2001-02-09 20:50:00,26,303,MSY,HOU
2001-01-12 14:58:00,99,304,SAN,PHX
2001-03-13 18:35:00,0,197,ONT,LAS
2001-01-27 15:56:00,-11,1618,BHM,LAS
2001-03-15 20:32:00,-2,188,RNO,SJC
2001-03-29 20:05:00,72,321,BHM,MSY
2001-02-27 06:30:00,0,325,PHX,ONT
2001-02-26 09:50:00,-5,787,MCO,BWI
2001-02-23 07:10:00,-7,389,ONT,SMF
2001-03-08 17:19:00,64,239,DAL,HOU
2001-02-22 08:20:00,-10,550,MSY,MCO
2001-03-28 07:35:00,3,843,PHX,SAT
2001-02-27 07:00:00,-10,307,MDW,CLE
2001-01-30 10:40:00,-4,188,SJC,RNO
2001-02-02 12:08:00,-10,236,LAS,LAX
2001-03-24 09:30:00,0,670,HOU,BNA
2001-01-18 11:57:00,17,417,SJC,SAN
2001-01-01 19:30:00,-6,405,MDW,MCI
2001-03-16 22:12:00,37,386,SJC,LAS
2001-01-30 07:15:00,15,842,BWI,TPA
2001-02-25 09:30:00,-1,180,OAK,RNO
2001-01-10 09:55:00,2,303,HOU,MSY
2001-02-28 07:52:00,22,347,ELP,PHX
2001-01-29 18:45:00,-14,237,STL,MCI
2001-03-22 06:30:00,-2,180,JAX,TPA
2001-02-12 07:10:00,30,2106,BWI,LAS
2001-02-19 10:50:00,-12,493,SLC,ABQ
2001-01-30 11:20:00,-18,1363,MCI,LAX
2001-01-13 06:55:00,-4,1864,BWI,SLC
2001-02-06 15:45:00,-3,236,LAX,LAS
2001-02-25 19:30:00,45,283,BDL,BWI
2001-01-28 20:30:00,-9,373,SMF,LAX
2001-03-13 18:50:00,-12,248,DAL,SAT
2001-03-03 18:30:00,-5,843,SAT,PHX
2001-02-17 09:00:00,-7,255,BWI,RDU
2001-03-29 11:05:00,84,1073,MCO,PVD
2001-03-07 17:10:00,-5,390,LAX,RNO
2001-03-13 08:40:00,-5,318,JAX,FLL
2001-02-27 13:15:00,0,338,BNA,CMH
2001-01-14 07:10:00,-10,108,ISP,PVD
2001-01-31 20:15:00,1,308,SJC,LAX
2001-03-07 06:50:00,0,328,PVD,BWI
2001-02-23 16:18:00,34,1099,OMA,LAS
2001-02-16 06:00:00,3,303,MSY,HOU
2001-02-03 07:00:00,-8,303,HOU,MSY
2001-01-08 08:20:00,-5,180,TPA,JAX
2001-01-13 11:45:00,-11,843,PHX,SAT
2001-03-13 10:40:00,-1,708,IND,MSY
2001-03-10 19:10:00,55,256,PHX,LAS
2001-01-12 18:15:00,49,491,MCI,BNA
2001-03-21 18:25:00,2,666,HOU,MCI
2001-01-14 08:07:00,8,1797,BNA,LAX
2001-03-09 19:10:00,45,451,TUS,LAX
2001-02-01 14:20:00,-4,283,BWI,BDL
2001-01-02 14:05:00,-5,371,SNA,OAK
2001-02-18 12:30:00,-5,189,DAL,AUS
2001-02-15 14:34:00,0,507,SLC,PHX
2001-01-24 16:15:00,-24,1987,LAS,BUF
2001-03-21 22:53:00,13,304,PHX,SAN
2001-01-15 16:20:00,5,236,LAS,LAX
2001-02-13 12:32:00,25,197,LAS,ONT
2001-03-01 13:40:00,-2,293,LBB,DAL
2001-02-27 14:30:00,10,304,PHX,SAN
2001-01-19 16:39:00,18,1210,LAX,SAT
2001-02-20 21:25:00,-2,197,FLL,TPA
2001-02-21 07:00:00,3,528,ELP,AUS
2001-03-11 15:12:00,14,223,BUR,LAS
2001-01-22 07:40:00,8,248,SAT,DAL
2001-02-01 17:35:00,-6,271,SDF,MDW
2001-03-09 19:45:00,55,258,SAN,LAS
2001-02-09 13:37:00,19,313,OKC,MCI
2001-03-09 16:42:00,14,248,DAL,SAT
2001-03-19 15:05:00,-9,365,LAS,TUS
2001-02-25 10:54:00,18,370,LAX,PHX
2001-03-14 21:15:00,-5,287,BOI,GEG
2001-01-18 17:32:00,38,303,MSY,HOU
2001-02-11 08:45:00,5,925,FLL,BWI
2001-03-24 13:15:00,67,239,DAL,HOU
2001-01-31 17:00:00,6,333,SJC,ONT
2001-01-07 19:49:00,62,888,JAN,BWI
2001-02-20 09:15:00,0,440,DTW,STL
2001-01-29 18:20:00,2,405,MCI,MDW
2001-03-22 12:45:00,-3,217,IAH,DAL
2001-02-05 08:45:00,-5,148,AUS,HOU
2001-02-02 06:20:00,-10,389,ONT,SMF
2001-01-26 22:32:00,35,313,MCI,OKC
2001-01-31 19:00:00,-1,370,LAX,PHX
2001-01-08 11:15:00,-4,223,TUL,MCI
2001-01-15 07:10:00,-26,1599,SAN,MSY
2001-03-21 18:17:00,39,255,RDU,BWI
2001-01-26 11:42:00,9,584,LAS,ELP
2001-03-07 09:00:00,0,487,TPA,MSY
2001-02-22 08:07:00,1,447,SAN,SFO
2001-01-29 19:03:00,65,162,MDW,IND
2001-01-31 19:20:00,-10,487,ABQ,LAS
2001-03-01 10:55:00,-2,919,SLC,MCI
2001-02-26 14:40:00,49,714,LAX,ELP
2001-01-27 11:45:00,4,319,DAL,MAF
2001-01-03 14:15:00,-10,859,JAX,ISP
2001-01-20 12:00:00,-4,487,TPA,MSY
2001-02-07 09:00:00,2,370,PHX,LAX
2001-03-24 17:15:00,-10,671,OAK,SEA
2001-01-12 11:02:00,70,417,SJC,SAN
2001-02-26 22:38:00,26,283,BWI,BDL
2001-01-19 07:10:00,22,279,GEG,PDX
2001-01-25 06:30:00,-15,670,BNA,HOU
2001-02-02 12:35:00,14,587,RDU,TPA
2001-01-02 11:50:00,5,304,PHX,SAN
2001-01-22 11:35:00,-15,410,CMH,STL
2001-03-24 17:27:00,27,636,ELP,SAN
2001-03-21 20:40:00,7,550,MCO,MSY
2001-03-21 13:20:00,0,344,PDX,BOI
2001-03-27 13:49:00,23,405,MDW,MCI
2001-03-07 17:00:00,0,192,SAT,HOU
2001-03-26 11:15:00,-5,677,HOU,ELP
2001-02-08 20:40:00,-10,1262,PHX,STL
2001-03-21 16:26:00,5,308,LAX,SJC
2001-01-03 13:15:00,-10,550,MSY,MCO
2001-03-27 15:20:00,-10,254,SDF,STL
2001-01-01 17:39:00,41,484,JAX,BNA
2001-03-05 07:30:00,0,410,BHM,STL
2001-02-18 14:26:00,15,148,AUS,HOU
2001-01-08 15:57:00,13,347,ELP,PHX
2001-01-18 19:45:00,3,967,MCI,BWI
2001-02-11 17:21:00,14,543,PDX,OAK
2001-03-26 21:45:00,-8,229,STL,IND
2001-02-10 07:05:00,-9,677,LAX,ABQ
2001-01-24 12:16:00,-4,1069,LAS,SAT
2001-03-20 10:00:00,-2,223,BUR,LAS
2001-01-07 13:19:00,-2,223,LAS,BUR
2001-02-10 17:30:00,-7,588,BNA,BWI
2001-01-21 10:30:00,1,328,PHX,ABQ
2001-02-19 17:30:00,-12,682,BWI,BHM
2001-02-06 06:25:00,0,451,TUS,LAX
2001-03-31 13:50:00,-4,236,LAS,LAX
2001-02-23 06:45:00,-2,460,TPA,BHM
2001-03-04 20:20:00,-5,321,MSY,BHM
2001-02-07 09:25:00,-8,612,TPA,BNA
2001-02-20 12:35:00,8,347,ELP,PHX
2001-03-20 22:20:00,-7,303,MSY,HOU
2001-02-12 15:35:00,0,417,SJC,SAN
2001-03-29 08:15:00,1,1020,HOU,PHX
2001-02-07 19:50:00,-7,580,DAL,ABQ
2001-03-15 12:50:00,15,1797,BNA,LAX
2001-01-18 10:35:00,-5,304,SAN,PHX
2001-02-11 22:08:00,54,842,BWI,TPA
2001-02-09 13:15:00,134,787,BWI,MCO
2001-02-12 09:20:00,-5,1242,AUS,LAX
2001-02-16 09:30:00,-1,271,SDF,MDW
2001-03-29 18:30:00,0,220,BWI,ISP
2001-02-28 06:30:00,-4,239,HOU,DAL
2001-03-26 18:00:00,4,303,MSY,HOU
2001-01-14 20:50:00,-13,612,BNA,TPA
2001-03-15 09:30:00,7,304,PHX,SAN
2001-02-21 18:30:00,-10,293,LBB,DAL
2001-02-26 19:10:00,0,803,ISP,BNA
2001-02-19 16:05:00,5,765,ISP,MDW
2001-02-21 08:40:00,0,479,PDX,SMF
2001-03-30 08:30:00,-3,417,SJC,SAN
2001-03-26 21:45:00,12,314,CLE,BWI
2001-01-02 15:13:00,32,303,MSY,HOU
2001-02-22 10:10:00,-3,397,LAS,SMF
2001-01-18 11:49:00,55,671,OAK,SEA
2001-03-22 16:21:00,62,377,BWI,MHT
2001-01-13 06:30:00,-9,611,MDW,BWI
2001-01-13 13:35:00,0,325,BUR,OAK
2001-02-06 08:45:00,-12,1624,LAS,SDF
2001-03-22 12:54:00,0,178,FLL,MCO
2001-03-22 09:15:00,2,304,SAN,PHX
2001-02-02 20:26:00,160,296,BUR,SJC
2001-03-14 16:42:00,16,325,ONT,PHX
2001-01-19 13:19:00,17,288,ALB,BWI
2001-03-03 09:20:00,-5,758,PBI,BNA
2001-01-20 20:20:00,-5,1048,MCI,TPA
2001-01-12 17:05:00,157,328,PHX,ABQ
2001-03-14 09:36:00,0,687,HOU,STL
2001-03-16 10:35:00,13,543,OAK,PDX
2001-02-20 07:40:00,-3,248,SAT,DAL
2001-03-30 19:05:00,-2,677,ABQ,LAX
2001-02-26 20:38:00,8,1069,SAT,LAS
2001-01-20 16:35:00,-5,405,MDW,MCI
2001-01-07 08:23:00,-3,480,SMF,SAN
2001-02-03 20:50:00,-2,443,BNA,RDU
2001-01-01 11:07:00,29,919,SLC,MCI
2001-03-16 19:10:00,4,883,BWI,PBI
2001-03-01 07:05:00,3,142,PBI,MCO
2001-02-28 07:00:00,-4,296,BUR,SJC
2001-02-09 06:30:00,0,255,RDU,BWI
2001-01-11 18:36:00,18,437,MSY,DAL
2001-03-21 18:35:00,57,1034,TPA,ISP
2001-02-21 13:55:00,-7,251,STL,MDW
2001-03-26 15:40:00,-6,347,PHX,ELP
2001-01-12 08:55:00,0,303,MSY,HOU
2001-02-03 14:23:00,14,616,MCO,BNA
2001-03-06 16:25:00,-8,296,BUR,SJC
2001-01-29 19:45:00,-10,1166,FLL,MDW
2001-03-07 08:25:00,-10,229,MDW,DTW
2001-03-30 14:12:00,-7,616,MCO,BNA
2001-02-11 17:11:00,19,237,STL,MCI
2001-03-26 14:00:00,-2,304,PHX,SAN
2001-03-11 16:35:00,-15,925,BWI,FLL
2001-02-22 17:30:00,62,220,ISP,BWI
2001-03-21 07:05:00,5,446,SAN,OAK
2001-03-04 06:45:00,0,178,MCO,FLL
2001-02-14 06:45:00,-5,612,TPA,BNA
2001-01-28 10:35:00,-13,564,SEA,RNO
2001-03-23 19:45:00,5,628,ABQ,SAN
2001-02-14 12:15:00,-2,180,OAK,RNO
2001-02-06 08:00:00,-1,303,MSY,HOU
2001-02-25 09:05:00,-4,368,SLC,LAS
2001-03-24 16:45:00,15,296,SJC,BUR
2001-03-10 10:32:00,-1,833,PHX,OKC
2001-01-14 13:14:00,12,256,PHX,LAS
2001-03-12 11:05:00,5,621,SJC,PHX
2001-01-25 12:15:00,20,224,SEA,GEG
2001-03-24 14:45:00,-7,1864,SLC,BWI
2001-03-02 14:00:00,20,453,TUL,HOU
2001-01-31 10:40:00,11,1180,ABQ,SEA
2001-03-05 20:10:00,17,714,LAX,ELP
2001-01-02 21:48:00,57,588,BWI,BNA
2001-03-08 12:20:00,4,187,HOU,CRP
2001-03-28 20:15:00,19,308,SJC,LAX
2001-03-17 08:30:00,-10,239,HOU,DAL
2001-03-01 10:37:00,0,258,LAS,SAN
2001-03-25 13:05:00,-5,405,MDW,MCI
2001-02-20 22:15:00,-5,308,SJC,LAX
2001-03-23 15:20:00,-2,453,HOU,TUL
2001-03-21 14:30:00,-17,687,STL,HOU
2001-02-21 18:30:00,45,325,PHX,ONT
2001-03-11 19:03:00,5,1072,MCI,MCO
2001-02-16 17:00:00,35,188,RNO,SJC
2001-02-17 14:15:00,-2,407,LAS,OAK
2001-02-26 07:25:00,-2,491,MCI,BNA
2001-03-09 18:15:00,-25,1073,MCO,ALB
2001-01-14 07:30:00,10,1591,IND,LAS
2001-03-19 14:25:00,1,256,LAS,PHX
2001-01-24 06:38:00,1,580,ABQ,DAL
2001-02-09 19:05:00,67,444,RNO,PDX
2001-02-23 21:04:00,3,328,PVD,BWI
2001-03-15 19:40:00,-8,347,PHX,ELP
2001-01-27 18:12:00,6,673,MSY,FLL
2001-02-02 12:36:00,20,689,SEA,SLC
2001-01-24 05:30:00,-17,337,LAX,OAK
2001-02-11 17:00:00,-9,220,BWI,ISP
2001-02-15 15:15:00,-6,993,MCO,AUS
2001-03-11 19:35:00,10,361,OAK,ONT
2001-03-19 21:25:00,-17,1140,MCI,LAS
2001-01-04 06:50:00,-8,333,SJC,ONT
2001-01-12 06:41:00,26,333,ONT,SJC
2001-01-09 06:21:00,-1,229,MDW,DTW
2001-03-29 07:40:00,-20,1521,MDW,LAS
2001-03-27 11:30:00,3,271,SDF,MDW
2001-02-07 18:40:00,-8,888,JAN,BWI
2001-02-04 19:55:00,-5,1814,IND,LAX
2001-01-26 16:10:00,32,223,LAS,BUR
2001-01-15 21:41:00,24,303,MSY,HOU
2001-02-16 18:45:00,50,333,ONT,SJC
2001-01-24 17:20:00,0,562,DAL,ELP
2001-01-29 10:20:00,5,359,JAN,HOU
2001-01-28 21:15:00,7,389,SMF,ONT
2001-02-17 06:40:00,-5,737,BWI,STL
2001-01-11 20:40:00,-6,437,DAL,MSY
2001-03-04 21:05:00,-10,462,STL,OKC
2001-02-04 14:55:00,2,405,MCI,MDW
2001-03-16 12:50:00,30,852,BDL,BNA
2001-01-14 07:00:00,3,447,SAN,SFO
2001-01-24 08:55:00,-10,303,MSY,HOU
2001-02-22 10:25:00,19,386,SJC,LAS
2001-01-20 07:00:00,-10,588,SLC,OAK
2001-03-22 08:35:00,-7,611,MDW,BWI
2001-03-26 12:05:00,-7,325,BUR,OAK
2001-02-06 09:45:00,-8,303,HOU,MSY
2001-02-26 06:30:00,-8,237,STL,MCI
2001-02-08 13:09:00,5,337,LAX,OAK
2001-02-10 11:20:00,-6,187,CRP,HOU
2001-01-09 13:20:00,0,333,SJC,ONT
2001-02-27 20:14:00,36,351,STL,TUL
2001-03-10 17:45:00,3,682,BWI,BHM
2001-02-26 16:00:00,0,358,BUR,SMF
2001-01-13 20:45:00,14,756,BNA,AUS
2001-01-11 11:50:00,-20,997,TPA,MDW
2001-03-28 15:40:00,-10,223,LAS,BUR
2001-02-22 14:15:00,-30,859,JAX,ISP
2001-03-25 19:50:00,-10,437,MSY,DAL
2001-01-27 16:55:00,-4,197,FLL,TPA
2001-02-09 22:10:00,26,487,LAS,ABQ
2001-01-04 18:50:00,2,283,BDL,BWI
2001-01-08 16:05:00,-1,229,DTW,MDW
2001-03-28 12:10:00,0,611,MDW,BWI
2001-03-22 19:15:00,-3,1262,STL,PHX
2001-01-31 14:33:00,-15,1050,MCO,BDL
2001-01-06 06:30:00,-3,325,ONT,PHX
2001-03-19 09:25:00,0,358,SMF,BUR
2001-02-20 17:20:00,-10,423,OMA,MDW
2001-03-08 11:55:00,-2,417,SAN,SJC
2001-03-28 14:44:00,30,251,MDW,STL
2001-03-30 09:54:00,-8,365,LAS,TUS
2001-03-02 07:16:00,15,671,OAK,SEA
2001-02-06 11:10:00,-3,358,BUR,SMF
2001-01-16 13:55:00,-9,1166,MDW,FLL
2001-02-18 13:25:00,-6,737,STL,BWI
2001-02-01 07:30:00,-13,288,ALB,BWI
2001-02-19 15:15:00,70,373,LAX,SMF
2001-02-28 16:35:00,-23,912,LIT,BWI
2001-02-14 22:20:00,0,368,LAS,SLC
2001-03-20 18:10:00,0,601,RNO,PHX
2001-02-16 08:15:00,14,319,DAL,MAF
2001-01-24 18:20:00,0,437,MSY,DAL
2001-01-15 16:29:00,14,296,BUR,SJC
2001-01-17 19:00:00,-10,370,PHX,LAX
2001-01-04 19:30:00,2,197,FLL,TPA
2001-01-23 14:05:00,-10,1489,PHX,IND
2001-01-20 08:00:00,24,1073,ALB,MCO
2001-03-26 15:25:00,-5,187,CRP,HOU
2001-03-16 18:03:00,37,229,IND,STL
2001-03-16 06:15:00,0,562,ELP,DAL
2001-01-17 11:30:00,9,328,PHX,ABQ
2001-03-15 08:00:00,2,303,MSY,HOU
2001-02-01 08:25:00,7,888,BWI,JAN
2001-02-26 11:40:00,7,1489,IND,PHX
2001-01-23 10:10:00,-13,236,LAS,LAX
2001-01-18 19:05:00,25,258,SAN,LAS
2001-02-09 12:30:00,-7,2237,ALB,LAS
2001-02-22 18:45:00,84,443,RDU,BNA
2001-01-31 10:17:00,5,237,MCI,STL
2001-03-16 07:50:00,-5,1020,HOU,PHX
2001-03-20 18:00:00,-5,1136,LIT,PHX
2001-03-14 09:30:00,7,513,JAX,MSY
2001-02-07 21:40:00,5,328,ABQ,PHX
2001-02-13 17:23:00,0,345,LAS,RNO
2001-02-03 20:24:00,10,180,JAX,TPA
2001-01-13 17:40:00,-3,248,SAT,DAL
2001-01-15 10:55:00,7,493,SLC,ABQ
2001-02-10 08:45:00,-2,670,BNA,HOU
2001-01-29 07:39:00,21,651,PHX,SFO
2001-02-11 08:00:00,-8,251,STL,MDW
2001-02-13 21:10:00,4,251,STL,MDW
2001-03-16 06:50:00,-16,543,PDX,OAK
2001-01-26 12:45:00,-2,479,PDX,SMF
2001-01-14 22:05:00,3,308,SJC,LAX
2001-01-01 09:05:00,-5,487,TPA,MSY
2001-01-29 18:45:00,16,1020,HOU,PHX
2001-02-05 06:15:00,-1,562,ELP,DAL
2001-02-21 13:40:00,-10,335,RNO,BOI
2001-02-13 10:10:00,0,197,ONT,LAS
2001-03-05 06:30:00,-2,303,MSY,HOU
2001-03-11 20:05:00,5,337,OAK,LAX
2001-02-21 15:12:00,0,293,LBB,DAL
2001-03-18 12:45:00,3,580,ABQ,DAL
2001-03-05 16:05:00,-9,287,BOI,GEG
2001-01-15 09:55:00,-6,1107,PHX,SEA
2001-01-24 17:47:00,44,737,BWI,STL
2001-01-21 19:30:00,-9,239,DAL,HOU
2001-03-27 18:40:00,-6,550,MCO,MSY
2001-03-23 11:35:00,-20,1333,MCI,SAN
2001-01-10 17:44:00,36,1262,PHX,STL
2001-02-19 06:45:00,-5,319,MAF,DAL
2001-02-09 21:25:00,17,308,LAX,SJC
2001-01-04 20:10:00,0,446,OAK,SAN
2001-02-25 09:30:00,23,444,PDX,RNO
2001-03-20 14:40:00,-5,479,PDX,SMF
2001-02-23 15:31:00,15,1670,ABQ,BWI
2001-02-16 10:05:00,-3,321,MSY,BHM
2001-01-24 10:45:00,2,181,DAL,OKC
2001-03-10 07:15:00,-4,284,CMH,MDW
2001-02-01 11:40:00,-20,258,LAS,SAN
2001-02-18 10:30:00,-10,802,CMH,MCO
2001-02-15 09:42:00,95,687,STL,HOU
2001-03-04 21:20:00,-5,462,OKC,STL
2001-01-05 07:15:00,13,386,SJC,LAS
2001-03-08 13:31:00,121,647,PHX,SMF
2001-02-22 21:00:00,12,361,ONT,OAK
2001-03-15 11:50:00,0,390,LAX,RNO
2001-02-17 20:50:00,25,325,PHX,ONT
2001-02-04 11:40:00,-5,258,LAS,SAN
2001-03-06 17:45:00,-5,395,MDW,BNA
2001-01-21 19:40:00,-8,296,LIT,DAL
2001-02-03 14:05:00,-2,451,TUS,LAX
2001-01-03 14:10:00,-15,621,PHX,SJC
2001-02-18 20:25:00,42,647,PHX,SMF
2001-01-29 12:10:00,-8,611,MDW,BWI
2001-03-11 09:39:00,-4,2277,PHX,PVD
2001-01-31 07:55:00,0,358,BUR,SMF
2001-02-17 17:55:00,-10,1136,LIT,PHX
2001-02-24 17:59:00,55,236,LAX,LAS
2001-02-24 09:55:00,17,283,BDL,BWI
2001-02-14 07:55:00,3,972,ISP,MCO
2001-02-05 17:30:00,-2,342,SNA,SJC
2001-03-12 14:55:00,-5,288,BWI,ALB
2001-03-27 09:35:00,-6,328,BWI,PVD
2001-02-01 07:00:00,2,347,PHX,ELP
2001-03-26 11:00:00,-8,180,RNO,OAK
2001-02-02 18:21:00,18,178,MCO,FLL
2001-03-29 12:10:00,47,256,PHX,LAS
2001-01-31 22:10:00,-11,283,BWI,BDL
2001-01-18 17:20:00,-5,697,SEA,SJC
2001-02-19 17:10:00,-2,321,MSY,BHM
2001-03-29 17:05:00,-23,2277,PVD,PHX
2001-03-21 09:20:00,0,1295,LIT,LAS
2001-01-26 17:44:00,25,967,BWI,MCI
2001-01-24 20:30:00,45,528,ELP,AUS
2001-02-04 18:00:00,-8,337,LAX,OAK
2001-03-22 17:15:00,-17,1588,BNA,LAS
2001-01-23 15:40:00,-9,347,PHX,ELP
2001-03-23 17:33:00,10,520,LAS,BOI
2001-01-13 19:30:00,2,405,MDW,MCI
2001-01-11 17:46:00,23,283,BWI,BDL
2001-02-17 17:07:00,-5,295,ELP,LBB
2001-02-10 14:05:00,40,677,ABQ,LAX
2001-02-04 22:10:00,50,178,MCO,FLL
2001-02-17 20:20:00,-10,328,BWI,PVD
2001-03-22 20:35:00,-8,281,BUF,BWI
2001-02-09 07:50:00,1,646,PHX,OAK
2001-02-11 11:25:00,5,197,LAS,ONT
2001-01-07 10:15:00,8,370,LAX,PHX
2001-03-03 17:29:00,86,303,MSY,HOU
2001-03-05 17:45:00,3,487,MSY,TPA
2001-01-28 06:30:00,-8,495,SDF,BWI
2001-03-29 10:20:00,8,1552,ABQ,MCO
2001-03-06 20:15:00,-2,187,CRP,HOU
2001-03-08 16:28:00,16,319,MAF,DAL
2001-03-03 13:15:00,61,178,FLL,MCO
2001-01-05 20:50:00,-2,377,BWI,MHT
2001-01-23 21:00:00,0,389,SMF,ONT
2001-02-09 17:23:00,8,295,ELP,LBB
2001-01-16 15:05:00,0,284,CMH,MDW
2001-02-05 12:26:00,0,345,LAS,RNO
2001-01-16 20:30:00,-4,239,HOU,DAL
2001-01-08 20:05:00,-5,229,DTW,MDW
2001-01-06 19:23:00,30,1591,LAS,IND
2001-03-17 13:16:00,5,507,PHX,SLC
2001-01-23 17:05:00,-12,328,PHX,ABQ
2001-02-12 21:05:00,27,217,DAL,IAH
2001-03-23 07:20:00,-2,479,SMF,PDX
2001-03-20 21:58:00,100,304,SAN,PHX
2001-02-16 07:10:00,14,605,SEA,SMF
2001-02-14 07:55:00,32,1262,STL,PHX
2001-02-12 18:35:00,10,671,SEA,OAK
2001-03-11 19:30:00,-1,616,BNA,MCO
2001-03-26 16:55:00,-6,446,OAK,SAN
2001-01-22 08:05:00,-13,178,FLL,MCO
2001-01-17 10:35:00,13,304,SAN,PHX
2001-01-27 06:50:00,0,550,MCO,MSY
2001-03-05 20:36:00,6,507,PHX,SLC
2001-02-24 18:05:00,1,446,OAK,SAN
2001-02-17 13:23:00,4,223,LAS,BUR
2001-01-16 15:00:00,115,369,BUR,PHX
2001-03-15 09:15:00,-6,197,FLL,TPA
2001-01-07 07:15:00,-4,318,FLL,JAX
2001-01-05 08:10:00,-10,1797,BNA,LAX
2001-02-20 13:00:00,-3,178,MCO,FLL
2001-02-01 11:45:00,-15,843,PHX,SAT
2001-03-12 19:05:00,7,342,SJC,SNA
2001-01-31 17:15:00,-3,189,DAL,AUS
2001-01-05 18:08:00,22,787,BWI,MCO
2001-02-22 10:18:00,0,419,OKC,HOU
2001-01-07 19:00:00,-11,1072,MCI,MCO
2001-02-25 20:04:00,66,611,BWI,MDW
2001-02-08 14:15:00,-5,328,PVD,BWI
2001-01-14 17:40:00,8,491,MCI,BNA
2001-03-29 18:45:00,0,451,LAX,TUS
2001-01-15 20:25:00,-1,180,TPA,JAX
2001-03-29 08:40:00,7,318,JAX,FLL
2001-02-15 21:53:00,7,328,ABQ,PHX
2001-03-18 20:20:00,20,495,BWI,SDF
2001-01-31 18:00:00,-13,646,PHX,OAK
2001-01-16 16:55:00,25,284,CMH,MDW
2001-02-02 10:40:00,-3,447,SFO,SAN
2001-02-22 22:29:00,12,423,OMA,MDW
2001-02-08 07:45:00,0,296,DAL,LIT
2001-02-28 17:25:00,78,248,DAL,SAT
2001-03-30 13:55:00,3,332,ABQ,MAF
2001-03-20 20:50:00,-9,324,DAL,AMA
2001-01-05 08:00:00,-6,239,HOU,DAL
2001-02-22 06:05:00,0,287,GEG,BOI
2001-03-10 12:15:00,-4,323,SDF,BHM
2001-03-12 17:40:00,5,587,JAN,MCO
2001-02-07 07:05:00,3,223,BUR,LAS
2001-01-05 22:15:00,-2,528,AUS,ELP
2001-01-06 14:35:00,-1,682,BHM,BWI
2001-02-22 09:50:00,14,1501,MSY,LAS
2001-03-02 12:50:00,-12,1164,SAN,AUS
2001-02-23 14:30:00,23,1301,MSY,PHX
2001-01-20 13:30:00,-10,611,MDW,BWI
2001-01-30 18:50:00,-11,256,LAS,PHX
2001-03-29 14:28:00,33,1301,MSY,PHX
2001-01-11 14:40:00,10,288,BWI,ALB
2001-02-09 17:39:00,32,224,GEG,SEA
2001-02-12 11:20:00,12,1363,MCI,LAX
2001-02-09 06:10:00,-5,276,HRL,HOU
2001-02-06 11:15:00,-7,666,MDW,JAN
2001-03-09 15:29:00,11,296,DAL,LIT
2001-01-05 07:05:00,3,1072,MCO,MCI
2001-02-11 09:35:00,45,368,SLC,LAS
2001-01-02 16:22:00,11,443,RDU,BNA
2001-03-31 11:30:00,5,256,PHX,LAS
2001-03-26 15:50:00,-18,1618,BHM,LAS
2001-02-12 07:25:00,-5,304,SAN,PHX
2001-03-17 17:45:00,-1,407,OAK,LAS
2001-02-28 08:01:00,11,276,HOU,HRL
2001-03-23 19:18:00,6,663,JAX,BWI
2001-01-04 15:00:00,0,239,HOU,DAL
2001-01-19 14:45:00,30,479,SMF,PDX
2001-03-11 11:00:00,-2,284,CMH,MDW
2001-01-24 11:30:00,12,370,PHX,LAX
2001-01-01 12:38:00,31,361,ONT,OAK
2001-03-16 07:05:00,6,142,PBI,MCO
2001-03-20 10:00:00,-5,417,SJC,SAN
2001-01-28 10:20:00,-5,192,SAT,HOU
2001-03-30 14:55:00,0,288,BWI,ALB
2001-03-26 11:30:00,10,440,STL,DTW
2001-02-26 19:15:00,-4,1246,BWI,HOU
2001-03-13 08:00:00,-7,289,LBB,ABQ
2001-01-12 23:09:00,109,446,SAN,OAK
2001-03-22 07:55:00,-7,419,OKC,HOU
2001-02-17 09:50:00,-6,1501,MSY,LAS
2001-02-21 19:45:00,-6,1020,PHX,HOU
2001-02-20 10:00:00,-10,229,DTW,MDW
2001-02-04 15:18:00,6,410,STL,CMH
2001-01-01 14:46:00,-5,479,PDX,SMF
2001-01-03 06:20:00,0,569,PDX,SJC
2001-01-18 10:35:00,4,296,LIT,DAL
2001-03-24 07:05:00,8,588,OAK,SLC
2001-02-14 07:47:00,-6,371,SNA,OAK
2001-03-26 06:13:00,-7,399,BOI,SEA
2001-01-03 21:08:00,0,197,TPA,FLL
2001-02-02 08:40:00,-3,479,PDX,SMF
2001-03-06 17:25:00,12,457,DTW,BNA
2001-02-28 09:43:00,14,303,MSY,HOU
2001-03-25 14:35:00,-22,1142,MCO,MHT
2001-01-31 06:15:00,0,491,BNA,MCI
2001-03-31 08:05:00,-15,848,HOU,MCO
2001-01-08 19:20:00,-2,588,SLC,OAK
2001-03-08 16:27:00,100,399,SEA,BOI
2001-01-18 08:30:00,-10,255,RDU,BWI
2001-03-02 09:20:00,-4,666,JAN,MDW
2001-03-08 23:22:00,71,528,AUS,ELP
2001-03-03 11:20:00,9,217,DAL,IAH
2001-01-18 16:17:00,4,397,LAS,SMF
2001-03-09 19:50:00,5,1363,MCI,LAX
2001-01-29 11:15:00,20,666,MDW,JAN
2001-02-15 11:50:00,3,189,AUS,DAL
2001-02-20 08:10:00,-8,236,LAX,LAS
2001-03-09 23:19:00,89,223,BUR,LAS
2001-02-13 09:30:00,-10,1977,BNA,SEA
2001-01-05 10:35:00,-8,296,LIT,DAL
2001-03-11 19:01:00,29,239,DAL,HOU
2001-02-10 09:10:00,-6,223,ELP,ABQ
2001-03-03 09:50:00,-7,1479,MCI,SJC
2001-03-25 15:55:00,-3,328,PHX,ABQ
2001-03-19 08:30:00,-2,337,OAK,LAX
2001-03-15 13:57:00,6,562,DAL,ELP
2001-02-23 17:30:00,-9,588,BNA,BWI
2001-02-12 07:00:00,-2,328,ABQ,PHX
2001-02-17 11:25:00,7,1073,MCO,PVD
2001-02-26 20:30:00,0,1048,MCI,TPA
2001-03-23 15:27:00,14,328,ABQ,PHX
2001-01-16 20:39:00,7,303,HOU,MSY
2001-01-14 07:25:00,-18,935,PHX,TUL
2001-01-13 19:00:00,-10,471,MSY,BNA
2001-02-25 17:55:00,15,361,OAK,ONT
2001-03-05 07:00:00,-10,239,DAL,HOU
2001-01-28 13:10:00,56,180,OAK,RNO
2001-03-04 13:15:00,-2,296,LIT,DAL
2001-03-31 16:20:00,-5,236,LAS,LAX
2001-02-12 13:05:00,-7,369,BUR,PHX
2001-03-15 11:57:00,8,714,LAX,ELP
2001-01-02 18:33:00,18,646,PHX,OAK
2001-03-03 08:25:00,-12,1999,PHX,BWI
2001-02-09 17:00:00,48,258,SAN,LAS
2001-03-08 19:55:00,35,293,LBB,DAL
2001-03-14 18:58:00,43,1442,MCI,SMF
2001-03-27 19:55:00,14,687,HOU,STL
2001-02-19 17:35:00,0,303,HOU,MSY
2001-03-11 15:45:00,-5,328,PVD,BWI
2001-01-30 16:50:00,12,550,MCO,MSY
2001-01-19 08:00:00,-1,972,ISP,MCO
2001-02-20 07:40:00,13,325,BUR,OAK
2001-03-31 09:40:00,-11,462,OKC,STL
2001-02-17 11:43:00,44,174,TPA,PBI
2001-02-19 12:35:00,8,687,STL,HOU
2001-02-14 06:30:00,-1,304,SAN,PHX
2001-02-26 21:15:00,10,223,LAS,BUR
2001-03-18 19:35:00,-5,373,LAX,SMF
2001-01-18 07:25:00,-4,281,BUF,BWI
2001-03-24 13:35:00,17,180,RNO,OAK
2001-01-10 19:03:00,75,308,LAX,SJC
2001-01-20 07:30:00,-6,480,SAN,SMF
2001-01-23 17:20:00,2,174,PBI,TPA
2001-02-24 16:00:00,58,496,ELP,SAT
2001-03-01 11:20:00,48,889,OAK,ABQ
2001-01-05 08:30:00,12,304,SAN,PHX
2001-03-02 18:17:00,3,325,BUR,OAK
2001-02-01 14:25:00,-5,646,PHX,OAK
2001-03-01 10:15:00,26,303,HOU,MSY
2001-03-03 17:08:00,23,256,PHX,LAS
2001-03-18 13:05:00,-10,283,BDL,BWI
2001-02-09 18:28:00,55,397,SMF,LAS
2001-02-07 15:00:00,1,337,LAX,OAK
2001-01-18 12:40:00,-7,935,PHX,TUL
2001-02-21 06:30:00,-15,580,ABQ,DAL
2001-01-24 09:10:00,-11,410,STL,BHM
2001-01-13 18:25:00,0,1235,HOU,LAS
2001-03-30 20:55:00,-7,605,SMF,SEA
2001-03-18 14:25:00,30,1090,AUS,LAS
2001-01-22 07:50:00,-1,369,BUR,PHX
2001-02-12 08:40:00,-5,1069,SAT,LAS
2001-02-07 10:37:00,28,386,SJC,LAS
2001-01-09 08:35:00,2,361,OAK,ONT
2001-02-22 07:00:00,0,337,OAK,LAX
2001-01-11 14:57:00,21,239,DAL,HOU
2001-01-17 16:30:00,0,180,OAK,RNO
2001-03-19 17:10:00,5,359,JAN,HOU
2001-02-18 09:25:00,-9,288,ALB,BWI
2001-01-31 19:24:00,18,1501,LAS,MSY
2001-01-02 19:36:00,25,271,MDW,SDF
2001-03-30 11:05:00,25,1050,BDL,MCO
2001-01-31 17:41:00,15,446,SAN,OAK
2001-01-23 06:00:00,5,303,MSY,HOU
2001-01-22 16:20:00,13,174,TPA,PBI
2001-03-26 17:30:00,-2,588,BNA,BWI
2001-03-22 10:10:00,-5,361,OAK,ONT
2001-03-27 09:45:00,-1,328,PVD,BWI
2001-03-27 13:50:00,5,1363,LAX,MCI
2001-03-03 20:12:00,-1,368,LAS,SLC
2001-02-24 08:40:00,0,318,JAX,FLL
2001-03-20 11:40:00,-7,237,TUL,DAL
2001-03-10 21:10:00,5,333,ONT,SJC
2001-03-10 12:15:00,5,938,MHT,BNA
2001-03-14 13:15:00,0,296,LIT,DAL
2001-02-18 14:20:00,-6,217,IAH,DAL
2001-03-18 17:23:00,17,236,LAS,LAX
2001-01-30 14:00:00,95,189,DAL,AUS
2001-01-24 11:45:00,13,328,PHX,ABQ
2001-01-05 14:30:00,-24,687,STL,HOU
2001-03-30 14:10:00,-7,496,SAT,ELP
2001-03-19 12:20:00,-3,237,TUL,DAL
2001-02-28 08:20:00,-5,407,LAS,OAK
2001-03-06 12:45:00,-5,223,MCI,TUL
2001-02-25 20:05:00,10,351,STL,TUL
2001-02-17 16:20:00,-15,236,LAS,LAX
2001-02-02 11:30:00,-3,342,STL,OMA
2001-01-19 19:55:00,-8,108,ISP,PVD
2001-01-22 12:45:00,2,487,MSY,TPA
2001-03-16 08:00:00,-2,289,LBB,ABQ
2001-02-02 08:00:00,-17,1140,MCI,LAS
2001-03-15 10:55:00,25,407,LAS,OAK
2001-03-12 11:40:00,7,256,PHX,LAS
2001-01-07 14:40:00,1,288,BWI,ALB
2001-03-29 14:15:00,-8,1048,TPA,MCI
2001-03-14 19:46:00,14,588,BWI,BNA
2001-01-23 14:30:00,0,304,PHX,SAN
2001-03-16 20:25:00,79,1156,STL,SLC
2001-01-21 14:00:00,-12,453,TUL,HOU
2001-02-22 18:25:00,12,759,ABQ,HOU
2001-01-09 15:03:00,40,417,SAN,SJC
2001-03-18 14:45:00,70,224,SEA,GEG
2001-01-11 20:47:00,51,546,SLC,GEG
2001-01-12 19:45:00,-2,1166,FLL,MDW
2001-02-25 16:03:00,13,407,OAK,LAS
2001-02-06 07:00:00,-5,1072,MCO,MCI
2001-03-05 14:35:00,-2,318,FLL,JAX
2001-02-11 08:23:00,3,217,IAH,DAL
2001-02-25 08:30:00,21,447,SAN,SFO
2001-02-18 10:20:00,8,507,SLC,PHX
2001-01-05 18:20:00,0,192,SAT,HOU
2001-02-12 11:45:00,-5,395,MDW,BNA
2001-01-11 13:20:00,-10,756,BNA,AUS
2001-03-02 08:45:00,0,296,STL,LIT
2001-02-28 06:30:00,-6,229,DTW,MDW
2001-02-15 08:30:00,-10,370,PHX,LAX
2001-03-06 21:35:00,7,389,SMF,ONT
2001-03-01 07:10:00,2,271,SDF,MDW
2001-01-05 20:55:00,-10,491,MCI,BNA
2001-03-30 13:00:00,44,718,ABQ,MCI
2001-01-15 09:43:00,-5,1140,LAS,MCI
2001-03-19 15:25:00,-2,373,SMF,LAX
2001-01-11 08:15:00,-5,162,MDW,IND
2001-01-07 10:44:00,20,580,ABQ,DAL
2001-03-20 07:50:00,0,197,FLL,TPA
2001-03-06 10:57:00,19,1444,MDW,PHX
2001-03-18 11:45:00,-11,562,DAL,ELP
2001-02-27 07:15:00,7,756,AUS,BNA
2001-02-15 16:22:00,10,197,TPA,FLL
2001-02-09 06:30:00,-7,181,DAL,OKC
2001-03-02 06:45:00,3,1959,OAK,BNA
2001-02-13 07:40:00,-14,371,SNA,OAK
2001-02-20 09:35:00,0,328,BWI,PVD
2001-02-07 07:57:00,62,632,RDU,MDW
2001-02-13 11:35:00,-2,283,BWI,BDL
2001-03-16 22:34:00,67,487,STL,CLE
2001-03-29 18:05:00,-18,1162,AUS,RDU
2001-01-30 14:32:00,10,677,LAX,ABQ
2001-03-05 16:52:00,17,718,MCI,ABQ
2001-01-09 17:05:00,-2,1156,SLC,STL
2001-02-21 13:25:00,-7,677,ABQ,LAX
2001-03-07 09:45:00,15,358,SMF,BUR
2001-01-07 19:50:00,75,842,TPA,BWI
2001-02-26 06:00:00,2,371,OAK,SNA
2001-03-16 08:20:00,5,550,MSY,MCO
2001-01-03 21:50:00,0,293,DAL,LBB
2001-03-10 19:05:00,-5,251,STL,MDW
2001-03-16 00:42:00,138,303,MSY,HOU
2001-01-02 09:30:00,34,370,LAX,PHX
2001-02-12 18:21:00,70,543,PDX,OAK
2001-02-19 09:30:00,-1,513,JAX,MSY
2001-03-26 20:50:00,-1,480,SAN,SMF
2001-01-07 12:45:00,40,373,LAX,SMF
2001-03-14 08:55:00,-3,303,MSY,HOU
2001-02-18 17:15:00,-6,405,MCI,MDW
2001-03-13 08:05:00,48,318,JAX,FLL
2001-03-01 11:19:00,23,1246,BWI,HOU
2001-03-03 07:25:00,-8,758,AMA,LAS
2001-02-07 12:00:00,-5,224,SEA,GEG
2001-02-25 10:25:00,3,480,SAN,SMF
2001-02-11 13:25:00,-3,359,JAN,HOU
2001-01-15 08:55:00,-5,187,CRP,HOU
2001-02-22 20:52:00,14,1044,PHX,MCI
2001-02-08 16:20:00,-15,308,SJC,LAX
2001-01-08 11:00:00,-20,671,OAK,SEA
2001-01-22 15:00:00,-3,628,ABQ,SAN
2001-01-03 07:00:00,-13,447,SAN,SFO
2001-01-16 16:20:00,-8,395,BNA,MDW
2001-02-21 07:00:00,-2,347,PHX,ELP
2001-03-07 14:32:00,65,1020,PHX,HOU
2001-01-13 18:20:00,-3,1448,BNA,PHX
2001-03-02 21:34:00,36,358,SMF,BUR
2001-01-20 06:45:00,-2,460,TPA,BHM
2001-01-20 17:00:00,-5,192,SAT,HOU
2001-03-29 13:25:00,13,507,PHX,SLC
2001-01-12 20:40:00,-1,276,HRL,HOU
2001-02-16 18:08:00,8,1848,PHX,MCO
2001-02-27 07:00:00,-8,303,HOU,MSY
2001-01-29 14:45:00,-6,587,TPA,RDU
2001-01-31 19:30:00,-7,258,LAS,SAN
2001-02-01 18:35:00,10,187,CRP,HOU
2001-03-03 07:00:00,0,407,OAK,LAS
2001-02-27 14:57:00,25,480,SAN,SMF
2001-01-06 21:20:00,7,451,MCI,IND
2001-03-09 18:40:00,64,296,BUR,SJC
2001-01-05 14:00:00,-4,325,ONT,PHX
2001-01-14 14:30:00,-5,687,STL,HOU
2001-02-28 18:55:00,125,647,PHX,SMF
2001-01-12 06:30:00,-2,224,GEG,SEA
2001-02-25 15:21:00,65,405,MDW,MCI
2001-02-13 10:15:00,-2,636,SAN,ELP
2001-02-26 09:56:00,-2,271,MDW,SDF
2001-01-30 10:05:00,28,370,PHX,LAX
2001-02-18 07:05:00,4,727,TPA,SDF
2001-02-26 20:35:00,-2,646,OAK,PHX
2001-03-17 09:50:00,3,271,MDW,SDF
2001-02-26 08:00:00,-9,822,SAT,BNA
2001-01-23 16:40:00,-20,1235,LAS,HOU
2001-03-22 13:30:00,-10,239,DAL,HOU
2001-03-11 19:55:00,0,437,DAL,MSY
2001-03-04 12:35:00,7,367,TUS,SAN
2001-01-14 07:55:00,12,718,MCI,ABQ
2001-02-27 15:35:00,6,611,BWI,MDW
2001-03-22 14:45:00,-14,1073,ALB,MCO
2001-03-26 09:24:00,9,407,OAK,LAS
2001-01-16 13:00:00,-1,345,RNO,LAS
2001-01-14 13:40:00,14,197,LAS,ONT
2001-01-28 09:30:00,-15,281,BUF,BWI
2001-01-10 17:51:00,32,342,SNA,SJC
2001-01-14 15:35:00,27,258,SAN,LAS
2001-01-18 17:44:00,20,239,DAL,HOU
2001-03-01 12:50:00,91,671,SEA,OAK
2001-03-29 20:40:00,-5,307,MDW,CLE
2001-02-20 18:30:00,-6,337,OAK,LAX
2001-01-31 13:00:00,-2,361,OAK,ONT
2001-03-13 18:25:00,-9,417,SAN,SJC
2001-02-08 19:40:00,-15,651,PHX,SFO
2001-02-13 17:04:00,10,192,SAT,HOU
2001-02-03 07:53:00,4,1521,MDW,LAS
2001-01-25 06:15:00,-5,697,SEA,SJC
2001-03-01 09:35:00,0,236,LAX,LAS
2001-01-13 15:18:00,2,188,SJC,RNO
2001-01-15 08:15:00,5,162,MDW,IND
2001-03-04 16:05:00,24,318,FLL,JAX
2001-02-06 19:30:00,-12,1236,MCI,MHT
2001-01-02 15:45:00,-10,217,DAL,IAH
2001-02-18 16:05:00,5,407,OAK,LAS
2001-03-17 10:35:00,-5,1363,LAX,MCI
2001-01-19 20:35:00,20,325,BUR,OAK
2001-03-13 19:03:00,14,889,OAK,ABQ
2001-03-01 10:35:00,-4,180,RNO,OAK
2001-01-17 21:35:00,-10,417,SJC,SAN
2001-02-19 11:08:00,36,451,TUS,LAX
2001-01-19 20:15:00,-8,187,CRP,HOU
2001-01-27 13:05:00,-10,588,BNA,BWI
2001-02-21 18:10:00,0,1235,LAS,HOU
2001-01-28 14:35:00,30,534,RDU,MCO
2001-01-05 11:44:00,10,588,OAK,SLC
2001-03-20 16:05:00,8,197,ONT,LAS
2001-03-25 11:20:00,-3,630,PDX,SLC
2001-02-20 14:30:00,2,580,ABQ,DAL
2001-03-18 07:25:00,-7,758,AMA,LAS
2001-02-27 16:05:00,7,588,BWI,BNA
2001-03-13 07:00:00,-3,313,OKC,MCI
2001-02-15 07:00:00,5,217,DAL,IAH
2001-01-01 12:40:00,4,229,STL,IND
2001-01-18 08:47:00,7,303,HOU,MSY
2001-02-18 19:00:00,16,417,SJC,SAN
2001-03-29 19:13:00,20,443,BNA,RDU
2001-01-04 12:20:00,13,708,MSY,IND
2001-02-15 08:30:00,84,229,IND,STL
2001-03-06 06:20:00,-5,303,HOU,MSY
2001-03-05 08:45:00,0,293,DAL,LBB
2001-02-20 12:30:00,12,251,MDW,STL
2001-02-19 11:57:00,25,308,LAX,SJC
2001-03-23 17:45:00,0,251,STL,MDW
2001-02-07 12:30:00,1,342,SJC,SNA
2001-03-02 17:10:00,-8,359,HOU,JAN
2001-02-05 10:30:00,-5,361,ONT,OAK
2001-03-16 15:56:00,3,407,OAK,LAS
2001-02-04 11:15:00,-15,197,LAS,ONT
2001-01-26 08:00:00,0,303,MSY,HOU
2001-01-24 17:20:00,-1,319,MAF,DAL
2001-02-16 08:20:00,5,248,DAL,SAT
2001-01-15 17:10:00,42,180,OAK,RNO
2001-01-26 18:15:00,25,189,DAL,AUS
2001-01-24 09:10:00,-10,361,ONT,OAK
2001-01-15 14:18:00,46,281,BWI,BUF
2001-03-28 16:05:00,-10,281,BWI,BUF
2001-03-21 10:55:00,-15,1142,MHT,MCO
2001-01-19 11:20:00,10,351,TUL,STL
2001-03-16 15:50:00,10,1797,LAX,BNA
2001-03-11 21:00:00,33,345,LAS,RNO
2001-01-12 21:20:00,35,318,JAX,FLL
2001-03-01 15:53:00,38,365,LAS,TUS
2001-03-17 13:50:00,-5,236,LAS,LAX
2001-02-17 14:55:00,-3,437,MSY,DAL
2001-02-05 13:10:00,-9,256,PHX,LAS
2001-03-20 09:05:00,-13,628,ABQ,SAN
2001-02-14 21:07:00,47,370,PHX,LAX
2001-01-11 10:15:00,15,1262,STL,PHX
2001-03-25 18:40:00,-1,543,OAK,PDX
2001-03-07 20:55:00,13,377,BWI,MHT
2001-01-09 20:30:00,-20,663,BWI,JAX
2001-01-29 10:20:00,10,1140,MCI,LAS
2001-02-21 07:55:00,0,1797,BNA,LAX
2001-03-29 09:45:00,6,1772,LAS,CMH
2001-03-29 10:59:00,9,919,SLC,MCI
2001-03-27 21:50:00,74,189,AUS,DAL
2001-03-22 10:00:00,-9,229,MDW,DTW
2001-03-13 17:55:00,-10,304,PHX,SAN
2001-03-21 16:43:00,22,187,CRP,HOU
2001-01-19 08:30:00,-6,1262,STL,PHX
2001-01-11 09:55:00,5,647,SMF,PHX
2001-03-19 15:55:00,5,325,OAK,BUR
2001-03-05 12:20:00,-1,405,MCI,MDW
2001-01-30 06:30:00,-3,189,AUS,DAL
2001-03-16 07:10:00,2,318,FLL,JAX
2001-02-03 15:40:00,-8,377,MHT,BWI
2001-02-02 11:27:00,1,677,HOU,ELP
2001-01-15 09:27:00,20,283,BDL,BWI
2001-03-16 08:05:00,-8,174,TPA,PBI
2001-01-16 06:30:00,-10,224,GEG,SEA
2001-01-19 08:28:00,5,588,BWI,BNA
2001-01-26 06:55:00,25,1591,IND,LAS
2001-03-13 10:25:00,-2,480,SMF,SAN
2001-03-10 15:20:00,-9,254,SDF,STL
2001-02-06 18:18:00,4,325,OAK,BUR
2001-03-16 16:33:00,48,419,HOU,OKC
2001-03-07 17:10:00,-6,162,IND,MDW
2001-02-28 16:20:00,-10,308,SJC,LAX
2001-01-07 17:10:00,12,1262,PHX,STL
2001-01-03 07:00:00,-15,1235,LAS,HOU
2001-02-13 10:10:00,50,687,HOU,STL
2001-03-01 16:25:00,18,287,BOI,GEG
2001-01-08 19:40:00,-1,293,LBB,DAL
2001-03-08 22:30:00,90,333,ONT,SJC
2001-01-28 06:40:00,0,397,SMF,LAS
2001-01-03 08:12:00,1,325,BUR,OAK
2001-03-04 11:10:00,0,341,LBB,AUS
2001-03-07 21:15:00,-14,515,BWI,IND
2001-01-30 07:50:00,5,229,DTW,MDW
2001-02-27 10:55:00,-7,303,HOU,MSY
2001-01-23 21:30:00,-1,239,DAL,HOU
2001-01-08 08:05:00,0,162,IND,MDW
2001-02-10 07:57:00,28,904,RDU,MCI
2001-03-21 15:24:00,9,303,HOU,MSY
2001-03-22 07:00:00,-7,303,MSY,HOU
2001-03-11 21:45:00,-2,236,LAX,LAS
2001-02-22 10:57:00,55,308,SJC,LAX
2001-02-21 06:30:00,-2,337,OAK,LAX
2001-02-05 08:30:00,8,417,SJC,SAN
2001-02-20 18:10:00,-5,714,LAX,ELP
2001-03-22 15:52:00,-10,325,PHX,ONT
2001-03-27 10:00:00,-20,337,OAK,LAX
2001-03-15 22:00:00,27,189,DAL,AUS
2001-03-31 12:00:00,14,714,LAX,ELP
2001-03-01 15:20:00,46,248,DAL,SAT
2001-02-14 19:08:00,33,417,SAN,SJC
2001-01-07 14:19:00,14,580,ABQ,DAL
2001-01-17 21:50:00,10,258,SAN,LAS
2001-02-26 06:30:00,-15,687,HOU,STL
2001-02-10 15:25:00,-5,564,SEA,RNO
2001-02-02 17:15:00,0,670,BNA,HOU
2001-01-10 11:00:00,3,239,DAL,HOU
2001-02-25 18:25:00,13,256,PHX,LAS
2001-01-18 19:50:00,0,1140,LAS,MCI
2001-03-13 17:35:00,12,842,MDW,PVD
2001-03-10 13:38:00,10,1020,PHX,HOU
2001-01-27 07:55:00,-15,367,TUS,SAN
2001-02-18 12:29:00,10,328,BWI,PVD
2001-03-27 18:20:00,-2,842,TPA,BWI
2001-03-13 11:06:00,0,393,LIT,HOU
2001-02-22 20:54:00,14,189,DAL,AUS
2001-01-19 19:42:00,14,417,SAN,SJC
2001-03-11 17:33:00,17,550,MSY,MCO
2001-03-01 14:40:00,-15,479,PDX,SMF
2001-03-08 06:30:00,0,217,IAH,DAL
2001-03-27 10:50:00,0,714,LAX,ELP
2001-01-07 21:45:00,-10,291,SLC,BOI
2001-03-23 18:52:00,27,451,TUS,LAX
2001-01-05 20:00:00,13,303,HOU,MSY
2001-03-20 06:30:00,-8,148,HOU,AUS
2001-01-05 22:15:00,25,397,SMF,LAS
2001-01-30 07:20:00,-7,108,ISP,PVD
2001-03-03 07:40:00,7,308,LAX,SJC
2001-02-03 13:45:00,7,737,STL,BWI
2001-01-05 12:00:00,-8,224,SEA,GEG
2001-03-04 10:05:00,3,256,LAS,PHX
2001-03-31 12:05:00,-2,347,PHX,ELP
2001-03-01 11:52:00,37,611,MDW,BWI
2001-03-11 12:00:00,6,220,BWI,ISP
2001-03-30 18:35:00,0,197,ONT,LAS
2001-01-11 12:45:00,-8,487,MSY,TPA
2001-01-04 06:30:00,-10,308,LAX,SJC
2001-03-03 15:43:00,23,178,MCO,FLL
2001-02-28 07:15:00,12,386,SJC,LAS
2001-02-28 08:00:00,-10,389,ONT,SMF
2001-01-26 06:38:00,3,441,MAF,HOU
2001-01-22 13:15:00,-5,550,MSY,MCO
2001-03-21 18:35:00,-2,174,TPA,PBI
2001-03-14 17:50:00,178,239,DAL,HOU
2001-01-01 16:34:00,3,361,ONT,OAK
2001-02-05 18:10:00,-2,447,SFO,SAN
2001-02-19 12:55:00,5,1069,SAT,LAS
2001-02-09 06:30:00,-12,236,LAX,LAS
2001-02-05 11:55:00,7,180,JAX,TPA
2001-02-08 09:40:00,-8,325,OAK,BUR
2001-03-29 16:28:00,0,308,LAX,SJC
2001-03-20 07:00:00,-5,256,PHX,LAS
2001-03-28 22:40:00,0,389,SMF,ONT
2001-01-07 21:25:00,12,373,SMF,LAX
2001-02-25 14:41:00,14,422,RNO,SLC
2001-02-17 16:25:00,0,440,DTW,STL
2001-03-16 17:15:00,-2,239,HOU,DAL
2001-01-12 08:15:00,-1,580,DAL,ABQ
2001-02-02 15:50:00,3,621,SJC,PHX
2001-03-19 09:50:00,-11,1501,MSY,LAS
2001-03-16 08:35:00,-3,325,PHX,ONT
2001-01-23 13:35:00,-12,562,ELP,DAL
2001-03-09 22:40:00,87,833,PHX,OKC
2001-02-06 12:30:00,-4,370,PHX,LAX
2001-01-10 06:50:00,-5,507,PHX,SLC
2001-03-08 13:50:00,8,1363,LAX,MCI
2001-03-12 08:10:00,-5,148,AUS,HOU
2001-02-15 14:00:00,14,1020,HOU,PHX
2001-03-16 07:05:00,-7,223,ABQ,ELP
2001-03-10 09:30:00,0,513,JAX,MSY
2001-01-30 20:13:00,19,236,LAX,LAS
2001-02-07 21:15:00,-4,319,DAL,MAF
2001-02-27 09:00:00,3,1090,LAS,AUS
2001-02-11 10:55:00,11,369,PHX,BUR
2001-02-08 11:35:00,-6,351,STL,TUL
2001-02-07 07:40:00,-1,587,TPA,RDU
2001-02-18 18:02:00,43,373,LAX,SMF
2001-03-25 21:20:00,-9,178,MCO,FLL
2001-01-03 17:17:00,5,395,MDW,BNA
2001-01-18 08:35:00,-15,325,PHX,ONT
2001-01-08 15:50:00,-10,271,MDW,SDF
2001-01-12 20:55:00,-10,251,STL,MDW
2001-01-24 16:32:00,14,833,PHX,OKC
2001-03-14 17:50:00,-5,389,ONT,SMF
2001-03-25 16:10:00,-13,1448,PHX,BNA
2001-03-01 15:45:00,0,229,MDW,DTW
2001-03-18 08:10:00,0,328,ABQ,PHX
2001-03-31 17:30:00,-3,256,PHX,LAS
2001-03-27 14:20:00,-5,580,ABQ,DAL
2001-03-08 21:15:00,7,251,MDW,STL
2001-03-25 14:00:00,-4,453,TUL,HOU
2001-02-04 07:45:00,5,487,TPA,MSY
2001-01-28 20:40:00,-5,1262,PHX,STL
2001-03-19 11:00:00,-6,239,HOU,DAL
2001-01-04 18:10:00,19,148,AUS,HOU
2001-03-06 22:15:00,-1,251,STL,MDW
2001-01-02 07:18:00,22,423,OMA,MDW
2001-03-22 21:15:00,-1,487,STL,CLE
2001-02-10 12:50:00,66,714,LAX,ELP
2001-03-06 10:20:00,-4,359,JAN,HOU
2001-02-14 09:40:00,-9,520,LAS,BOI
2001-01-17 15:40:00,-4,229,MDW,DTW
2001-02-01 10:45:00,7,258,SAN,LAS
2001-02-23 16:00:00,0,325,OAK,BUR
2001-03-02 07:55:00,5,276,HOU,HRL
2001-01-29 18:55:00,9,651,SFO,PHX
2001-01-26 14:40:00,22,256,PHX,LAS
2001-02-06 11:45:00,-7,325,BUR,OAK
2001-02-19 13:25:00,35,590,SLC,LAX
2001-01-31 11:30:00,-2,487,ABQ,LAS
2001-03-06 07:04:00,9,237,DAL,TUL
2001-02-23 08:48:00,75,1521,MDW,LAS
2001-01-24 13:10:00,-3,319,MAF,DAL
2001-02-28 10:37:00,21,495,SDF,BWI
2001-02-11 19:15:00,13,1262,STL,PHX
2001-02-07 12:40:00,-12,484,JAX,BNA
2001-02-19 20:15:00,-8,248,SAT,DAL
2001-02-09 07:15:00,-9,756,AUS,BNA
2001-01-13 19:15:00,2,189,AUS,DAL
2001-02-28 13:00:00,-6,239,HOU,DAL
2001-03-26 09:00:00,1,838,MDW,MHT
2001-02-07 13:37:00,13,258,SAN,LAS
2001-02-27 10:05:00,-3,441,HOU,MAF
2001-02-25 16:25:00,-23,1999,PHX,BWI
2001-03-14 16:25:00,7,197,TPA,FLL
2001-02-27 12:20:00,2,407,LAS,OAK
2001-03-30 18:25:00,-9,1140,MCI,LAS
2001-01-07 07:15:00,-3,1076,TUL,LAS
2001-03-27 12:19:00,11,258,SAN,LAS
2001-02-01 16:50:00,-5,325,OAK,BUR
2001-01-19 11:15:00,0,611,MDW,BWI
2001-03-10 19:00:00,30,842,TPA,BWI
2001-01-12 06:45:00,12,460,TPA,BHM
2001-02-16 07:10:00,12,2277,PVD,PHX
2001-01-14 17:54:00,7,389,ONT,SMF
2001-02-01 17:00:00,-6,447,SFO,SAN
2001-01-25 13:30:00,-8,279,GEG,PDX
2001-03-21 13:30:00,2,1020,PHX,HOU
2001-01-13 15:37:00,22,254,STL,SDF
2001-03-29 23:06:00,30,303,HOU,MSY
2001-01-17 11:39:00,2,239,HOU,DAL
2001-03-13 20:50:00,0,612,BNA,TPA
2001-03-03 11:00:00,-3,284,CMH,MDW
2001-02-28 10:53:00,22,258,LAS,SAN
2001-02-07 11:49:00,27,1999,BWI,PHX
2001-03-08 20:59:00,38,279,PDX,GEG
2001-01-25 18:45:00,5,852,BNA,BDL
2001-01-24 12:25:00,26,373,LAX,SMF
2001-03-21 06:15:00,-20,838,MHT,MDW
2001-01-25 07:00:00,-6,377,BWI,MHT
2001-02-04 10:10:00,4,223,TUL,MCI
2001-03-18 17:25:00,0,307,MDW,CLE
2001-03-19 20:25:00,-8,590,LAX,SLC
2001-03-29 21:22:00,174,843,SAT,PHX
2001-02-16 21:35:00,62,333,SJC,ONT
2001-02-16 06:30:00,-7,304,SAN,PHX
2001-02-19 14:00:00,48,1987,BUF,LAS
2001-03-22 15:05:00,-8,550,MSY,MCO
2001-01-09 17:05:00,10,333,SJC,ONT
2001-03-23 11:00:00,-5,347,PHX,ELP
2001-02-13 17:34:00,18,342,STL,OMA
2001-02-07 07:05:00,7,671,OAK,SEA
2001-02-02 09:40:00,-18,1489,MCI,OAK
2001-01-21 15:39:00,-6,337,LAX,OAK
2001-03-05 16:00:00,11,611,BWI,MDW
2001-01-26 14:56:00,25,682,BWI,BHM
2001-02-21 14:15:00,-2,328,PVD,BWI
2001-03-09 14:28:00,0,422,RNO,SLC
2001-01-14 15:15:00,0,324,DAL,AMA
2001-02-07 18:05:00,-4,325,OAK,BUR
2001-01-02 21:35:00,40,246,ELP,MAF
2001-03-27 08:40:00,-10,377,BWI,MHT
2001-02-15 19:43:00,14,588,BWI,BNA
2001-02-23 13:12:00,14,303,MSY,HOU
2001-01-22 08:24:00,3,237,TUL,DAL
2001-03-28 10:25:00,0,288,ALB,BWI
2001-01-14 05:30:00,2,337,LAX,OAK
2001-02-23 14:08:00,45,237,DAL,TUL
2001-02-03 07:55:00,0,197,TPA,FLL
2001-03-11 10:10:00,10,178,FLL,MCO
2001-02-01 17:45:00,-8,367,TUS,SAN
2001-03-29 07:25:00,0,611,BWI,MDW
2001-03-19 21:15:00,0,187,HOU,CRP
2001-02-23 10:20:00,2,389,ONT,SMF
2001-01-13 10:10:00,2,342,SJC,SNA
2001-02-05 07:00:00,-12,239,DAL,HOU
2001-01-21 13:50:00,0,296,DAL,LIT
2001-03-21 06:30:00,-7,148,HOU,AUS
2001-02-16 16:46:00,43,239,DAL,HOU
2001-01-28 11:15:00,-6,1797,LAX,BNA
2001-03-27 21:35:00,-3,487,LAS,ABQ
2001-01-13 13:20:00,5,1137,TPA,PVD
2001-01-24 18:10:00,-4,108,PVD,ISP
2001-01-03 11:22:00,0,189,DAL,AUS
2001-02-20 14:25:00,-4,507,SLC,PHX
2001-02-08 11:20:00,0,248,DAL,SAT
2001-02-07 17:55:00,-5,177,BHM,BNA
2001-01-16 20:50:00,78,256,LAS,PHX
2001-02-27 06:00:00,-7,303,MSY,HOU
2001-01-01 13:22:00,-1,224,GEG,SEA
2001-03-11 19:15:00,1,1262,STL,PHX
2001-02-04 17:05:00,0,377,MHT,BWI
2001-02-22 09:30:00,-5,283,BDL,BWI
2001-03-29 12:00:00,-10,239,DAL,HOU
2001-02-09 14:05:00,78,446,OAK,SAN
2001-01-25 09:10:00,-11,304,PHX,SAN
2001-01-30 19:50:00,-4,361,OAK,ONT
2001-01-17 19:13:00,7,493,ABQ,SLC
2001-03-19 17:35:00,4,928,AUS,TPA
2001-03-14 20:05:00,10,217,IAH,DAL
2001-02-20 07:58:00,20,333,SJC,ONT
2001-03-06 12:10:00,-10,1140,MCI,LAS
2001-03-16 18:04:00,70,271,SDF,MDW
2001-02-22 07:00:00,0,303,MSY,HOU
2001-01-20 18:45:00,-10,405,MCI,MDW
2001-02-24 20:15:00,-18,180,JAX,TPA
2001-03-13 15:00:00,47,570,BHM,MDW
2001-01-06 19:55:00,-15,271,SDF,MDW
2001-02-04 13:20:00,2,304,SAN,PHX
2001-03-15 12:15:00,0,180,OAK,RNO
2001-03-26 08:47:00,1,325,OAK,BUR
2001-01-05 09:15:00,-1,189,AUS,DAL
2001-01-14 19:00:00,22,308,SJC,LAX
2001-03-03 13:42:00,-5,1140,MCI,LAS
2001-03-29 09:35:00,-12,907,BNA,PVD
2001-02-25 20:30:00,0,293,DAL,LBB
2001-01-28 13:00:00,-9,178,MCO,FLL
2001-01-07 13:55:00,7,358,BUR,SMF
2001-01-07 20:30:00,-6,370,PHX,LAX
2001-03-19 11:10:00,-11,601,PHX,RNO
2001-03-10 17:50:00,0,358,SMF,BUR
2001-01-31 14:15:00,5,328,PVD,BWI
2001-01-22 09:20:00,0,543,OAK,PDX
2001-02-04 07:30:00,-6,443,BNA,RDU
2001-02-21 08:00:00,3,148,HOU,AUS
2001-02-13 21:05:00,-18,630,SLC,PDX
2001-02-22 08:58:00,10,1235,HOU,LAS
2001-01-17 09:27:00,18,440,DTW,STL
2001-02-04 08:00:00,-10,345,LAS,RNO
2001-03-17 14:45:00,9,237,MCI,STL
2001-03-12 10:45:00,43,708,IND,MSY
2001-01-11 08:15:00,-2,319,DAL,MAF
2001-03-22 06:40:00,-12,487,CLE,STL
2001-02-20 14:25:00,-15,677,LAX,ABQ
2001-01-04 19:35:00,5,371,OAK,SNA
2001-03-29 19:35:00,14,358,BUR,SMF
2001-01-12 15:07:00,-6,570,MDW,BHM
2001-03-08 14:49:00,5,345,LAS,RNO
2001-03-18 08:00:00,-10,822,SAT,BNA
2001-01-31 11:30:00,4,271,SDF,MDW
2001-01-02 16:21:00,1,397,LAS,SMF
2001-02-16 15:10:00,-3,248,SAT,DAL
2001-03-05 08:10:00,-2,197,ONT,LAS
2001-02-27 10:45:00,-15,787,BWI,MCO
2001-01-16 19:20:00,-15,588,SLC,OAK
2001-03-21 10:00:00,-10,1521,LAS,MDW
2001-01-28 20:43:00,21,308,LAX,SJC
2001-01-02 20:05:00,-9,192,SAT,HOU
2001-02-19 13:00:00,-11,342,OMA,STL
2001-02-22 07:35:00,-10,345,RNO,LAS
2001-03-07 17:10:00,-3,248,DAL,SAT
2001-01-23 15:20:00,-5,258,SAN,LAS
2001-02-16 07:30:00,-3,370,LAX,PHX
2001-03-10 13:53:00,20,737,STL,BWI
2001-03-04 13:30:00,21,590,LAX,SLC
2001-03-29 12:49:00,19,480,SAN,SMF
2001-01-06 08:15:00,-5,237,TUL,DAL
2001-01-13 17:15:00,0,187,HOU,CRP
2001-03-04 07:10:00,-8,251,STL,MDW
2001-01-24 21:50:00,-5,293,DAL,LBB
2001-01-27 09:50:00,-5,174,PBI,TPA
2001-02-18 16:34:00,6,304,PHX,SAN
2001-02-07 15:21:00,28,337,OAK,LAX
2001-03-26 06:40:00,-4,405,MCI,MDW
2001-01-03 21:00:00,0,237,DAL,TUL
2001-03-20 20:35:00,30,224,SEA,GEG
2001-01-14 20:43:00,75,395,BNA,MDW
2001-02-02 21:25:00,33,351,TUL,STL
2001-02-17 20:20:00,-2,718,SDF,MCO
2001-02-12 12:05:00,-3,293,LBB,DAL
2001-01-19 19:15:00,-5,1501,LAS,MSY
2001-01-26 19:38:00,110,308,SJC,LAX
2001-02-17 08:00:00,-5,345,LAS,RNO
2001-01-08 07:00:00,-12,337,LAX,OAK
2001-02-27 08:40:00,6,229,DTW,MDW
2001-02-10 21:05:00,8,333,ONT,SJC
2001-02-09 11:15:00,-9,1073,MCO,ALB
2001-01-04 15:09:00,-2,148,HOU,AUS
2001-01-14 11:50:00,-4,180,JAX,TPA
2001-02-03 07:00:00,-5,303,MSY,HOU
2001-01-31 13:58:00,0,423,MDW,OMA
2001-01-19 07:20:00,-2,1489,OAK,MCI
2001-03-21 15:55:00,-5,303,MSY,HOU
2001-01-31 10:50:00,-2,919,SLC,MCI
2001-03-28 13:15:00,4,318,FLL,JAX
2001-01-26 17:40:00,55,325,OAK,BUR
2001-02-27 12:30:00,-7,239,HOU,DAL
2001-02-20 16:51:00,-2,437,MSY,DAL
2001-01-03 11:49:00,15,386,LAS,SJC
2001-01-08 21:53:00,7,314,BWI,CLE
2001-01-21 17:48:00,12,318,FLL,JAX
2001-02-19 08:45:00,-5,217,DAL,IAH
2001-01-02 20:34:00,40,328,ABQ,PHX
2001-01-03 10:55:00,10,796,LAS,MAF
2001-01-07 18:50:00,-8,251,MDW,STL
2001-03-27 06:35:00,-3,256,PHX,LAS
2001-02-13 12:15:00,-9,852,BDL,BNA
2001-01-09 20:00:00,-8,487,ABQ,LAS
2001-02-27 15:05:00,0,284,CMH,MDW
2001-01-23 09:45:00,-15,1448,PHX,BNA
2001-03-09 18:02:00,0,177,BHM,BNA
2001-03-02 06:40:00,-4,507,SLC,PHX
2001-02-23 10:45:00,-6,287,BOI,GEG
2001-02-22 12:10:00,11,373,SMF,LAX
2001-02-03 10:45:00,-9,258,SAN,LAS
2001-01-08 22:05:00,-6,248,SAT,DAL
2001-03-06 15:20:00,-6,405,MDW,MCI
2001-01-21 19:42:00,10,395,BNA,MDW
2001-02-05 08:25:00,2,328,PVD,BWI
2001-03-29 15:58:00,22,283,BDL,BWI
2001-03-01 22:10:00,21,223,BUR,LAS
2001-03-28 16:17:00,4,174,TPA,PBI
2001-02-22 15:10:00,5,342,SNA,SJC
2001-03-18 14:15:00,65,239,HOU,DAL
2001-02-26 12:10:00,-16,611,MDW,BWI
2001-01-29 19:15:00,-2,303,MSY,HOU
2001-03-25 18:25:00,0,417,SAN,SJC
2001-03-19 16:05:00,-12,281,BWI,BUF
2001-03-26 14:40:00,-2,248,DAL,SAT
2001-01-07 06:50:00,23,570,BHM,HOU
2001-03-23 16:45:00,13,239,DAL,HOU
2001-01-16 06:37:00,9,689,SLC,SEA
2001-01-02 20:35:00,20,621,PHX,SJC
2001-02-07 11:00:00,-13,337,OAK,LAX
2001-03-24 10:10:00,13,1501,MSY,LAS
2001-01-10 14:22:00,35,397,SMF,LAS
2001-03-25 17:50:00,-15,673,MSY,FLL
2001-03-24 19:33:00,31,407,OAK,LAS
2001-03-15 21:46:00,16,288,BWI,ALB
2001-02-17 16:14:00,4,178,MCO,FLL
2001-02-03 12:45:00,-8,223,MCI,TUL
2001-03-15 16:55:00,6,1552,MCO,ABQ
2001-01-08 12:35:00,-5,395,BNA,MDW
2001-01-20 13:35:00,-4,273,HRL,AUS
2001-02-03 10:10:00,5,197,TPA,FLL
2001-03-14 09:00:00,-6,370,PHX,LAX
2001-02-15 10:00:00,6,239,HOU,DAL
2001-02-09 22:00:00,-5,239,HOU,DAL
2001-02-13 16:15:00,0,239,HOU,DAL
2001-01-04 07:35:00,1,239,HOU,DAL
2001-03-20 16:05:00,-5,281,BWI,BUF
2001-02-12 18:32:00,19,1442,MCI,SMF
2001-02-28 20:30:00,100,361,ONT,OAK
2001-03-08 17:20:00,-9,229,IND,STL
2001-02-05 19:45:00,-3,1020,PHX,HOU
2001-03-17 17:55:00,-27,1599,MSY,SAN
2001-02-07 07:25:00,17,935,PHX,TUL
2001-01-05 20:45:00,5,342,SNA,SJC
2001-03-01 06:25:00,2,251,MDW,STL
2001-02-14 13:10:00,42,304,PHX,SAN
2001-01-20 14:12:00,37,197,TPA,FLL
2001-01-11 18:49:00,14,239,HOU,DAL
2001-02-01 18:35:00,-5,254,STL,SDF
2001-01-15 10:00:00,-10,687,HOU,STL
2001-01-26 06:55:00,-2,1481,PDX,MCI
2001-01-25 14:55:00,-3,288,BWI,ALB
2001-01-18 15:45:00,-22,1099,OMA,LAS
2001-01-15 09:00:00,0,246,MAF,ELP
2001-03-15 12:54:00,6,869,TPA,STL
2001-03-19 07:00:00,-19,588,SLC,OAK
2001-02-23 09:35:00,3,325,BUR,OAK
2001-03-25 15:20:00,20,333,ONT,SJC
2001-02-21 17:30:00,6,296,LIT,DAL
2001-01-12 15:35:00,95,337,OAK,LAX
2001-03-19 07:00:00,-3,236,LAS,LAX
2001-01-03 14:47:00,18,256,LAS,PHX
2001-03-11 12:30:00,-14,370,LAX,PHX
2001-01-31 16:00:00,-4,370,PHX,LAX
2001-01-25 19:57:00,10,587,RDU,TPA
2001-03-21 17:00:00,32,325,ONT,PHX
2001-01-17 21:45:00,-8,507,SLC,PHX
2001-01-29 07:24:00,37,237,TUL,DAL
2001-02-06 19:30:00,-13,687,HOU,STL
2001-01-14 07:40:00,0,248,DAL,SAT
2001-02-20 06:30:00,0,397,SMF,LAS
2001-03-21 19:10:00,30,570,BHM,MDW
2001-02-14 22:57:00,73,373,LAX,SMF
2001-03-09 08:00:00,-5,989,MDW,MCO
2001-02-03 10:08:00,12,223,BUR,LAS
2001-01-25 09:00:00,-6,255,BWI,RDU
2001-01-29 17:45:00,0,197,FLL,TPA
2001-03-04 21:48:00,41,446,SAN,OAK
2001-01-05 07:40:00,-14,718,MCI,ABQ
2001-02-17 16:10:00,3,256,PHX,LAS
2001-03-08 08:30:00,-3,687,STL,HOU
2001-02-03 12:00:00,15,487,TPA,MSY
2001-02-09 21:00:00,180,304,SAN,PHX
2001-02-23 22:05:00,80,321,BHM,MSY
2001-03-17 11:37:00,0,370,LAX,PHX
2001-03-29 10:35:00,12,224,GEG,SEA
2001-02-23 19:00:00,10,256,LAS,PHX
2001-03-25 09:00:00,0,361,OAK,ONT
2001-01-05 12:15:00,0,478,MCO,BHM
2001-02-20 21:20:00,2,611,BWI,MDW
2001-01-03 08:10:00,5,197,ONT,LAS
2001-01-19 16:53:00,8,405,MDW,MCI
2001-02-09 11:55:00,7,419,HOU,OKC
2001-01-03 06:00:00,0,337,OAK,LAX
2001-02-04 07:07:00,7,303,MSY,HOU
2001-01-11 23:50:00,120,621,SJC,PHX
2001-02-27 09:50:00,7,271,MDW,SDF
2001-03-12 20:38:00,4,337,LAX,OAK
2001-02-19 20:57:00,14,843,PHX,SAT
2001-02-01 06:30:00,-4,189,DAL,AUS
2001-01-18 12:29:00,53,405,MDW,MCI
2001-03-27 15:35:00,-15,2237,LAS,ALB
2001-03-15 13:00:00,3,217,DAL,IAH
2001-02-01 12:17:00,3,689,SEA,SLC
2001-02-09 15:36:00,2,187,CRP,HOU
2001-02-24 17:10:00,5,550,MSY,MCO
2001-03-03 12:39:00,-1,569,SJC,PDX
2001-01-14 17:55:00,14,872,AUS,PHX
2001-01-09 12:50:00,5,759,ABQ,HOU
2001-03-26 18:30:00,-10,907,BNA,PVD
2001-01-18 21:42:00,17,495,BWI,SDF
2001-02-04 21:25:00,-8,437,DAL,MSY
2001-03-15 12:20:00,-1,187,HOU,CRP
2001-02-21 23:30:00,21,236,LAX,LAS
2001-03-10 19:40:00,0,370,PHX,LAX
2001-02-19 19:50:00,30,237,MCI,STL
2001-03-22 17:03:00,-20,689,SLC,SEA
2001-01-18 19:18:00,54,1235,HOU,LAS
2001-02-15 09:25:00,0,281,BWI,BUF
2001-02-20 11:15:00,-8,197,LAS,ONT
2001-01-25 16:20:00,0,187,CRP,HOU
2001-01-12 16:17:00,168,1136,PHX,LIT
2001-02-09 14:05:00,48,389,SMF,ONT
2001-02-14 06:30:00,3,189,DAL,AUS
2001-03-02 17:55:00,-27,1599,MSY,SAN
2001-03-30 10:35:00,5,162,MDW,IND
2001-01-25 16:35:00,0,192,SAT,HOU
2001-02-20 17:35:00,10,174,PBI,TPA
2001-03-08 10:25:00,19,1262,STL,PHX
2001-02-11 14:25:00,5,423,OMA,MDW
2001-01-21 14:00:00,-3,239,DAL,HOU
2001-01-16 12:35:00,0,395,MDW,BNA
2001-02-25 19:50:00,26,405,MCI,MDW
2001-02-13 13:00:00,-11,1489,SEA,MCI
2001-02-14 22:05:00,0,308,SJC,LAX
2001-03-24 16:30:00,-10,838,TPA,IND
2001-03-21 19:05:00,0,303,HOU,MSY
2001-01-26 14:52:00,91,236,LAX,LAS
2001-02-04 12:35:00,-2,229,STL,IND
2001-02-04 18:15:00,1,997,MDW,TPA
2001-02-27 15:10:00,-5,342,SNA,SJC
2001-01-09 06:15:00,0,239,HOU,DAL
2001-02-15 21:22:00,113,543,PDX,OAK
2001-02-19 12:30:00,18,480,SMF,SAN
2001-01-11 18:15:00,18,308,LAX,SJC
2001-03-27 13:10:00,-3,580,DAL,ABQ
2001-03-05 18:35:00,4,377,MHT,BWI
2001-02-12 12:55:00,-7,1069,SAT,LAS
2001-03-23 07:00:00,-5,370,PHX,LAX
2001-01-24 16:24:00,6,256,LAS,PHX
2001-01-21 17:15:00,0,718,ABQ,MCI
2001-02-28 13:00:00,52,347,PHX,ELP
2001-03-26 12:20:00,-2,197,LAS,ONT
2001-02-26 12:50:00,60,670,HOU,BNA
2001-02-08 07:35:00,-10,1497,TPA,ABQ
2001-02-08 10:07:00,-10,1521,LAS,MDW
2001-01-15 10:15:00,4,528,AUS,ELP
2001-03-06 16:25:00,-6,437,DAL,MSY
2001-02-28 22:00:00,25,239,HOU,DAL
2001-01-30 07:00:00,0,303,HOU,MSY
2001-01-21 17:55:00,42,328,BWI,PVD
2001-02-16 23:08:00,61,256,LAS,PHX
2001-02-07 08:35:00,57,569,SJC,PDX
2001-03-29 11:39:00,25,321,MSY,BHM
2001-02-22 19:10:00,2,347,ELP,PHX
2001-03-15 14:07:00,8,248,SAT,DAL
2001-03-20 20:25:00,1,223,LAS,BUR
2001-03-22 21:55:00,5,314,BWI,CLE
2001-03-24 15:04:00,7,313,MCI,OKC
2001-03-04 08:20:00,-15,842,MDW,PVD
2001-01-19 18:35:00,29,446,OAK,SAN
2001-03-18 07:55:00,-7,192,HOU,SAT
2001-03-23 20:20:00,-7,880,STL,MCO
2001-01-04 08:35:00,3,1044,MCI,PHX
2001-02-10 11:37:00,43,337,LAX,OAK
2001-03-29 07:00:00,-5,359,HOU,JAN
2001-01-21 22:35:00,-3,304,PHX,SAN
2001-01-17 19:55:00,0,342,SNA,SJC
2001-02-05 15:55:00,-7,328,PHX,ABQ
2001-01-19 16:34:00,5,192,SAT,HOU
2001-03-23 16:35:00,2,570,MDW,BHM
2001-01-26 16:05:00,-3,281,BWI,BUF
2001-03-11 12:40:00,-5,601,RNO,PHX
2001-02-07 20:35:00,9,646,OAK,PHX
2001-02-12 11:30:00,12,239,HOU,DAL
2001-01-22 08:45:00,-2,605,SMF,SEA
2001-01-28 13:40:00,6,407,LAS,OAK
2001-01-01 17:20:00,25,443,BNA,RDU
2001-03-24 16:05:00,-4,255,BWI,RDU
2001-01-21 09:25:00,-5,288,ALB,BWI
2001-03-05 20:40:00,7,395,BNA,MDW
2001-03-06 12:51:00,40,258,SAN,LAS
2001-03-01 15:05:00,2,584,ELP,LAS
2001-01-29 11:45:00,-4,108,PVD,ISP
2001-03-23 18:04:00,14,192,SAT,HOU
2001-01-25 12:50:00,5,1977,SEA,BNA
2001-01-07 14:55:00,-1,223,BUR,LAS
2001-02-01 10:30:00,-30,1444,MDW,PHX
2001-01-04 17:15:00,-3,284,MDW,CMH
2001-02-09 08:15:00,33,307,CLE,MDW
2001-02-01 10:10:00,0,178,FLL,MCO
2001-01-06 16:25:00,0,451,TUS,LAX
2001-01-13 17:00:00,-2,192,SAT,HOU
2001-02-17 12:00:00,0,677,ABQ,LAX
2001-02-20 16:45:00,0,324,DAL,AMA
2001-03-20 15:10:00,-8,342,SNA,SJC
2001-03-18 19:30:00,32,677,ABQ,LAX
2001-03-05 17:50:00,-8,410,CMH,STL
2001-02-19 12:10:00,12,872,AUS,PHX
2001-03-19 09:10:00,-6,570,BHM,HOU
2001-01-04 14:45:00,2,254,STL,SDF
2001-02-23 19:07:00,71,605,SMF,SEA
2001-02-28 12:30:00,18,636,SAN,ELP
2001-02-16 17:43:00,79,389,SMF,ONT
2001-02-23 07:15:00,0,448,CLE,BNA
2001-02-09 22:35:00,48,417,SJC,SAN
2001-03-31 18:00:00,14,180,RNO,OAK
2001-02-26 14:30:00,-1,239,DAL,HOU
2001-03-17 13:40:00,-3,319,DAL,MAF
2001-02-27 13:45:00,10,293,LBB,DAL
2001-01-03 19:14:00,70,256,LAS,PHX
2001-01-10 07:45:00,5,229,STL,IND
2001-01-06 08:35:00,5,423,MDW,OMA
2001-01-17 16:15:00,85,279,GEG,PDX
2001-01-31 19:22:00,16,1140,LAS,MCI
2001-02-08 18:15:00,0,192,HOU,SAT
2001-01-08 12:30:00,2,148,AUS,HOU
2001-02-20 13:15:00,-4,258,SAN,LAS
2001-01-30 20:25:00,-5,325,BUR,OAK
2001-03-11 16:30:00,70,1044,PHX,MCI
2001-01-15 07:07:00,10,256,PHX,LAS
2001-02-14 07:35:00,6,345,RNO,LAS
2001-03-16 17:55:00,50,677,ELP,HOU
2001-02-20 17:07:00,3,239,HOU,DAL
2001-02-19 18:18:00,32,333,ONT,SJC
2001-02-25 23:07:00,117,188,SJC,RNO
2001-03-13 08:20:00,38,1363,LAX,MCI
2001-01-15 13:10:00,18,386,SJC,LAS
2001-01-01 20:36:00,5,303,MSY,HOU
2001-03-13 15:05:00,22,938,BNA,MHT
2001-03-15 09:55:00,13,371,SNA,OAK
2001-01-02 14:10:00,50,389,SMF,ONT
2001-01-08 16:05:00,3,237,MCI,STL
2001-02-25 09:40:00,0,1489,MCI,OAK
2001-01-06 15:55:00,3,223,BUR,LAS
2001-03-31 09:43:00,13,223,MCI,TUL
2001-01-28 17:50:00,30,935,PHX,TUL
2001-02-24 12:05:00,12,188,RNO,SJC
2001-01-08 11:40:00,-2,405,MCI,MDW
2001-01-22 18:25:00,4,1140,MCI,LAS
2001-01-05 07:00:00,-7,189,DAL,AUS
2001-03-04 14:09:00,2,462,STL,OKC
2001-02-14 17:14:00,6,224,GEG,SEA
2001-03-23 17:15:00,-5,480,SAN,SMF
2001-01-24 07:15:00,-1,448,CLE,BNA
2001-01-07 05:30:00,-12,370,LAX,PHX
2001-02-02 20:35:00,13,283,BWI,BDL
2001-02-03 09:35:00,-10,907,BNA,PVD
2001-01-16 15:50:00,-1,307,MDW,CLE
2001-03-18 17:05:00,14,368,LAS,SLC
2001-02-19 18:25:00,-24,254,SDF,STL
2001-02-18 14:10:00,-11,276,HRL,HOU
2001-03-06 09:40:00,-4,632,RDU,MDW
2001-01-18 15:10:00,80,1166,MDW,FLL
2001-02-08 13:00:00,0,189,DAL,AUS
2001-02-07 21:05:00,-9,229,MDW,DTW
2001-03-11 09:39:00,7,236,LAX,LAS
2001-01-03 22:15:00,77,369,BUR,PHX
2001-03-14 10:25:00,-5,405,MDW,MCI
2001-03-21 10:24:00,-3,443,RDU,BNA
2001-02-12 13:47:00,11,361,ONT,OAK
2001-03-30 09:35:00,-2,762,LAS,PDX
2001-03-21 09:35:00,-8,1262,PHX,STL
2001-01-05 19:40:00,-22,1814,IND,LAX
2001-02-10 16:23:00,32,236,LAX,LAS
2001-03-02 10:06:00,-8,630,SLC,PDX
2001-02-01 10:08:00,104,1236,MHT,MCI
2001-02-14 06:10:00,-3,276,HRL,HOU
2001-03-11 21:00:00,-8,328,BWI,PVD
2001-03-17 19:50:00,5,407,OAK,LAS
2001-03-09 16:33:00,37,328,PHX,ABQ
2001-03-27 08:40:00,-4,229,DTW,MDW
2001-03-07 20:25:00,0,304,SAN,PHX
2001-03-09 13:04:00,59,239,HOU,DAL
2001-03-27 18:35:00,4,543,OAK,PDX
2001-02-07 13:15:00,-9,224,GEG,SEA
2001-02-14 21:05:00,-11,318,FLL,JAX
2001-03-01 08:38:00,6,1588,LAS,BNA
2001-02-13 17:45:00,10,407,OAK,LAS
2001-01-23 21:30:00,0,337,OAK,LAX
2001-01-24 07:50:00,13,1797,BNA,LAX
2001-02-28 17:18:00,10,377,MHT,BWI
2001-01-28 18:44:00,40,347,ELP,PHX
2001-01-18 20:55:00,-15,569,SJC,PDX
2001-02-09 20:10:00,39,256,LAS,PHX
2001-01-03 18:45:00,20,417,SAN,SJC
2001-01-04 07:30:00,8,471,MSY,BNA
2001-01-20 07:00:00,-2,319,MAF,DAL
2001-01-21 11:00:00,-10,189,DAL,AUS
2001-03-13 15:47:00,100,495,BWI,SDF
2001-03-18 08:45:00,3,293,DAL,LBB
2001-02-06 19:30:00,-4,239,DAL,HOU
2001-02-26 10:10:00,8,611,BWI,MDW
2001-02-24 10:10:00,-10,495,SDF,BWI
2001-03-31 15:00:00,-10,239,DAL,HOU
2001-01-12 10:20:00,5,255,RDU,BWI
2001-01-16 21:00:00,4,369,BUR,PHX
2001-01-02 13:00:00,28,803,ISP,BNA
2001-02-08 19:48:00,8,365,TUS,LAS
2001-03-19 07:00:00,-4,304,PHX,SAN
2001-03-07 16:55:00,18,718,MCI,ABQ
2001-03-08 08:00:00,-3,1814,LAX,IND
2001-02-17 13:45:00,4,276,HOU,HRL
2001-01-12 21:51:00,106,621,PHX,SJC
2001-01-07 07:00:00,-11,284,MDW,CMH
2001-03-08 12:10:00,-10,377,BWI,MHT
2001-01-21 07:55:00,-4,192,HOU,SAT
2001-01-04 17:50:00,47,397,SMF,LAS
2001-02-08 13:50:00,-5,584,LAS,ELP
2001-03-17 11:10:00,-5,1797,LAX,BNA
2001-03-05 09:30:00,-6,307,MDW,CLE
2001-01-29 08:30:00,0,370,PHX,LAX
2001-03-14 18:37:00,28,251,STL,MDW
2001-01-29 13:12:00,64,487,MSY,TPA
2001-01-07 17:10:00,10,480,SMF,SAN
2001-02-04 12:15:00,-3,293,LBB,DAL
2001-03-15 10:10:00,-5,1262,STL,PHX
2001-01-05 14:55:00,0,399,SEA,BOI
2001-01-18 06:43:00,0,453,HOU,TUL
2001-03-15 16:00:00,5,646,PHX,OAK
2001-03-10 21:00:00,0,569,SJC,PDX
2001-02-15 12:20:00,-15,1142,MCO,MHT
2001-01-18 19:20:00,12,368,SLC,LAS
2001-02-02 14:28:00,-3,422,RNO,SLC
2001-03-26 10:20:00,-1,256,PHX,LAS
2001-01-08 16:09:00,13,325,PHX,ONT
2001-02-06 21:30:00,-10,370,LAX,PHX
2001-01-18 19:50:00,0,407,OAK,LAS
2001-03-09 05:40:00,-8,389,ONT,SMF
2001-02-09 06:30:00,5,682,BWI,BHM
2001-01-25 11:05:00,-6,1050,BDL,MCO
2001-02-06 18:25:00,5,371,OAK,SNA
2001-01-05 06:50:00,0,181,OKC,DAL
2001-01-20 10:10:00,9,495,SDF,BWI
2001-03-26 17:30:00,-2,279,PDX,GEG
2001-03-23 21:23:00,0,258,LAS,SAN
2001-03-10 16:15:00,-18,1987,LAS,BUF
2001-02-25 07:50:00,3,646,PHX,OAK
2001-01-12 17:00:00,-7,239,DAL,HOU
2001-03-27 06:35:00,-10,671,SEA,OAK
2001-03-27 19:50:00,-5,546,SLC,GEG
2001-03-04 21:52:00,3,192,SAT,HOU
2001-01-21 15:00:00,-5,271,SDF,MDW
2001-01-03 21:22:00,31,148,AUS,HOU
2001-01-14 20:25:00,-3,616,MCO,BNA
2001-03-13 07:00:00,-7,370,PHX,LAX
2001-01-21 15:25:00,5,324,DAL,AMA
2001-02-08 20:11:00,58,405,MDW,MCI
2001-01-24 08:05:00,-10,1073,ALB,MCO
2001-01-31 07:00:00,0,370,PHX,LAX
2001-01-18 09:10:00,-3,1442,SMF,MCI
2001-02-09 15:50:00,-2,448,BNA,CLE
2001-03-13 20:22:00,62,405,MCI,MDW
2001-01-18 10:25:00,1,1363,LAX,MCI
2001-03-30 14:55:00,17,587,TPA,RDU
2001-01-03 11:17:00,8,393,LIT,HOU
2001-01-07 18:35:00,0,417,SJC,SAN
2001-03-11 20:20:00,-4,178,MCO,FLL
2001-01-22 16:49:00,13,925,BWI,FLL
2001-02-23 09:50:00,44,237,DAL,TUL
2001-01-28 14:55:00,33,670,HOU,BNA
2001-02-10 15:50:00,0,371,OAK,SNA
2001-01-04 14:35:00,25,1073,MCO,PVD
2001-03-25 10:47:00,0,313,MCI,OKC
2001-01-24 13:30:00,4,718,MCI,ABQ
2001-02-14 11:25:00,-2,303,HOU,MSY
2001-01-22 19:00:00,-2,189,AUS,DAL
2001-01-25 07:48:00,26,325,BUR,OAK
2001-01-09 08:05:00,14,220,ISP,BWI
2001-03-22 08:20:00,-3,496,ELP,SAT
2001-03-17 12:50:00,-17,666,JAN,MDW
2001-01-26 14:49:00,41,457,BNA,DTW
2001-02-14 07:00:00,-2,361,OAK,ONT
2001-03-12 15:50:00,0,319,DAL,MAF
2001-03-27 08:00:00,-10,281,BWI,BUF
2001-01-31 19:19:00,33,480,SMF,SAN
2001-03-09 17:37:00,65,446,SAN,OAK
2001-01-30 16:20:00,-8,258,SAN,LAS
2001-01-14 13:00:00,1,580,DAL,ABQ
2001-02-21 12:18:00,-8,611,MDW,BWI
2001-01-14 18:50:00,3,422,SLC,RNO
2001-01-31 14:30:00,-15,255,RDU,BWI
2001-03-11 12:20:00,0,345,LAS,RNO
2001-01-23 20:20:00,-2,162,MDW,IND
2001-01-19 15:10:00,-5,345,RNO,LAS
2001-01-23 13:50:00,-9,377,MHT,BWI
2001-01-19 05:40:00,-9,389,ONT,SMF
2001-03-18 13:45:00,-3,462,OKC,STL
2001-01-14 17:36:00,25,248,SAT,DAL
2001-02-28 17:53:00,20,718,ABQ,MCI
2001-02-15 09:40:00,27,296,DAL,LIT
2001-03-12 12:00:00,-7,224,SEA,GEG
2001-02-15 11:04:00,-2,239,HOU,DAL
2001-02-17 07:50:00,0,229,DTW,MDW
2001-01-09 07:25:00,0,294,MAF,AUS
2001-02-25 11:20:00,3,528,ELP,AUS
2001-03-29 10:30:00,-5,588,BNA,BWI
2001-01-28 09:00:00,0,1093,FLL,ISP
2001-03-28 06:30:00,-5,677,ABQ,LAX
2001-02-21 10:20:00,-2,359,JAN,HOU
2001-02-10 18:30:00,-20,848,MCO,HOU
2001-01-12 13:56:00,195,304,SAN,PHX
2001-03-22 22:10:00,10,224,SEA,GEG
2001-03-21 12:05:00,-3,347,PHX,ELP
2001-03-08 07:55:00,12,395,BNA,MDW
2001-02-16 10:22:00,8,192,HOU,SAT
2001-03-25 10:55:00,-12,369,PHX,BUR
2001-02-13 08:45:00,5,670,BNA,HOU
2001-02-13 17:00:00,-10,359,JAN,HOU
2001-01-19 15:50:00,19,337,OAK,LAX
2001-03-21 13:35:00,3,677,ABQ,LAX
2001-01-19 12:30:00,-4,370,PHX,LAX
2001-03-18 17:20:00,5,934,ABQ,STL
2001-01-16 13:18:00,160,621,SJC,PHX
2001-01-22 10:33:00,25,386,SJC,LAS
2001-03-05 15:20:00,2,324,DAL,AMA
2001-01-10 21:20:00,13,303,MSY,HOU
2001-03-19 10:46:00,1,313,MCI,OKC
2001-02-07 07:10:00,2,318,FLL,JAX
2001-01-31 19:05:00,15,405,MCI,MDW
2001-01-27 13:00:00,95,304,SAN,PHX
2001-02-23 17:28:00,33,368,LAS,SLC
2001-02-08 18:40:00,3,345,LAS,RNO
2001-03-24 07:45:00,-10,368,SLC,LAS
2001-03-21 06:50:00,-4,229,MDW,DTW
2001-02-10 17:45:00,-6,197,FLL,TPA
2001-01-03 10:11:00,42,304,PHX,SAN
2001-03-01 18:00:00,0,446,SAN,OAK
2001-01-02 19:47:00,10,296,SJC,BUR
2001-02-16 15:20:00,-13,880,MCO,STL
2001-03-11 20:25:00,14,344,PDX,BOI
2001-02-21 17:15:00,17,325,PHX,ONT
2001-01-18 08:25:00,-3,308,SJC,LAX
2001-01-31 11:55:00,-5,296,DAL,LIT
2001-03-13 22:10:00,86,605,SMF,SEA
2001-03-02 09:15:00,7,651,SFO,PHX
2001-01-05 09:45:00,1,296,SJC,BUR
2001-01-11 07:20:00,14,762,PDX,LAS
2001-02-16 22:25:00,70,630,SLC,PDX
2001-02-16 06:45:00,-5,284,MDW,CMH
2001-01-03 10:20:00,57,687,HOU,STL
2001-03-08 15:28:00,9,345,RNO,LAS
2001-03-25 08:06:00,-6,998,MSY,BWI
2001-03-14 21:40:00,117,248,SAT,DAL
2001-03-02 14:55:00,6,646,OAK,PHX
2001-01-05 14:13:00,44,197,FLL,TPA
2001-02-25 12:18:00,8,251,STL,MDW
2001-02-19 10:45:00,-5,453,TUL,HOU
2001-03-04 15:25:00,-5,687,HOU,STL
2001-02-23 19:15:00,10,370,LAX,PHX
2001-02-17 16:25:00,9,239,HOU,DAL
2001-03-18 10:15:00,-2,389,ONT,SMF
2001-02-02 12:30:00,-4,239,HOU,DAL
2001-02-08 13:30:00,-6,550,MCO,MSY
2001-01-04 20:50:00,-14,612,BNA,TPA
2001-01-30 15:55:00,-5,237,DAL,TUL
2001-01-15 12:15:00,2,279,PDX,GEG
2001-01-18 20:35:00,0,296,BUR,SJC
2001-03-15 13:07:00,14,256,PHX,LAS
2001-01-26 08:35:00,5,296,BUR,SJC
2001-03-16 13:45:00,37,318,FLL,JAX
2001-03-20 19:25:00,-5,496,SAT,ELP
2001-02-22 20:52:00,30,1069,SAT,LAS
2001-01-02 08:30:00,-10,239,HOU,DAL
2001-02-05 14:10:00,-9,511,OAK,BOI
2001-01-03 15:34:00,12,543,PDX,OAK
2001-02-11 09:45:00,-11,1448,PHX,BNA
2001-03-05 20:35:00,-10,251,MDW,STL
2001-03-14 06:30:00,-2,223,LAS,BUR
2001-01-29 17:40:00,3,296,BUR,SJC
2001-01-11 13:17:00,74,223,BUR,LAS
2001-01-16 11:30:00,2,359,HOU,JAN
2001-02-17 08:55:00,-5,588,BNA,BWI
2001-01-23 18:25:00,-1,1442,MCI,SMF
2001-01-19 06:45:00,-5,496,SAT,ELP
2001-03-13 19:37:00,65,925,FLL,BWI
2001-01-13 17:46:00,57,258,SAN,LAS
2001-01-10 19:50:00,3,937,HOU,MDW
2001-02-09 15:50:00,30,237,STL,MCI
2001-01-05 11:15:00,2,325,OAK,BUR
2001-03-11 07:59:00,-15,1797,BNA,LAX
2001-01-29 20:50:00,-15,462,STL,OKC
2001-03-15 07:00:00,-6,237,TUL,DAL
2001-03-10 17:50:00,-2,842,BWI,TPA
2001-03-13 17:35:00,-4,295,LBB,ELP
2001-02-21 17:40:00,3,328,PVD,BWI
2001-03-06 17:23:00,22,677,ELP,HOU
2001-02-06 16:30:00,-7,337,LAX,OAK
2001-01-25 18:55:00,1,562,DAL,ELP
2001-02-12 08:45:00,-21,1624,LAS,SDF
2001-02-11 15:45:00,4,328,PVD,BWI
2001-03-30 13:45:00,4,174,TPA,PBI
2001-01-30 20:05:00,55,677,ABQ,LAX
2001-03-25 18:15:00,-10,997,MDW,TPA
2001-01-06 12:24:00,11,543,OAK,PDX
2001-02-12 07:53:00,8,369,BUR,PHX
2001-03-17 15:08:00,43,229,DTW,MDW
2001-01-12 09:34:00,50,236,LAX,LAS
2001-03-19 14:00:00,-7,224,GEG,SEA
2001-02-14 13:05:00,-14,590,SLC,LAX
2001-03-27 07:00:00,5,256,PHX,LAS
2001-02-16 07:45:00,-5,368,SLC,LAS
2001-02-17 10:40:00,8,446,OAK,SAN
2001-02-07 06:30:00,-2,588,BWI,BNA
2001-03-02 16:03:00,8,239,DAL,HOU
2001-02-01 19:06:00,2,562,DAL,ELP
2001-03-13 07:30:00,-7,237,MCI,STL
2001-02-02 15:45:00,9,347,PHX,ELP
2001-03-13 20:55:00,-5,569,SJC,PDX
2001-01-05 10:40:00,0,345,RNO,LAS
2001-02-21 10:30:00,-18,1164,AUS,SAN
2001-03-29 11:55:00,4,189,AUS,DAL
2001-01-05 11:35:00,22,283,BWI,BDL
2001-01-24 11:20:00,3,369,BUR,PHX
2001-02-26 10:25:00,-5,237,DAL,TUL
2001-03-18 11:10:00,-7,321,MSY,BHM
2001-03-02 08:15:00,0,237,TUL,DAL
2001-02-26 22:00:00,12,293,DAL,LBB
2001-01-07 08:20:00,-5,248,DAL,SAT
2001-01-02 11:19:00,12,239,DAL,HOU
2001-01-31 14:25:00,0,651,PHX,SFO
2001-02-15 18:07:00,5,333,ONT,SJC
2001-01-25 12:05:00,0,276,HRL,HOU
2001-02-27 11:53:00,19,787,MCO,BWI
2001-02-15 15:55:00,3,371,OAK,SNA
2001-03-04 22:20:00,-3,303,MSY,HOU
2001-03-30 06:30:00,-5,337,LAX,OAK
2001-03-20 12:20:00,6,496,ELP,SAT
2001-02-25 23:08:00,118,325,PHX,ONT
2001-02-28 08:40:00,0,321,BHM,MSY
2001-03-27 21:40:00,-6,325,BUR,OAK
2001-02-08 09:30:00,-8,513,JAX,MSY
2001-03-10 11:54:00,14,487,ABQ,LAS
2001-03-05 18:45:00,12,407,LAS,OAK
2001-01-09 06:30:00,-11,405,MDW,MCI
2001-03-09 18:58:00,13,254,SDF,STL
2001-01-30 11:45:00,-8,670,HOU,BNA
2001-01-05 20:35:00,-10,405,MCI,MDW
2001-02-01 18:30:00,3,220,ISP,BWI
2001-03-03 16:30:00,-3,386,SJC,LAS
2001-03-13 14:15:00,0,1751,SAN,BNA
2001-01-04 19:20:00,-5,328,PVD,BWI
2001-01-03 22:53:00,52,423,OMA,MDW
2001-02-12 20:49:00,21,373,SMF,LAX
2001-03-02 11:40:00,-1,714,LAX,ELP
2001-01-21 17:10:00,-8,543,OAK,PDX
2001-02-02 08:00:00,0,342,SJC,SNA
2001-02-22 21:58:00,19,373,LAX,SMF
2001-03-04 13:20:00,21,178,MCO,FLL
2001-02-21 14:05:00,5,314,CLE,BWI
2001-02-20 15:28:00,29,1521,MDW,LAS
2001-02-22 13:30:00,0,279,GEG,PDX
2001-03-05 14:20:00,-22,621,PHX,SJC
2001-02-04 17:30:00,-3,279,PDX,GEG
2001-01-22 07:40:00,2,904,RDU,MCI
2001-03-13 21:20:00,20,358,SMF,BUR
2001-02-20 11:48:00,25,1363,MCI,LAX
2001-03-20 15:10:00,-10,671,OAK,SEA
2001-02-09 08:55:00,-1,233,SAT,HRL
2001-01-23 10:07:00,-3,1301,PHX,MSY
2001-01-17 12:00:00,0,670,HOU,BNA
2001-01-25 06:55:00,-10,423,MDW,OMA
2001-01-07 07:35:00,-2,177,BNA,BHM
2001-01-20 15:05:00,-4,296,LIT,DAL
2001-03-24 17:14:00,14,543,PDX,OAK
2001-03-08 09:05:00,5,528,AUS,ELP
2001-01-24 18:15:00,64,377,MHT,BWI
2001-01-14 15:40:00,-5,181,DAL,OKC
2001-01-27 08:25:00,-1,448,BNA,CLE
2001-02-09 07:00:00,-8,407,OAK,LAS
2001-03-21 08:00:00,-5,612,BNA,TPA
2001-01-01 12:48:00,16,347,ELP,PHX
2001-02-24 12:50:00,61,296,DAL,LIT
2001-01-24 17:39:00,84,239,HOU,DAL
2001-02-02 18:07:00,8,237,DAL,TUL
2001-01-29 12:18:00,13,188,RNO,SJC
2001-01-19 12:30:00,-15,1164,SAN,AUS
2001-03-08 16:00:00,86,1448,BNA,PHX
2001-03-02 09:05:00,-5,368,SLC,LAS
2001-02-15 16:50:00,155,178,FLL,MCO
2001-03-12 17:35:00,42,671,OAK,SEA
2001-01-27 14:20:00,-3,251,MDW,STL
2001-03-22 13:40:00,-5,224,SEA,GEG
2001-01-22 16:30:00,0,288,ALB,BWI
2001-01-29 21:15:00,0,256,PHX,LAS
2001-01-07 06:30:00,-12,562,DAL,ELP
2001-02-01 08:20:00,0,580,DAL,ABQ
2001-02-06 20:00:00,10,351,STL,TUL
2001-02-15 19:28:00,62,181,OKC,DAL
2001-02-09 09:35:00,0,314,CLE,BWI
2001-01-20 12:00:00,-16,236,LAS,LAX
2001-01-31 13:35:00,-3,361,ONT,OAK
2001-01-28 09:35:00,4,236,LAX,LAS
2001-03-14 06:50:00,8,1959,OAK,BNA
2001-02-19 07:30:00,-10,787,BWI,MCO
2001-03-14 12:25:00,0,569,SJC,PDX
2001-01-24 18:40:00,20,588,SLC,OAK
2001-03-14 16:58:00,0,377,BWI,MHT
2001-02-19 08:05:00,-14,1073,ALB,MCO
2001-01-11 20:20:00,-2,197,TPA,FLL
2001-02-18 11:00:00,15,223,LAS,BUR
2001-01-29 08:05:00,-5,484,JAX,BNA
2001-02-22 16:30:00,0,178,FLL,MCO
2001-02-28 13:20:00,15,756,BNA,AUS
2001-01-26 19:10:00,0,323,BHM,SDF
2001-02-21 17:30:00,-3,258,SAN,LAS
2001-03-03 19:05:00,-18,251,MDW,STL
2001-02-28 21:30:00,81,621,PHX,SJC
2001-01-13 12:19:00,5,1140,LAS,MCI
2001-01-19 17:45:00,35,484,JAX,BNA
2001-02-21 15:40:00,-6,520,BOI,LAS
2001-01-21 17:54:00,0,248,SAT,DAL
2001-01-25 18:33:00,7,189,AUS,DAL
2001-01-27 14:45:00,32,236,LAX,LAS
2001-01-13 09:48:00,71,377,BWI,MHT
2001-02-26 17:10:00,-1,237,TUL,DAL
2001-03-24 13:15:00,-7,338,BNA,CMH
2001-03-08 08:00:00,-12,1140,MCI,LAS
2001-02-15 12:28:00,15,389,SMF,ONT
2001-01-09 13:25:00,-5,313,OKC,MCI
2001-01-31 08:13:00,32,1797,BNA,LAX
2001-02-19 13:20:00,10,308,LAX,SJC
2001-01-12 07:15:00,0,405,MCI,MDW
2001-03-20 16:30:00,10,756,AUS,BNA
2001-01-31 06:25:00,-2,399,SEA,BOI
2001-01-09 18:50:00,0,303,HOU,MSY
2001-03-27 07:00:00,5,248,SAT,DAL
2001-03-17 12:51:00,-5,446,OAK,SAN
2001-03-02 19:45:00,20,371,OAK,SNA
2001-03-16 21:15:00,46,671,OAK,SEA
2001-03-29 17:20:00,-2,307,CLE,MDW
2001-01-12 10:30:00,23,321,MSY,BHM
2001-02-27 06:30:00,0,148,AUS,HOU
2001-01-28 20:45:00,0,148,AUS,HOU
2001-01-10 08:50:00,-5,220,BWI,ISP
2001-03-17 19:25:00,15,611,BWI,MDW
2001-03-22 17:35:00,25,328,PHX,ABQ
2001-02-04 21:20:00,3,237,DAL,TUL
2001-02-11 18:00:00,14,271,MDW,SDF
2001-01-06 13:30:00,0,337,LAX,OAK
2001-01-05 11:24:00,30,368,LAS,SLC
2001-01-29 15:13:00,12,447,SAN,SFO
2001-02-05 07:00:00,-10,304,PHX,SAN
2001-03-11 07:20:00,5,479,SMF,PDX
2001-01-23 21:05:00,-10,217,DAL,IAH
2001-02-28 21:01:00,33,677,HOU,ELP
2001-01-21 13:20:00,-5,180,RNO,OAK
2001-03-23 10:10:00,-7,569,PDX,SJC
2001-02-07 12:10:00,-20,697,SEA,SJC
2001-01-14 09:20:00,0,543,OAK,PDX
2001-03-08 10:42:00,28,251,MDW,STL
2001-02-05 10:20:00,-15,1069,SAT,LAS
2001-02-19 13:22:00,-1,237,DAL,TUL
2001-03-11 16:55:00,0,197,FLL,TPA
2001-03-17 15:00:00,0,319,MAF,DAL
2001-01-16 09:45:00,8,293,DAL,LBB
2001-03-23 07:05:00,0,677,LAX,ABQ
2001-02-24 20:48:00,14,223,LAS,BUR
2001-03-04 16:00:00,-2,239,HOU,DAL
2001-03-30 07:00:00,-6,303,HOU,MSY
2001-02-05 22:00:00,-9,370,LAX,PHX
2001-02-06 20:50:00,-1,621,PHX,SJC
2001-02-15 09:15:00,-6,361,ONT,OAK
2001-01-04 16:40:00,19,1093,FLL,ISP
2001-01-19 10:40:00,-1,325,OAK,BUR
2001-03-20 11:05:00,7,1050,BDL,MCO
2001-02-25 11:15:00,33,345,RNO,LAS
2001-01-12 10:43:00,5,189,AUS,DAL
2001-01-10 11:05:00,12,341,LBB,AUS
2001-03-28 08:10:00,-15,562,DAL,ELP
2001-02-16 12:10:00,9,324,DAL,AMA
2001-02-20 14:49:00,93,220,ISP,BWI
2001-01-25 06:40:00,15,446,SAN,OAK
2001-02-27 15:05:00,-6,291,SLC,BOI
2001-01-01 17:16:00,-7,651,PHX,SFO
2001-03-17 07:55:00,-1,325,ONT,PHX
2001-03-27 14:00:00,9,189,AUS,DAL
2001-01-01 22:27:00,23,283,BWI,BDL
2001-02-02 07:25:00,-6,328,PHX,ABQ
2001-01-13 08:20:00,13,612,BNA,TPA
2001-01-31 13:55:00,-12,368,SLC,LAS
2001-02-17 16:30:00,-13,1797,BNA,LAX
2001-02-27 18:10:00,-2,108,PVD,ISP
2001-01-27 07:05:00,4,588,OAK,SLC
2001-01-30 18:50:00,3,342,OMA,STL
2001-01-20 16:05:00,-4,564,SEA,RNO
2001-03-27 16:05:00,-20,765,ISP,MDW
2001-02-03 14:10:00,-2,496,SAT,ELP
2001-03-03 08:35:00,3,451,IND,MCI
2001-01-16 18:18:00,20,1099,OMA,LAS
2001-03-25 08:10:00,-3,256,LAS,PHX
2001-03-26 17:35:00,-3,319,DAL,MAF
2001-01-20 19:05:00,10,843,SAT,PHX
2001-03-11 06:20:00,5,291,BOI,SLC
2001-03-24 08:00:00,2,671,SEA,OAK
2001-02-25 14:20:00,-10,251,MDW,STL
2001-02-15 20:24:00,32,333,SJC,ONT
2001-01-17 21:45:00,-2,291,SLC,BOI
2001-03-24 07:45:00,-19,1455,BHM,PHX
2001-03-29 16:43:00,10,405,MDW,MCI
2001-01-28 09:15:00,-8,296,DAL,LIT
2001-01-12 00:48:00,61,405,MCI,MDW
2001-01-11 07:45:00,8,371,SNA,OAK
2001-02-15 07:00:00,-2,437,MSY,DAL
2001-03-26 16:10:00,-4,1363,MCI,LAX
2001-01-03 12:10:00,20,345,LAS,RNO
2001-01-18 11:45:00,0,843,PHX,SAT
2001-02-01 19:55:00,-5,437,DAL,MSY
2001-03-01 09:05:00,-7,192,SAT,HOU
2001-01-02 10:40:00,24,1363,LAX,MCI
2001-03-15 19:59:00,6,236,LAX,LAS
2001-03-17 15:00:00,85,419,OKC,HOU
2001-02-16 10:06:00,18,303,MSY,HOU
2001-03-28 20:10:00,2,192,SAT,HOU
2001-01-16 10:35:00,4,296,LIT,DAL
2001-02-19 17:00:00,-5,359,JAN,HOU
2001-02-03 20:00:00,-3,337,OAK,LAX
2001-01-24 07:45:00,-10,197,FLL,TPA
2001-01-15 15:40:00,0,1797,LAX,BNA
2001-02-19 20:35:00,70,528,ELP,AUS
2001-01-18 12:10:00,0,223,ELP,ABQ
2001-03-13 07:10:00,-5,251,STL,MDW
2001-01-25 09:40:00,-1,632,RDU,MDW
2001-01-15 16:05:00,-5,616,MCO,BNA
2001-01-02 12:25:00,-17,569,SJC,PDX
2001-03-17 18:15:00,-6,251,STL,MDW
2001-03-14 09:55:00,-5,446,SAN,OAK
2001-02-26 08:45:00,-6,588,OAK,SLC
2001-01-21 18:30:00,79,682,BWI,BHM
2001-01-11 20:30:00,89,889,OAK,ABQ
2001-03-04 16:58:00,55,188,RNO,SJC
2001-01-19 19:50:00,0,407,OAK,LAS
2001-02-12 12:51:00,17,321,BHM,MSY
2001-03-17 16:45:00,0,1020,PHX,HOU
2001-01-12 11:40:00,23,386,LAS,SJC
2001-02-24 12:15:00,-5,397,LAS,SMF
2001-01-18 11:35:00,0,284,MDW,CMH
2001-02-07 14:20:00,-35,1262,PHX,STL
2001-03-13 21:00:00,-11,337,OAK,LAX
2001-02-12 16:12:00,13,271,MDW,SDF
2001-01-19 10:00:00,5,337,LAX,OAK
2001-03-27 11:20:00,6,358,BUR,SMF
2001-03-06 21:00:00,-10,251,STL,MDW
2001-02-07 21:45:00,-1,223,BUR,LAS
2001-03-22 12:55:00,0,1069,SAT,LAS
2001-03-01 16:20:00,7,248,DAL,SAT
2001-01-16 18:10:00,30,405,MDW,MCI
2001-03-21 11:57:00,15,328,PHX,ABQ
2001-02-07 07:00:00,-11,370,PHX,LAX
2001-03-03 12:40:00,-7,843,SAT,PHX
2001-01-19 13:29:00,18,180,OAK,RNO
2001-01-11 10:03:00,38,1301,MSY,PHX
2001-01-18 13:10:00,14,1020,PHX,HOU
2001-02-21 09:55:00,1,291,SLC,BOI
2001-01-04 09:33:00,28,1069,LAS,SAT
2001-02-20 12:45:00,-2,223,MCI,TUL
2001-02-05 09:50:00,-5,601,PHX,RNO
2001-01-10 11:52:00,14,371,OAK,SNA
2001-03-23 16:25:00,22,304,SAN,PHX
2001-01-16 07:00:00,-2,189,DAL,AUS
2001-01-18 19:35:00,0,487,CLE,STL
2001-02-16 19:05:00,39,417,SJC,SAN
2001-02-27 13:25:00,-13,448,BNA,CLE
2001-01-30 19:10:00,0,308,SJC,LAX
2001-02-09 07:50:00,-5,174,PBI,TPA
2001-01-19 17:45:00,0,308,SJC,LAX
2001-02-11 13:45:00,-2,328,PHX,ABQ
2001-03-28 15:40:00,2,479,SMF,PDX
2001-02-11 18:46:00,31,1140,MCI,LAS
2001-03-13 16:50:00,10,337,OAK,LAX
2001-01-20 09:40:00,14,390,RNO,LAX
2001-03-20 19:25:00,-3,180,OAK,RNO
2001-03-08 19:10:00,22,480,SAN,SMF
2001-01-30 18:15:00,20,395,MDW,BNA
2001-01-18 14:30:00,-11,852,BNA,BDL
2001-03-06 19:15:00,-5,1246,BWI,HOU
2001-03-07 17:03:00,27,756,AUS,BNA
2001-03-04 16:35:00,22,178,MCO,FLL
2001-03-28 11:20:00,-5,359,HOU,JAN
2001-01-29 14:30:00,-7,237,TUL,DAL
2001-01-25 18:54:00,17,233,SAT,HRL
2001-03-23 08:20:00,-13,328,PHX,ABQ
2001-03-10 12:35:00,3,189,AUS,DAL
2001-03-03 15:20:00,23,279,GEG,PDX
2001-02-13 13:10:00,-3,677,ELP,HOU
2001-01-17 09:05:00,-8,444,PDX,RNO
2001-03-27 12:10:00,-6,377,BWI,MHT
2001-03-02 15:15:00,0,386,LAS,SJC
2001-01-22 06:35:00,-11,1246,HOU,BWI
2001-03-09 08:55:00,0,480,SMF,SAN
2001-03-06 07:20:00,5,446,OAK,SAN
2001-02-07 22:10:00,-13,283,BWI,BDL
2001-01-08 10:15:00,-5,256,PHX,LAS
2001-03-19 19:18:00,10,487,LAS,ABQ
2001-02-24 16:58:00,13,806,GEG,LAS
2001-01-09 14:20:00,13,407,LAS,OAK
2001-03-10 11:25:00,25,197,FLL,TPA
2001-01-08 18:52:00,14,448,CLE,BNA
2001-01-18 14:40:00,-2,479,PDX,SMF
2001-02-27 11:05:00,-2,1210,SAT,LAX
2001-01-14 12:05:00,3,236,LAS,LAX
2001-01-26 15:28:00,14,303,HOU,MSY
2001-03-25 17:19:00,1,528,AUS,ELP
2001-03-27 14:20:00,-6,570,BHM,MDW
2001-01-15 18:00:00,11,281,BUF,BWI
2001-03-28 06:30:00,-8,251,STL,MDW
2001-01-07 15:18:00,8,888,BWI,JAN
2001-02-10 07:55:00,-6,367,TUS,SAN
2001-01-04 06:39:00,-2,405,MDW,MCI
2001-02-10 20:09:00,73,687,STL,HOU
2001-01-22 09:40:00,13,1301,MSY,PHX
2001-01-19 11:50:00,12,328,PVD,BWI
2001-02-11 10:09:00,10,337,OAK,LAX
2001-01-10 08:25:00,-4,562,ELP,DAL
2001-01-21 13:37:00,0,174,TPA,PBI
2001-01-23 10:30:00,-5,802,CMH,MCO
2001-01-26 16:50:00,34,487,TPA,MSY
2001-03-02 19:44:00,-8,1234,MCI,PVD
2001-02-13 15:13:00,0,496,ELP,SAT
2001-03-20 14:30:00,3,621,PHX,SJC
2001-03-30 13:17:00,1,333,SJC,ONT
2001-03-22 07:25:00,-7,935,PHX,TUL
2001-01-27 11:15:00,-2,677,HOU,ELP
2001-03-01 09:25:00,2,666,JAN,MDW
2001-03-31 11:05:00,9,1050,BDL,MCO
2001-03-12 18:10:00,6,777,BDL,MDW
2001-01-21 06:00:00,-5,303,MSY,HOU
2001-03-16 18:55:00,27,670,BNA,HOU
2001-01-14 10:10:00,-6,220,ISP,BWI
2001-01-24 11:10:00,-2,621,PHX,SJC
2001-01-15 09:08:00,20,737,STL,BWI
2001-01-25 19:32:00,14,377,BWI,MHT
2001-03-28 11:45:00,-9,314,BWI,CLE
2001-03-03 06:30:00,8,588,BWI,BNA
2001-02-15 08:13:00,22,337,OAK,LAX
2001-03-13 09:10:00,-10,276,HRL,HOU
2001-01-05 09:10:00,0,2106,LAS,BWI
2001-01-13 08:10:00,-3,197,ONT,LAS
2001-02-15 07:10:00,9,2106,BWI,LAS
2001-01-11 10:40:00,53,446,SAN,OAK
2001-03-29 18:42:00,17,666,HOU,MCI
2001-02-09 13:10:00,-10,677,ELP,HOU
2001-01-07 19:15:00,18,803,ISP,BNA
2001-02-22 14:40:00,7,256,PHX,LAS
2001-02-13 13:20:00,0,197,FLL,TPA
2001-01-15 09:05:00,-1,296,LIT,DAL
2001-01-19 07:00:00,-5,217,DAL,IAH
2001-01-23 06:35:00,-3,453,HOU,TUL
2001-03-10 07:30:00,-6,365,TUS,LAS
2001-01-15 08:29:00,-3,448,BNA,CLE
2001-03-16 21:30:00,27,842,BWI,TPA
2001-03-12 12:40:00,0,601,RNO,PHX
2001-01-05 06:30:00,3,325,ONT,PHX
2001-03-15 18:45:00,5,1073,PVD,MCO
2001-01-13 15:40:00,-2,148,AUS,HOU
2001-03-15 21:13:00,13,677,ABQ,LAX
2001-01-26 07:45:00,0,189,AUS,DAL
2001-02-11 21:00:00,32,663,BWI,JAX
2001-01-05 11:50:00,-10,562,DAL,ELP
2001-01-13 18:53:00,13,417,SJC,SAN
2001-03-16 20:40:00,25,345,LAS,RNO
2001-02-11 07:00:00,-12,258,LAS,SAN
2001-03-04 10:33:00,2,373,LAX,SMF
2001-02-12 11:05:00,-10,564,RNO,SEA
2001-01-27 19:15:00,-8,972,MCO,ISP
2001-03-29 21:27:00,52,281,BUF,BWI
2001-01-07 17:20:00,-4,718,MCO,SDF
2001-03-24 18:50:00,-3,314,BWI,CLE
2001-03-02 13:10:00,45,189,DAL,AUS
2001-02-10 14:45:00,33,479,SMF,PDX
2001-03-01 17:30:00,-1,718,MCO,SDF
2001-01-27 11:00:00,0,337,OAK,LAX
2001-01-01 19:10:00,-8,444,PDX,RNO
2001-02-08 16:57:00,37,178,FLL,MCO
2001-02-04 13:55:00,-8,368,SLC,LAS
2001-03-14 15:05:00,5,361,OAK,ONT
2001-03-10 16:31:00,12,397,LAS,SMF
2001-02-18 15:25:00,-4,564,SEA,RNO
2001-01-14 15:56:00,27,258,LAS,SAN
2001-01-27 11:20:00,-3,217,DAL,IAH
2001-03-29 10:40:00,0,1180,ABQ,SEA
2001-03-01 17:25:00,-3,189,AUS,DAL
2001-03-20 13:25:00,-5,677,ABQ,LAX
2001-01-30 06:30:00,0,325,ONT,PHX
2001-02-23 09:50:00,-10,1588,LAS,BNA
2001-03-29 07:20:00,-3,479,SMF,PDX
2001-02-23 13:14:00,15,276,HRL,HOU
2001-03-12 06:40:00,0,318,FLL,JAX
2001-02-08 11:05:00,-9,1073,MCO,PVD
2001-03-25 11:05:00,-6,564,RNO,SEA
2001-01-05 20:30:00,-16,337,LAX,OAK
2001-01-04 11:05:00,8,866,SEA,LAS
2001-01-03 14:10:00,-3,148,AUS,HOU
2001-03-18 15:35:00,-1,417,SJC,SAN
2001-02-01 14:05:00,-9,451,TUS,LAX
2001-03-20 13:35:00,-1,325,BUR,OAK
2001-01-11 10:32:00,14,389,SMF,ONT
2001-03-13 11:40:00,14,251,STL,MDW
2001-01-20 13:24:00,6,333,SJC,ONT
2001-01-30 10:20:00,5,1069,SAT,LAS
2001-02-03 20:15:00,5,344,PDX,BOI
2001-01-04 13:33:00,10,646,OAK,PHX
2001-01-03 06:30:00,3,304,SAN,PHX
2001-01-16 09:05:00,27,621,PHX,SJC
2001-01-21 22:05:00,-2,248,SAT,DAL
2001-02-18 07:10:00,-10,806,LAS,GEG
2001-01-01 19:28:00,7,612,BNA,TPA
2001-01-23 17:30:00,-3,239,HOU,DAL
2001-03-01 06:15:00,-6,361,ONT,OAK
2001-03-31 12:19:00,8,258,SAN,LAS
2001-03-09 09:40:00,0,479,SMF,PDX
2001-01-05 13:20:00,-11,677,ELP,HOU
2001-02-15 12:25:00,2,325,PHX,ONT
2001-02-14 10:10:00,-10,341,AUS,LBB
2001-02-23 12:15:00,12,229,MDW,DTW
2001-01-17 20:05:00,-2,621,PHX,SJC
2001-03-08 17:10:00,4,217,IAH,DAL
2001-01-21 12:20:00,-5,174,PBI,TPA
2001-02-27 20:50:00,14,866,LAS,SEA
2001-02-28 10:25:00,-2,296,STL,LIT
2001-02-27 14:45:00,28,256,LAS,PHX
2001-03-01 08:15:00,15,217,IAH,DAL
2001-03-07 07:05:00,8,727,TPA,SDF
2001-03-19 16:35:00,-7,405,MDW,MCI
2001-02-05 12:05:00,-2,223,BUR,LAS
2001-01-08 19:55:00,5,236,LAS,LAX
2001-02-08 12:40:00,0,843,SAT,PHX
2001-02-08 07:15:00,-17,1599,SAN,MSY
2001-01-05 20:15:00,-19,296,STL,LIT
2001-03-11 14:15:00,-2,318,JAX,FLL
2001-01-02 14:21:00,14,423,MDW,OMA
2001-01-02 08:31:00,8,937,HOU,MDW
2001-03-18 15:15:00,1,993,MCO,AUS
2001-01-12 16:13:00,27,224,SEA,GEG
2001-03-25 18:00:00,-9,178,MCO,FLL
2001-02-07 12:25:00,67,666,MDW,JAN
2001-02-04 13:45:00,-37,1987,BUF,LAS
2001-01-17 21:30:00,-7,239,HOU,DAL
2001-01-15 07:55:00,1,587,MCO,JAN
2001-01-28 09:15:00,-21,2106,LAS,BWI
2001-01-26 16:49:00,60,303,HOU,MSY
2001-01-17 17:05:00,25,324,DAL,AMA
2001-01-12 11:49:00,12,283,BWI,BDL
2001-03-23 15:45:00,27,386,LAS,SJC
2001-03-27 07:05:00,-3,337,LAX,OAK
2001-03-01 07:30:00,17,546,GEG,SLC
2001-02-18 13:18:00,20,328,ABQ,PHX
2001-01-23 21:15:00,-2,187,HOU,CRP
2001-03-08 12:14:00,77,328,ABQ,PHX
2001-03-21 09:05:00,18,373,SMF,LAX
2001-03-27 19:45:00,-5,358,SMF,BUR
2001-03-09 16:00:00,154,256,LAS,PHX
2001-03-24 08:05:00,-5,284,MDW,CMH
2001-01-15 17:10:00,5,328,PHX,ABQ
2001-02-22 07:00:00,0,370,PHX,LAX
2001-03-06 15:35:00,11,1099,OMA,LAS
2001-03-06 09:05:00,6,444,PDX,RNO
2001-02-14 07:05:00,2,325,BUR,OAK
2001-02-06 15:30:00,-9,321,BHM,MSY
2001-02-07 06:45:00,3,319,MAF,DAL
2001-02-09 07:55:00,3,358,BUR,SMF
2001-01-25 17:25:00,-3,471,BNA,MSY
2001-03-16 12:42:00,8,189,DAL,AUS
2001-01-13 17:10:00,-5,484,JAX,BNA
2001-03-10 13:24:00,11,967,MCI,BWI
2001-03-20 12:25:00,14,255,BWI,RDU
2001-01-20 17:04:00,86,237,TUL,DAL
2001-01-08 12:00:00,-3,324,DAL,AMA
2001-03-11 17:35:00,-4,271,SDF,MDW
2001-01-18 10:21:00,30,229,MDW,DTW
2001-01-22 13:25:00,-11,677,ABQ,LAX
2001-03-13 16:00:00,-3,192,HOU,SAT
2001-01-12 11:10:00,12,256,PHX,LAS
2001-01-02 17:34:00,17,307,CLE,MDW
2001-01-17 20:20:00,-8,880,STL,MCO
2001-03-26 06:20:00,-10,325,OAK,BUR
2001-03-23 12:00:00,12,1479,SJC,MCI
2001-03-26 09:35:00,-10,1489,MCI,SEA
2001-01-19 14:56:00,37,236,LAX,LAS
2001-03-15 09:09:00,11,1090,LAS,AUS
2001-02-25 10:10:00,8,507,SLC,PHX
2001-03-12 15:30:00,-18,1156,STL,SLC
2001-02-03 06:55:00,-5,967,MCI,BWI
2001-02-15 15:58:00,0,446,SAN,OAK
2001-01-24 09:05:00,13,528,AUS,ELP
2001-01-31 10:25:00,-4,237,DAL,TUL
2001-02-03 14:20:00,-4,440,DTW,STL
2001-03-19 19:45:00,-5,314,CLE,BWI
2001-03-23 20:35:00,7,325,PHX,ONT
2001-03-07 17:50:00,33,1044,MCI,PHX
2001-01-03 18:55:00,67,229,MDW,DTW
2001-02-23 11:05:00,-7,174,TPA,PBI
2001-02-26 07:55:00,-5,367,TUS,SAN
2001-03-11 11:35:00,-15,671,SEA,OAK
2001-02-04 18:40:00,-10,888,JAN,BWI
2001-01-30 19:50:00,-6,580,DAL,ABQ
2001-01-31 06:00:00,-10,405,MDW,MCI
2001-01-21 13:43:00,10,325,OAK,BUR
2001-03-16 09:07:00,21,765,MDW,ISP
2001-03-23 09:30:00,0,271,SDF,MDW
2001-01-23 06:05:00,-5,287,GEG,BOI
2001-03-08 21:00:00,20,397,SMF,LAS
2001-02-06 14:07:00,2,714,LAX,ELP
2001-03-07 06:30:00,-3,361,OAK,ONT
2001-02-26 11:05:00,0,621,SJC,PHX
2001-01-18 09:47:00,24,239,DAL,HOU
2001-03-10 21:02:00,52,487,LAS,ABQ
2001-01-17 12:20:00,5,187,HOU,CRP
2001-01-08 09:25:00,5,237,DAL,TUL
2001-02-07 08:30:00,-2,453,HOU,TUL
2001-02-20 12:21:00,0,328,BWI,PVD
2001-02-23 12:05:00,0,663,JAX,BWI
2001-02-15 20:05:00,76,187,HOU,CRP
2001-02-16 22:40:00,49,304,PHX,SAN
2001-01-23 07:55:00,5,283,BWI,BDL
2001-01-15 13:55:00,-3,390,RNO,LAX
2001-01-25 06:25:00,4,328,ABQ,PHX
2001-03-20 12:26:00,5,1751,ONT,BNA
2001-02-06 17:40:00,14,520,LAS,BOI
2001-02-01 13:30:00,9,550,MCO,MSY
2001-03-05 19:15:00,42,283,BDL,BWI
2001-03-28 18:45:00,-5,440,DTW,STL
2001-03-27 18:10:00,5,288,BWI,ALB
2001-03-02 19:35:00,13,377,BWI,MHT
2001-02-15 12:00:00,-1,397,SMF,LAS
2001-01-17 14:25:00,-4,358,SMF,BUR
2001-03-07 14:40:00,-4,307,CLE,MDW
2001-02-27 16:40:00,19,883,PBI,BWI
2001-01-18 11:09:00,35,276,HOU,HRL
2001-01-24 15:15:00,-15,386,LAS,SJC
2001-03-23 16:30:00,0,358,SMF,BUR
2001-02-01 07:40:00,-2,587,TPA,RDU
2001-01-22 12:24:00,5,1140,LAS,MCI
2001-01-29 14:25:00,-14,677,LAX,ABQ
2001-02-14 12:15:00,-2,279,PDX,GEG
2001-01-26 16:35:00,-2,580,DAL,ABQ
2001-01-15 17:00:00,-7,677,ELP,HOU
2001-03-25 22:15:00,43,256,LAS,PHX
2001-01-03 07:07:00,22,1140,LAS,MCI
2001-02-06 19:08:00,20,440,DTW,STL
2001-02-19 12:30:00,-2,239,DAL,HOU
2001-03-07 18:30:00,2,1069,LAS,SAT
2001-03-18 17:25:00,20,337,LAX,OAK
2001-03-11 08:25:00,-6,888,BWI,JAN
2001-02-27 09:30:00,-11,307,MDW,CLE
2001-01-26 21:58:00,3,291,SLC,BOI
2001-03-26 10:05:00,4,229,IND,STL
2001-03-15 07:25:00,-2,758,AMA,LAS
2001-02-18 21:00:00,0,248,DAL,SAT
2001-03-29 22:10:00,-9,325,PHX,ONT
2001-01-16 13:25:00,5,417,SAN,SJC
2001-03-23 19:18:00,48,671,SEA,OAK
2001-01-27 12:30:00,3,1142,MCO,MHT
2001-03-20 08:35:00,5,337,OAK,LAX
2001-03-12 19:30:00,-5,239,HOU,DAL
2001-02-24 18:12:00,18,417,SJC,SAN
2001-02-17 16:50:00,-8,632,RDU,MDW
2001-03-28 19:51:00,38,148,AUS,HOU
2001-01-03 20:00:00,-5,347,ELP,PHX
2001-01-13 14:25:00,0,358,SMF,BUR
2001-02-14 19:00:00,20,1363,LAX,MCI
2001-03-02 13:19:00,7,588,BNA,BWI
2001-02-23 12:20:00,15,628,SAN,ABQ
2001-02-22 19:46:00,17,496,SAT,ELP
2001-02-25 08:30:00,-6,239,HOU,DAL
2001-01-26 09:35:00,-3,283,BDL,BWI
2001-02-23 19:24:00,22,471,MSY,BNA
2001-02-20 09:30:00,-3,283,BDL,BWI
2001-03-29 12:30:00,4,251,MDW,STL
2001-01-08 07:10:00,-21,1599,SAN,MSY
2001-03-07 20:35:00,-6,646,OAK,PHX
2001-01-21 19:30:00,54,670,BNA,HOU
2001-01-22 09:18:00,7,293,LBB,DAL
2001-01-11 21:30:00,-5,370,PHX,LAX
2001-02-03 14:04:00,-5,337,OAK,LAX
2001-01-18 17:04:00,4,370,LAX,PHX
2001-02-24 18:38:00,41,239,HOU,DAL
2001-02-12 16:40:00,-9,550,MCO,MSY
2001-02-02 11:00:00,-3,368,LAS,SLC
2001-03-11 13:40:00,17,325,BUR,OAK
2001-02-04 08:40:00,-10,1236,MHT,MCI
2001-01-12 11:40:00,118,370,LAX,PHX
2001-02-02 17:20:00,0,291,BOI,SLC
2001-02-07 21:35:00,-2,314,CLE,BWI
2001-01-21 20:40:00,0,405,MCI,MDW
2001-01-23 17:30:00,-7,239,DAL,HOU
2001-03-20 19:21:00,19,303,HOU,MSY
2001-03-26 12:20:00,18,1156,SLC,STL
2001-02-05 20:30:00,11,279,PDX,GEG
2001-01-03 07:05:00,-5,1481,PDX,MCI
2001-03-05 15:40:00,-5,419,HOU,OKC
2001-02-16 18:07:00,-1,1235,LAS,HOU
2001-03-29 10:00:00,-12,229,DTW,MDW
2001-02-27 08:35:00,-20,611,MDW,BWI
2001-01-01 08:45:00,0,279,GEG,PDX
2001-03-21 12:40:00,10,480,SMF,SAN
2001-02-11 17:55:00,17,197,TPA,FLL
2001-01-21 09:20:00,-7,666,JAN,MDW
2001-03-22 13:30:00,-2,239,HOU,DAL
2001-02-19 10:00:00,-13,630,SLC,PDX
2001-02-03 19:50:00,-11,495,BWI,SDF
2001-01-16 11:40:00,8,251,STL,MDW
2001-03-19 12:00:00,-7,281,BUF,BWI
2001-03-05 18:15:00,13,347,ELP,PHX
2001-01-29 18:22:00,14,484,BNA,JAX
2001-03-14 20:20:00,0,1044,MCI,PHX
2001-03-17 08:37:00,-5,236,LAS,LAX
2001-02-18 15:15:00,-8,254,STL,SDF
2001-02-13 22:23:00,75,325,ONT,PHX
2001-02-22 19:11:00,34,670,HOU,BNA
2001-03-15 06:40:00,-3,197,ONT,LAS
2001-02-10 06:40:00,2,737,BWI,STL
2001-01-12 08:30:00,-15,888,BWI,JAN
2001-03-29 22:00:00,5,407,LAS,OAK
2001-03-12 08:25:00,5,1588,LAS,BNA
2001-02-23 11:35:00,5,239,DAL,HOU
2001-02-18 18:25:00,27,1442,MCI,SMF
2001-02-17 11:44:00,23,1797,LAX,BNA
2001-02-08 16:40:00,28,1363,MCI,LAX
2001-01-02 13:45:00,-55,1987,BUF,LAS
2001-02-25 15:45:00,50,697,SJC,SEA
2001-03-10 13:28:00,9,646,OAK,PHX
2001-02-10 17:30:00,-3,283,BDL,BWI
2001-01-05 06:49:00,13,838,MHT,MDW
2001-02-24 17:15:00,-4,484,JAX,BNA
2001-01-11 18:07:00,45,373,LAX,SMF
2001-03-06 09:43:00,16,328,BWI,PVD
2001-01-14 20:50:00,-5,197,LAS,ONT
2001-01-08 16:34:00,16,989,MCO,MDW
2001-02-01 13:15:00,-8,288,ALB,BWI
2001-01-25 20:38:00,25,308,SJC,LAX
2001-01-12 19:18:00,17,677,ABQ,LAX
2001-01-19 11:05:00,-18,651,PHX,SFO
2001-01-25 17:06:00,3,762,PDX,LAS
2001-03-18 17:30:00,1,342,SNA,SJC
2001-01-23 14:30:00,-8,588,BNA,BWI
2001-01-04 10:00:00,3,687,HOU,STL
2001-02-14 08:10:00,-8,389,SMF,ONT
2001-03-26 18:10:00,12,108,PVD,ISP
2001-02-05 10:30:00,-7,239,DAL,HOU
2001-03-30 07:50:00,1,174,PBI,TPA
2001-02-11 12:50:00,-11,590,LAX,SLC
2001-01-19 16:12:00,23,251,STL,MDW
2001-03-21 11:08:00,39,337,OAK,LAX
2001-02-20 20:20:00,0,293,DAL,LBB
2001-01-06 11:30:00,0,308,LAX,SJC
2001-02-08 17:50:00,5,389,ONT,SMF
2001-03-15 19:50:00,10,248,SAT,DAL
2001-03-23 08:15:00,-1,324,DAL,AMA
2001-03-13 18:30:00,-1,293,DAL,LBB
2001-03-16 15:35:00,5,796,MAF,LAS
2001-03-26 14:15:00,-7,229,DTW,MDW
2001-03-23 12:15:00,0,180,OAK,RNO
2001-02-25 10:40:00,0,440,DTW,STL
2001-03-22 21:05:00,-2,217,DAL,IAH
2001-03-26 09:48:00,31,254,STL,SDF
2001-03-13 06:00:00,-3,395,MDW,BNA
2001-02-13 19:20:00,67,1140,MCI,LAS
2001-02-02 07:45:00,-4,333,SJC,ONT
2001-03-11 17:48:00,33,174,PBI,TPA
2001-01-16 06:30:00,2,189,AUS,DAL
2001-02-04 19:25:00,-5,256,LAS,PHX
2001-03-11 11:06:00,-5,866,SEA,LAS
2001-02-27 07:30:00,2,192,SAT,HOU
2001-02-23 06:30:00,-3,677,ABQ,LAX
2001-02-24 13:22:00,42,580,ABQ,DAL
2001-03-02 20:14:00,11,271,SDF,MDW
2001-02-19 07:05:00,0,616,MCO,BNA
2001-02-06 09:10:00,-25,1442,SMF,MCI
2001-03-01 11:35:00,36,1999,BWI,PHX
2001-03-09 15:08:00,40,370,LAX,PHX
2001-01-16 19:30:00,-5,395,BNA,MDW
2001-01-31 21:00:00,-2,569,SJC,PDX
2001-02-15 18:24:00,51,237,DAL,TUL
2001-01-19 20:23:00,38,303,HOU,MSY
2001-03-23 07:00:00,-13,256,LAS,PHX
2001-02-28 08:10:00,-11,389,SMF,ONT
2001-01-04 21:30:00,-7,239,DAL,HOU
2001-03-13 23:12:00,5,256,LAS,PHX
2001-03-11 07:25:00,-3,304,SAN,PHX
2001-03-18 14:45:00,0,697,SJC,SEA
2001-03-08 15:30:00,-5,337,LAX,OAK
2001-02-26 17:00:00,-5,223,TUL,MCI
2001-01-08 20:35:00,-1,646,OAK,PHX
2001-03-08 12:18:00,19,325,BUR,OAK
2001-03-27 15:06:00,-6,370,PHX,LAX
2001-01-23 13:08:00,6,361,OAK,ONT
2001-02-08 14:18:00,13,368,SLC,LAS
2001-01-04 13:00:00,-6,370,PHX,LAX
2001-01-18 16:25:00,-2,440,DTW,STL
2001-01-17 09:47:00,18,239,DAL,HOU
2001-02-19 12:28:00,5,197,ONT,LAS
2001-02-01 13:50:00,0,534,RDU,MCO
2001-02-27 20:22:00,38,993,AUS,MCO
2001-01-20 08:00:00,5,437,MSY,DAL
2001-01-19 20:45:00,133,1448,BNA,PHX
2001-01-10 21:18:00,30,229,DTW,MDW
2001-03-08 12:20:00,-1,174,PBI,TPA
2001-01-27 16:10:00,13,451,LAX,TUS
2001-01-02 11:14:00,36,239,HOU,DAL
2001-03-20 19:50:00,-8,546,SLC,GEG
2001-01-15 20:40:00,-5,148,AUS,HOU
2001-03-13 09:30:00,-18,370,PHX,LAX
2001-01-04 15:52:00,-5,377,MHT,BWI
2001-01-31 13:20:00,-10,236,LAX,LAS
2001-03-05 12:46:00,32,337,LAX,OAK
2001-03-11 19:44:00,26,256,PHX,LAS
2001-01-11 11:10:00,-10,1073,PVD,MCO
2001-03-25 17:00:00,0,237,STL,MCI
2001-01-02 07:30:00,-6,239,DAL,HOU
2001-01-28 07:50:00,-25,1797,BNA,LAX
2001-01-19 15:30:00,28,296,LIT,DAL
2001-01-16 19:40:00,5,296,LIT,DAL
2001-03-02 14:10:00,10,142,PBI,MCO
2001-03-22 06:25:00,5,480,SMF,SAN
2001-03-15 13:10:00,-5,677,ELP,HOU
2001-03-30 06:05:00,-11,569,PDX,SJC
2001-02-12 12:36:00,48,1671,LAX,MSY
2001-01-17 06:45:00,3,496,SAT,ELP
2001-01-21 07:35:00,-27,1497,TPA,ABQ
2001-01-25 06:00:00,-7,395,MDW,BNA
2001-02-14 18:28:00,30,1076,LAS,TUL
2001-02-28 07:00:00,0,928,TPA,AUS
2001-02-08 12:15:00,-5,180,OAK,RNO
2001-01-12 18:40:00,24,371,SNA,OAK
2001-03-11 09:30:00,-7,1140,LAS,MCI
2001-03-06 17:35:00,-8,842,PVD,MDW
2001-03-24 18:25:00,-5,371,SNA,OAK
2001-02-20 06:30:00,-5,570,BHM,HOU
2001-03-08 20:35:00,-9,296,STL,LIT
2001-03-06 06:15:00,-8,229,MDW,DTW
2001-02-08 06:45:00,-11,284,MDW,CMH
2001-03-09 15:30:00,-5,321,BHM,MSY
2001-01-01 17:00:00,5,197,FLL,TPA
2001-01-26 09:35:00,-13,1262,PHX,STL
2001-01-23 16:37:00,17,296,BUR,SJC
2001-01-07 15:18:00,66,236,LAX,LAS
2001-01-29 11:45:00,27,399,BOI,SEA
2001-03-10 18:30:00,-7,181,OKC,DAL
2001-01-27 17:45:00,-10,255,RDU,BWI
2001-02-06 17:20:00,0,174,PBI,TPA
2001-01-10 17:20:00,22,192,SAT,HOU
2001-01-16 07:15:00,20,307,CLE,MDW
2001-01-24 18:30:00,2,417,SAN,SJC
2001-02-11 13:55:00,38,223,LAS,BUR
2001-01-13 09:00:00,-6,838,MDW,MHT
2001-03-02 11:00:00,-10,332,MAF,ABQ
2001-01-10 07:00:00,-5,284,MDW,CMH
2001-03-17 07:55:00,-20,2298,BDL,LAS
2001-03-24 15:05:00,15,646,OAK,PHX
2001-01-05 20:20:00,5,397,LAS,SMF
2001-02-06 19:42:00,18,251,STL,MDW
2001-02-23 22:55:00,10,304,PHX,SAN
2001-03-07 14:20:00,12,283,BWI,BDL
2001-02-09 07:45:00,-3,189,AUS,DAL
2001-02-20 20:20:00,-2,453,HOU,TUL
2001-02-27 08:15:00,-4,237,TUL,DAL
2001-02-26 19:50:00,7,647,PHX,SMF
2001-03-14 07:00:00,3,337,OAK,LAX
2001-01-03 11:30:00,3,342,STL,OMA
2001-01-01 11:42:00,-8,671,SEA,OAK
2001-01-29 21:49:00,0,192,SAT,HOU
2001-02-14 14:44:00,120,1301,PHX,MSY
2001-02-08 15:21:00,12,187,HOU,CRP
2001-03-07 09:50:00,-2,787,MCO,BWI
2001-02-01 16:36:00,8,239,DAL,HOU
2001-02-23 11:20:00,-4,1797,LAX,BNA
2001-01-25 15:21:00,-7,236,LAX,LAS
2001-03-31 12:45:00,-5,217,IAH,DAL
2001-01-28 18:40:00,-10,324,DAL,AMA
2001-02-04 09:00:00,-14,520,BOI,LAS
2001-03-30 15:59:00,9,419,HOU,OKC
2001-03-31 12:15:00,-11,446,SAN,OAK
2001-03-25 12:25:00,23,337,OAK,LAX
2001-03-18 15:00:00,22,1342,AUS,BWI
2001-02-23 13:30:00,22,283,BDL,BWI
2001-02-05 10:52:00,37,588,SLC,OAK
2001-03-21 13:40:00,-2,293,LBB,DAL
2001-01-25 22:20:00,30,276,HOU,HRL
2001-01-22 20:35:00,-10,646,OAK,PHX
2001-01-22 11:25:00,6,507,SLC,PHX
2001-03-12 15:03:00,0,1588,LAS,BNA
2001-03-10 09:40:00,-2,632,RDU,MDW
2001-02-13 08:45:00,-15,889,ABQ,OAK
2001-03-06 07:45:00,-3,187,HOU,CRP
2001-03-23 21:20:00,117,417,SAN,SJC
2001-02-15 06:34:00,31,314,CLE,BWI
2001-03-31 17:59:00,2,1848,PHX,MCO
2001-01-31 08:15:00,-7,217,IAH,DAL
2001-01-12 21:00:00,158,328,PHX,ABQ
2001-01-09 13:30:00,2,239,DAL,HOU
2001-02-17 08:28:00,5,550,MCO,MSY
2001-01-04 07:05:00,-5,188,SJC,RNO
2001-01-09 22:10:00,-10,237,STL,MCI
2001-02-04 15:32:00,-5,491,BNA,MCI
2001-03-05 18:15:00,-9,192,HOU,SAT
2001-01-17 13:05:00,-10,588,BNA,BWI
2001-01-08 11:35:00,-7,775,LBB,LAS
2001-03-15 16:07:00,8,192,HOU,SAT
2001-02-09 06:30:00,-4,217,IAH,DAL
2001-03-05 07:40:00,-1,303,HOU,MSY
2001-01-11 06:00:00,0,395,MDW,BNA
2001-03-20 09:10:00,0,410,STL,BHM
2001-03-26 07:08:00,12,647,SMF,PHX
2001-01-07 10:37:00,21,611,BWI,MDW
2001-01-02 13:10:00,0,276,HRL,HOU
2001-02-20 10:45:00,-8,287,BOI,GEG
2001-03-08 07:25:00,-5,308,LAX,SJC
2001-03-21 06:20:00,0,389,SMF,ONT
2001-02-26 13:15:00,2,677,ELP,HOU
2001-03-21 12:25:00,-7,1262,STL,PHX
2001-01-01 20:50:00,0,373,SMF,LAX
2001-01-03 10:00:00,-9,397,LAS,SMF
2001-03-20 20:30:00,-20,1262,STL,PHX
2001-01-28 22:05:00,-10,361,ONT,OAK
2001-03-09 20:25:00,45,446,OAK,SAN
2001-01-01 20:15:00,18,419,HOU,OKC
2001-01-28 20:17:00,33,651,PHX,SFO
2001-01-29 21:00:00,3,399,SEA,BOI
2001-01-14 08:00:00,-20,972,ISP,MCO
2001-01-18 11:20:00,-6,446,SAN,OAK
2001-01-20 12:00:00,1,397,SMF,LAS
2001-01-24 07:35:00,0,294,AUS,MAF
2001-03-27 09:50:00,2,174,PBI,TPA
2001-03-09 20:10:00,2,405,MDW,MCI
2001-03-18 10:55:00,10,460,BHM,TPA
2001-02-11 18:45:00,25,843,SAT,PHX
2001-01-10 14:35:00,-10,351,STL,TUL
2001-02-09 11:47:00,47,460,BHM,TPA
2001-02-07 13:50:00,93,323,SDF,BHM
2001-01-09 21:22:00,2,319,DAL,MAF
2001-02-05 09:45:00,8,188,RNO,SJC
2001-01-08 10:45:00,33,677,ABQ,LAX
2001-01-07 16:39:00,0,296,DAL,LIT
2001-03-18 09:12:00,0,444,PDX,RNO
2001-01-17 11:20:00,-1,178,MCO,FLL
2001-03-18 15:50:00,-3,440,STL,DTW
2001-03-10 22:36:00,24,283,BWI,BDL
2001-02-19 16:05:00,30,1044,PHX,MCI
2001-03-01 09:00:00,7,405,MDW,MCI
2001-01-12 10:49:00,50,256,LAS,PHX
2001-03-25 14:50:00,14,370,LAX,PHX
2001-02-14 16:15:00,39,347,PHX,ELP
2001-01-18 18:30:00,-5,611,MDW,BWI
2001-03-28 09:25:00,-3,281,BWI,BUF
2001-03-16 07:25:00,3,935,PHX,TUL
2001-02-22 21:50:00,82,308,SJC,LAX
2001-01-12 21:18:00,110,444,RNO,PDX
2001-03-24 11:48:00,60,181,DAL,OKC
2001-03-04 08:05:00,-7,314,BWI,CLE
2001-03-15 11:15:00,3,448,CLE,BNA
2001-01-21 17:30:00,0,397,SMF,LAS
2001-01-20 12:45:00,0,446,OAK,SAN
2001-02-24 07:30:00,-9,303,MSY,HOU
2001-01-15 15:48:00,50,570,MDW,BHM
2001-01-25 19:31:00,3,371,OAK,SNA
2001-01-31 14:55:00,-4,437,MSY,DAL
2001-03-12 13:10:00,2,370,PHX,LAX
2001-02-25 12:25:00,-5,1072,MCO,MCI
2001-03-14 16:17:00,6,229,DTW,MDW
2001-02-14 15:45:00,2,236,LAX,LAS
2001-01-20 17:00:00,4,1093,FLL,ISP
2001-01-25 19:30:00,0,967,MCI,BWI
2001-01-21 10:40:00,0,997,TPA,MDW
2001-02-16 13:15:00,-1,367,SAN,TUS
2001-02-09 07:10:00,-3,2106,BWI,LAS
2001-03-16 17:05:00,-1,2277,PVD,PHX
2001-01-18 16:45:00,2,1797,BNA,LAX
2001-01-24 18:35:00,-20,569,PDX,SJC
2001-03-10 09:15:00,-12,2106,LAS,BWI
2001-03-13 14:18:00,3,303,MSY,HOU
2001-01-25 15:05:00,0,605,SEA,SMF
2001-02-16 10:12:00,85,189,AUS,DAL
2001-02-17 17:10:00,0,528,AUS,ELP
2001-01-25 11:00:00,-12,405,MDW,MCI
2001-01-03 18:20:00,0,405,MCI,MDW
2001-03-10 19:09:00,5,197,FLL,TPA
2001-03-30 10:05:00,-3,181,OKC,DAL
2001-02-19 09:12:00,25,296,STL,LIT
2001-03-27 17:10:00,25,437,MSY,DAL
2001-01-18 15:48:00,9,361,ONT,OAK
2001-01-06 12:20:00,3,258,LAS,SAN
2001-01-22 13:30:00,8,174,TPA,PBI
2001-03-17 18:40:00,-21,590,SLC,LAX
2001-02-04 09:50:00,0,1301,PHX,MSY
2001-01-05 20:50:00,-7,417,SAN,SJC
2001-01-10 08:00:00,-5,998,MSY,BWI
2001-01-31 13:34:00,34,303,MSY,HOU
2001-02-01 08:00:00,-8,337,OAK,LAX
2001-03-31 16:15:00,1,345,LAS,RNO
2001-03-03 09:30:00,-7,487,ABQ,LAS
2001-02-13 10:16:00,-4,308,LAX,SJC
2001-02-16 13:22:00,76,872,AUS,PHX
2001-03-09 11:50:00,11,487,TPA,MSY
2001-02-07 22:40:00,-7,389,SMF,ONT
2001-03-19 06:50:00,-2,333,SJC,ONT
2001-02-22 09:40:00,-11,520,LAS,BOI
2001-02-05 12:55:00,108,1040,SAT,MCO
2001-03-06 12:45:00,-7,178,FLL,MCO
2001-02-16 06:40:00,17,239,DAL,HOU
2001-02-03 11:06:00,0,370,LAX,PHX
2001-03-12 06:23:00,-8,386,LAS,SJC
2001-03-22 21:10:00,0,677,ELP,HOU
2001-01-20 16:04:00,30,993,MCO,AUS
2001-02-05 17:45:00,0,223,ABQ,ELP
2001-03-29 12:45:00,6,148,AUS,HOU
2001-01-19 06:30:00,10,303,MSY,HOU
2001-01-21 20:25:00,-10,843,PHX,SAT
2001-02-28 06:50:00,0,550,MCO,MSY
2001-03-16 17:29:00,26,284,MDW,CMH
2001-01-19 17:40:00,42,687,HOU,STL
2001-01-08 17:50:00,5,276,HOU,HRL
2001-01-05 14:05:00,-6,1489,PHX,IND
2001-01-08 07:00:00,3,407,OAK,LAS
2001-01-18 08:48:00,14,670,BNA,HOU
2001-01-23 08:25:00,-10,1044,PHX,MCI
2001-03-27 09:08:00,10,192,HOU,SAT
2001-01-21 21:15:00,-7,281,BWI,BUF
2001-03-04 12:35:00,18,377,BWI,MHT
2001-01-09 12:40:00,-2,358,SMF,BUR
2001-01-23 16:20:00,5,248,DAL,SAT
2001-03-04 08:10:00,-11,368,LAS,SLC
2001-01-13 13:06:00,-1,239,HOU,DAL
2001-01-17 19:05:00,-3,307,MDW,CLE
2001-01-15 13:38:00,-12,1107,PHX,SEA
2001-03-21 18:00:00,0,177,BHM,BNA
2001-02-01 21:30:00,-10,337,LAX,OAK
2001-03-23 20:45:00,-9,148,AUS,HOU
2001-01-05 17:40:00,-2,1235,LAS,HOU
2001-01-25 13:35:00,25,507,PHX,SLC
2001-03-30 11:30:00,0,787,MCO,BWI
2001-03-09 23:40:00,142,256,PHX,LAS
2001-01-17 07:00:00,-2,319,MAF,DAL
2001-03-02 18:54:00,30,671,SEA,OAK
2001-01-23 18:45:00,-20,1481,MCI,PDX
2001-03-12 12:25:00,8,423,MDW,OMA
2001-02-11 21:35:00,-2,314,CLE,BWI
2001-02-07 13:50:00,-5,714,LAX,ELP
2001-01-03 07:35:00,-11,440,DTW,STL
2001-01-02 12:55:00,43,197,LAS,ONT
2001-01-01 17:35:00,-1,295,LBB,ELP
2001-02-17 07:00:00,-12,258,LAS,SAN
2001-02-22 08:18:00,33,1262,STL,PHX
2001-02-03 16:10:00,-5,361,OAK,ONT
2001-01-14 08:05:00,13,405,MDW,MCI
2001-01-09 11:30:00,-23,1342,BWI,AUS
2001-02-20 07:10:00,2,271,SDF,MDW
2001-02-10 11:40:00,4,251,STL,MDW
2001-03-28 08:45:00,7,296,STL,LIT
2001-03-30 08:15:00,-3,324,DAL,AMA
2001-01-15 10:55:00,4,1210,SAT,LAX
2001-02-27 06:55:00,0,187,CRP,HOU
2001-03-13 08:03:00,43,852,BDL,BNA
2001-03-07 17:25:00,18,677,ABQ,LAX
2001-02-27 12:26:00,44,304,PHX,SAN
2001-03-30 07:55:00,-4,236,LAS,LAX
2001-02-16 14:30:00,-1,255,RDU,BWI
2001-02-25 08:00:00,-18,689,SEA,SLC
2001-01-22 08:15:00,-2,405,MDW,MCI
2001-02-06 17:25:00,5,934,STL,ABQ
2001-03-29 13:35:00,0,611,BWI,MDW
2001-01-09 07:00:00,-2,217,DAL,IAH
2001-03-27 17:20:00,0,277,ABQ,AMA
2001-01-24 19:15:00,-10,1501,LAS,MSY
2001-03-07 08:10:00,5,484,JAX,BNA
2001-02-16 21:20:00,35,417,SAN,SJC
2001-01-22 07:00:00,-5,256,LAS,PHX
2001-03-16 18:35:00,54,386,LAS,SJC
2001-03-27 11:50:00,-7,1156,SLC,STL
2001-02-10 13:15:00,17,361,OAK,ONT
2001-01-24 18:30:00,-10,293,LBB,DAL
2001-03-24 11:50:00,-7,487,TPA,MSY
2001-01-26 22:12:00,65,188,SJC,RNO
2001-02-12 20:50:00,21,248,DAL,SAT
2001-03-14 13:50:00,-22,2106,LAS,BWI
2001-03-10 12:13:00,10,417,SAN,SJC
2001-03-28 17:45:00,0,491,MCI,BNA
2001-02-13 07:15:00,13,967,BWI,MCI
2001-01-09 18:25:00,-10,1140,MCI,LAS
2001-03-24 15:35:00,-2,361,ONT,OAK
2001-01-18 11:26:00,17,248,DAL,SAT
2001-01-29 14:29:00,2,646,PHX,OAK
2001-03-19 23:15:00,2,325,PHX,ONT
2001-03-09 14:37:00,53,197,TPA,FLL
2001-01-02 18:35:00,7,369,PHX,BUR
2001-01-20 10:48:00,4,236,LAX,LAS
2001-01-18 08:55:00,13,937,MDW,HOU
2001-01-14 10:30:00,-5,180,RNO,OAK
2001-03-01 16:05:00,13,251,MDW,STL
2001-02-27 19:10:00,20,361,ONT,OAK
2001-01-06 08:30:00,1,550,MCO,MSY
2001-03-28 13:20:00,3,967,MCI,BWI
2001-01-24 16:04:00,4,236,LAS,LAX
2001-02-16 18:16:00,31,367,TUS,SAN
2001-01-10 08:20:00,3,405,MCI,MDW
2001-03-26 18:00:00,5,358,SMF,BUR
2001-03-17 08:32:00,9,1588,BNA,LAS
2001-01-25 22:05:00,-1,248,SAT,DAL
2001-02-02 18:27:00,26,1073,MCO,ALB
2001-02-23 11:10:00,7,284,CMH,MDW
2001-02-11 09:25:00,-2,515,BWI,IND
2001-02-22 19:30:00,30,189,AUS,DAL
2001-02-04 08:55:00,24,1034,ISP,TPA
2001-01-06 10:45:00,-10,325,BUR,OAK
2001-03-17 18:45:00,-5,180,OAK,RNO
2001-01-03 19:38:00,14,1090,LAS,AUS
2001-01-19 06:15:00,-5,333,ONT,SJC
2001-02-06 16:10:00,3,446,OAK,SAN
2001-03-18 14:55:00,-5,220,BWI,ISP
2001-02-09 17:53:00,23,759,HOU,ABQ
2001-03-07 15:55:00,14,224,SEA,GEG
2001-03-05 18:10:00,-6,588,SLC,OAK
2001-03-28 19:05:00,-2,1501,LAS,MSY
2001-02-23 06:25:00,4,313,MCI,OKC
2001-03-10 17:10:00,-5,162,IND,MDW
2001-02-10 15:45:00,-5,1546,HOU,RNO
2001-03-20 07:55:00,-12,367,TUS,SAN
2001-02-26 12:10:00,-3,377,BWI,MHT
2001-02-11 18:10:00,-5,714,LAX,ELP
2001-03-16 16:15:00,74,296,DAL,LIT
2001-03-04 18:55:00,4,405,MCI,MDW
2001-02-12 10:25:00,7,389,SMF,ONT
2001-01-12 10:55:00,0,229,DTW,MDW
2001-01-14 19:05:00,0,829,TPA,CMH
2001-03-15 20:00:00,115,395,MDW,BNA
2001-03-22 20:25:00,4,304,SAN,PHX
2001-02-03 15:35:00,0,491,BNA,MCI
2001-03-26 11:05:00,-18,1210,SAT,LAX
2001-02-27 22:36:00,8,303,HOU,MSY
2001-03-10 13:50:00,-9,907,PVD,BNA
2001-03-22 13:15:00,8,967,MCI,BWI
2001-03-16 12:34:00,14,237,STL,MCI
2001-03-28 08:55:00,5,937,MDW,HOU
2001-01-16 21:37:00,43,217,DAL,IAH
2001-03-22 18:15:00,-1,324,AMA,DAL
2001-03-07 14:50:00,-10,333,ONT,SJC
2001-03-11 12:43:00,19,248,SAT,DAL
2001-02-11 16:35:00,5,304,PHX,SAN
2001-03-20 21:15:00,-5,333,SJC,ONT
2001-02-17 20:14:00,25,174,PBI,TPA
2001-03-12 21:05:00,-6,487,MSY,TPA
2001-02-11 16:18:00,90,842,TPA,BWI
2001-03-13 16:30:00,21,319,MAF,DAL
2001-01-24 19:09:00,30,328,PHX,ABQ
2001-02-26 20:10:00,40,1814,IND,LAX
2001-01-09 16:18:00,13,258,SAN,LAS
2001-01-03 06:30:00,-13,399,BOI,SEA
2001-03-14 16:10:00,-15,989,MCO,MDW
2001-03-22 11:05:00,-5,621,SJC,PHX
2001-02-28 08:14:00,7,197,LAS,ONT
2001-01-04 18:30:00,0,337,OAK,LAX
2001-03-13 14:45:00,-7,251,MDW,STL
2001-03-02 07:40:00,-9,248,SAT,DAL
2001-02-04 20:05:00,10,377,MHT,BWI
2001-01-05 12:50:00,-1,344,BOI,PDX
2001-01-16 18:48:00,7,237,DAL,TUL
2001-01-23 14:35:00,5,1246,HOU,BWI
2001-03-03 16:36:00,7,296,DAL,LIT
2001-01-02 16:20:00,25,276,HRL,HOU
2001-01-26 21:03:00,8,328,PVD,BWI
2001-01-20 18:05:00,-10,321,ABQ,TUS
2001-03-24 09:35:00,4,188,RNO,SJC
2001-03-18 17:50:00,0,389,ONT,SMF
2001-01-20 09:40:00,-5,248,SAT,DAL
2001-03-07 07:00:00,9,928,TPA,AUS
2001-01-04 14:35:00,13,1246,HOU,BWI
2001-02-03 08:05:00,-5,174,TPA,PBI
2001-03-22 08:25:00,-3,229,MDW,DTW
2001-02-16 11:00:00,24,889,OAK,ABQ
2001-01-19 18:55:00,62,325,PHX,ONT
2001-01-02 10:15:00,-23,1444,MDW,PHX
2001-01-24 11:30:00,0,368,LAS,SLC
2001-03-28 19:55:00,22,496,SAT,ELP
2001-03-22 13:55:00,8,1489,OAK,MCI
2001-02-16 11:20:00,-10,1073,MCO,ALB
2001-03-07 19:05:00,-5,296,SJC,BUR
2001-02-24 12:15:00,-9,852,BDL,BNA
2001-03-29 13:35:00,-5,187,CRP,HOU
2001-02-17 12:10:00,2,1140,MCI,LAS
2001-03-19 17:45:00,-3,321,MSY,BHM
2001-01-04 20:07:00,23,967,MCI,BWI
2001-01-09 13:40:00,-15,588,BWI,BNA
2001-02-24 16:20:00,0,480,SMF,SAN
2001-02-03 07:00:00,-10,1072,MCO,MCI
2001-01-30 19:35:00,30,386,SJC,LAS
2001-02-14 21:04:00,14,677,LAX,ABQ
2001-02-10 09:50:00,-15,787,MCO,BWI
2001-02-13 10:25:00,5,405,MDW,MCI
2001-01-13 10:10:00,-2,422,SLC,RNO
2001-02-12 20:50:00,-3,612,BNA,TPA
2001-02-09 19:42:00,64,543,OAK,PDX
2001-03-28 11:55:00,0,229,MDW,DTW
2001-02-05 09:00:00,-8,361,OAK,ONT
2001-03-25 13:10:00,-2,677,ELP,HOU
2001-03-27 18:10:00,-3,314,CLE,BWI
2001-01-20 17:35:00,4,671,SEA,OAK
2001-03-08 21:42:00,-1,358,BUR,SMF
2001-03-14 11:00:00,-2,239,HOU,DAL
2001-03-12 20:00:00,-8,347,ELP,PHX
2001-01-31 16:38:00,3,937,MDW,HOU
2001-01-04 17:52:00,12,283,BDL,BWI
2001-01-07 14:20:00,4,407,LAS,OAK
2001-02-09 06:45:00,-2,319,MAF,DAL
2001-03-21 17:27:00,11,237,TUL,DAL
2001-03-30 11:20:00,-3,446,SAN,OAK
2001-01-18 16:25:00,15,907,PVD,BNA
2001-01-21 17:20:00,-5,1044,MCI,PHX
2001-01-01 12:39:00,-2,251,MDW,STL
2001-02-04 18:34:00,-4,220,BWI,ISP
2001-03-23 10:29:00,18,192,HOU,SAT
2001-01-25 11:50:00,8,487,TPA,MSY
2001-03-06 18:29:00,15,181,DAL,OKC
2001-01-11 09:50:00,-15,1448,PHX,BNA
2001-03-23 10:56:00,18,236,LAX,LAS
2001-03-23 19:08:00,68,177,BHM,BNA
2001-03-16 18:48:00,42,256,PHX,LAS
2001-01-09 08:05:00,-3,405,MDW,MCI
2001-01-25 12:14:00,0,323,SDF,BHM
2001-02-19 16:50:00,-5,687,HOU,STL
2001-01-22 19:25:00,1,371,OAK,SNA
2001-03-13 06:55:00,-7,187,CRP,HOU
2001-02-03 09:05:00,-12,628,ABQ,SAN
2001-01-17 07:20:00,-3,479,SMF,PDX
2001-03-05 09:55:00,-4,308,SJC,LAX
2001-01-03 11:15:00,9,223,TUL,MCI
2001-03-28 07:45:00,1,189,AUS,DAL
2001-01-05 10:32:00,-4,1140,MCI,LAS
2001-01-01 09:03:00,5,395,MDW,BNA
2001-01-12 10:17:00,8,580,DAL,ABQ
2001-02-22 06:40:00,5,507,SLC,PHX
2001-01-27 13:25:00,-8,417,SAN,SJC
2001-03-08 07:15:00,-8,344,BOI,PDX
2001-02-20 08:35:00,-6,347,PHX,ELP
2001-03-15 18:27:00,6,371,OAK,SNA
2001-03-18 15:35:00,10,251,MDW,STL
2001-01-09 21:00:00,-12,677,ABQ,LAX
2001-03-01 13:45:00,158,866,SEA,LAS
2001-02-06 13:45:00,-10,1107,PHX,SEA
2001-02-07 19:45:00,-10,288,ALB,BWI
2001-03-09 16:25:00,3,284,CMH,MDW
2001-01-26 21:13:00,24,318,JAX,FLL
2001-01-27 17:05:00,-16,1142,MHT,MCO
2001-01-20 17:40:00,1,325,PHX,ONT
2001-03-31 10:10:00,-9,291,BOI,SLC
2001-02-26 11:30:00,-2,580,DAL,ABQ
2001-01-11 08:34:00,17,333,ONT,SJC
2001-01-13 11:30:00,3,359,HOU,JAN
2001-02-06 18:30:00,-1,651,SFO,PHX
2001-03-05 17:00:00,-2,495,SDF,BWI
2001-02-08 22:09:00,63,239,HOU,DAL
2001-01-17 21:20:00,23,842,BWI,TPA
2001-03-15 08:35:00,-13,254,SDF,STL
2001-01-24 09:00:00,-3,338,BNA,CMH
2001-03-18 11:27:00,3,217,DAL,IAH
2001-02-13 17:45:00,30,651,PHX,SFO
2001-02-22 16:33:00,11,296,BUR,SJC
2001-01-14 17:15:00,14,236,LAS,LAX
2001-01-26 10:05:00,-4,181,OKC,DAL
2001-01-20 21:15:00,-6,515,BWI,IND
2001-03-27 11:40:00,7,714,LAX,ELP
2001-03-09 09:57:00,21,471,BNA,MSY
2001-02-07 13:28:00,10,223,LAS,BUR
2001-01-07 21:30:00,-7,462,OKC,STL
2001-01-05 14:50:00,-12,580,DAL,ABQ
2001-01-04 08:29:00,7,1262,STL,PHX
2001-01-17 13:49:00,12,451,LAX,TUS
2001-01-16 18:50:00,-8,852,BNA,BDL
2001-02-09 18:30:00,-1,239,HOU,DAL
2001-03-27 14:00:00,5,677,ELP,HOU
2001-03-07 08:40:00,-8,1069,SAT,LAS
2001-02-22 16:47:00,17,325,ONT,PHX
2001-03-31 17:55:00,4,491,MCI,BNA
2001-02-28 18:50:00,18,838,MHT,MDW
2001-01-20 18:00:00,-6,367,SAN,TUS
2001-01-17 22:15:00,-13,325,PHX,ONT
2001-01-30 11:40:00,-5,251,STL,MDW
2001-02-24 06:30:00,13,682,BWI,BHM
2001-03-24 16:20:00,4,1448,PHX,BNA
2001-02-02 10:20:00,-2,373,LAX,SMF
2001-01-25 18:35:00,8,296,DAL,LIT
2001-03-05 19:50:00,5,479,PDX,SMF
2001-01-30 15:20:00,-2,236,LAX,LAS
2001-01-09 19:20:00,-9,1262,STL,PHX
2001-01-14 09:42:00,10,239,HOU,DAL
2001-02-22 18:18:00,11,446,OAK,SAN
2001-01-14 14:35:00,-7,588,BNA,BWI
2001-01-07 13:35:00,-18,737,STL,BWI
2001-02-23 13:09:00,-5,370,PHX,LAX
2001-02-18 17:40:00,10,337,OAK,LAX
2001-03-20 15:20:00,-6,487,ABQ,LAS
2001-01-09 18:25:00,-6,632,MDW,RDU
2001-03-23 09:40:00,28,276,HRL,HOU
2001-01-14 16:00:00,-5,189,AUS,DAL
2001-03-30 08:50:00,54,1142,MHT,MCO
2001-02-11 19:25:00,15,337,LAX,OAK
2001-02-02 11:40:00,-10,1489,IND,PHX
2001-01-09 10:35:00,-5,237,TUL,DAL
2001-01-25 14:30:00,6,187,HOU,CRP
2001-01-28 20:55:00,2,491,MCI,BNA
2001-03-23 17:37:00,28,670,BNA,HOU
2001-03-18 11:50:00,-1,328,PVD,BWI
2001-01-07 21:00:00,-5,842,BWI,TPA
2001-03-16 13:00:00,-2,361,OAK,ONT
2001-01-28 21:55:00,-9,550,MSY,MCO
2001-02-16 21:36:00,31,446,SAN,OAK
2001-01-18 17:40:00,7,258,SAN,LAS
2001-03-25 19:44:00,5,647,PHX,SMF
2001-03-16 18:58:00,77,223,ABQ,ELP
2001-01-02 09:02:00,14,254,SDF,STL
2001-03-22 10:30:00,0,281,BWI,BUF
2001-01-24 18:50:00,-5,335,RNO,BOI
2001-02-09 11:58:00,27,371,OAK,SNA
2001-01-01 18:10:00,-23,1073,MCO,ALB
2001-02-18 21:00:00,-4,303,HOU,MSY
2001-01-29 10:52:00,12,276,HOU,HRL
2001-03-06 16:25:00,21,883,PBI,BWI
2001-01-19 09:20:00,-15,1751,BNA,SAN
2001-03-30 20:55:00,5,491,MCI,BNA
2001-03-04 18:30:00,28,239,DAL,HOU
2001-01-18 13:30:00,19,224,GEG,SEA
2001-03-30 18:49:00,31,437,MSY,DAL
2001-01-26 09:07:00,-1,651,SFO,PHX
2001-02-09 09:30:00,5,670,HOU,BNA
2001-03-06 06:40:00,0,446,SAN,OAK
2001-03-04 06:35:00,-20,1246,HOU,BWI
2001-01-04 14:42:00,-15,682,BWI,BHM
2001-02-18 15:00:00,17,325,OAK,BUR
2001-01-31 18:45:00,-15,852,BNA,BDL
2001-03-29 21:05:00,-2,580,ABQ,DAL
2001-01-12 20:29:00,3,178,MCO,FLL
2001-02-13 10:06:00,84,148,AUS,HOU
2001-03-23 06:25:00,-1,377,MHT,BWI
2001-01-22 14:30:00,-7,852,BNA,BDL
2001-03-07 07:40:00,0,718,MCI,ABQ
2001-03-04 12:45:00,-5,223,MCI,TUL
2001-03-13 10:09:00,67,255,BWI,RDU
2001-02-28 14:40:00,20,328,BWI,PVD
2001-01-26 13:54:00,9,293,DAL,LBB
2001-03-19 16:02:00,181,318,FLL,JAX
2001-03-07 13:55:00,-4,248,SAT,DAL
2001-03-22 20:00:00,0,370,LAX,PHX
2001-02-08 06:30:00,-3,217,IAH,DAL
2001-02-25 20:50:00,40,446,OAK,SAN
2001-03-07 16:35:00,-3,925,BWI,FLL
2001-03-27 10:25:00,-13,405,MDW,MCI
2001-02-17 14:18:00,34,460,TPA,BHM
2001-01-23 09:20:00,20,390,RNO,LAX
2001-01-17 18:37:00,12,187,CRP,HOU
2001-01-21 16:24:00,17,341,AUS,LBB
2001-01-06 06:35:00,2,601,RNO,PHX
2001-02-09 09:03:00,5,480,SMF,SAN
2001-02-12 15:25:00,81,1363,LAX,MCI
2001-03-23 22:17:00,35,373,LAX,SMF
2001-01-12 00:28:00,187,358,BUR,SMF
2001-01-11 11:45:00,-13,1489,IND,PHX
2001-01-13 16:15:00,-4,447,SAN,SFO
2001-03-20 20:30:00,5,337,LAX,OAK
2001-01-29 15:40:00,13,239,HOU,DAL
2001-03-27 20:35:00,-1,220,BWI,ISP
2001-01-17 10:30:00,-6,180,RNO,OAK
2001-03-11 07:32:00,7,308,SJC,LAX
2001-02-06 13:45:00,-14,462,OKC,STL
2001-01-13 13:05:00,-2,180,TPA,JAX
2001-02-08 10:10:00,-3,495,SDF,BWI
2001-03-30 07:30:00,-11,471,MSY,BNA
2001-02-04 06:50:00,0,328,PVD,BWI
2001-02-13 08:15:00,5,223,TUL,MCI
2001-03-09 11:40:00,28,288,BWI,ALB
2001-03-26 11:50:00,-4,189,AUS,DAL
2001-03-19 14:27:00,22,616,BNA,MCO
2001-01-03 20:40:00,-5,1262,STL,PHX
2001-01-22 19:45:00,-9,314,CLE,BWI
2001-01-06 14:58:00,9,345,LAS,RNO
2001-03-08 14:53:00,12,303,HOU,MSY
2001-01-13 17:17:00,28,417,SAN,SJC
2001-01-26 08:15:00,19,174,PBI,TPA
2001-01-18 20:03:00,15,377,MHT,BWI
2001-02-12 12:40:00,3,611,BWI,MDW
2001-03-13 08:30:00,-4,239,HOU,DAL
2001-01-02 11:49:00,27,588,OAK,SLC
2001-03-30 21:52:00,5,276,HOU,HRL
2001-01-15 10:30:00,-3,239,DAL,HOU
2001-03-19 18:30:00,-8,293,LBB,DAL
2001-01-03 12:05:00,-7,325,BUR,OAK
2001-02-19 10:10:00,-3,237,MCI,STL
2001-03-08 16:10:00,-3,361,OAK,ONT
2001-01-18 17:26:00,5,313,OKC,MCI
2001-01-22 15:40:00,-2,229,MDW,DTW
2001-02-19 18:35:00,-5,256,PHX,LAS
2001-01-10 10:25:00,13,1363,LAX,MCI
2001-03-26 10:35:00,-10,180,RNO,OAK
2001-02-06 13:15:00,5,328,ABQ,PHX
2001-02-05 19:05:00,2,342,SJC,SNA
2001-01-29 11:42:00,64,440,DTW,STL
2001-03-14 18:00:00,0,333,ONT,SJC
2001-01-18 19:35:00,-3,358,SMF,BUR
2001-02-01 15:30:00,5,321,BHM,MSY
2001-01-29 13:45:00,8,1107,PHX,SEA
2001-01-25 20:25:00,-2,303,MSY,HOU
2001-03-30 11:10:00,3,358,BUR,SMF
2001-03-14 06:30:00,-5,487,TPA,MSY
2001-03-27 20:15:00,-5,446,SAN,OAK
2001-03-26 19:35:00,0,937,HOU,MDW
2001-02-06 19:30:00,0,389,SMF,ONT
2001-03-25 10:20:00,10,377,MHT,BWI
2001-02-01 06:15:00,-1,446,OAK,SAN
2001-01-25 09:15:00,4,1242,AUS,LAX
2001-03-23 17:00:00,22,389,ONT,SMF
2001-03-04 15:10:00,3,192,SAT,HOU
2001-03-13 06:45:00,-2,178,MCO,FLL
2001-01-04 21:45:00,2,687,HOU,STL
2001-02-26 08:55:00,-10,697,SJC,SEA
2001-03-28 07:40:00,0,347,ELP,PHX
2001-01-31 12:00:00,12,1479,SJC,MCI
2001-03-22 12:15:00,20,677,LAX,ABQ
2001-03-12 06:30:00,-6,495,SDF,BWI
2001-01-14 10:30:00,2,237,DAL,TUL
2001-03-05 11:15:00,0,361,ONT,OAK
2001-03-05 14:15:00,-23,1342,AUS,BWI
2001-03-13 20:45:00,-4,417,SJC,SAN
2001-02-28 14:08:00,9,534,RDU,MCO
2001-03-14 08:33:00,35,342,SJC,SNA
2001-03-27 15:50:00,-15,543,PDX,OAK
2001-02-04 12:40:00,25,389,SMF,ONT
2001-02-05 10:25:00,0,237,DAL,TUL
2001-03-30 08:00:00,-2,822,SAT,BNA
2001-02-15 23:42:00,262,248,DAL,SAT
2001-01-23 21:55:00,-4,670,BNA,HOU
2001-02-01 16:30:00,-20,756,AUS,BNA
2001-01-17 11:40:00,5,395,MDW,BNA
2001-02-25 10:20:00,-8,443,RDU,BNA
2001-03-16 21:44:00,23,304,SAN,PHX
2001-02-26 13:32:00,15,405,MCI,MDW
2001-02-05 16:20:00,-2,395,BNA,MDW
2001-03-22 15:00:00,-8,148,HOU,AUS
2001-01-20 19:25:00,-5,386,SJC,LAS
2001-03-23 13:30:00,17,307,CLE,MDW
2001-03-15 18:08:00,27,405,MDW,MCI
2001-03-07 07:05:00,-12,671,OAK,SEA
2001-02-19 14:50:00,46,714,LAX,ELP
2001-01-11 17:36:00,131,796,MAF,LAS
2001-01-11 08:10:00,-20,1044,PHX,MCI
2001-03-11 18:58:00,0,632,MDW,RDU
2001-02-24 10:17:00,0,1069,SAT,LAS
2001-03-06 06:30:00,0,251,STL,MDW
2001-03-26 14:28:00,35,332,ABQ,MAF
2001-02-21 14:01:00,22,368,LAS,SLC
2001-02-02 16:35:00,17,239,HOU,DAL
2001-01-18 15:40:00,-2,236,LAX,LAS
2001-03-03 09:58:00,14,328,BWI,PVD
2001-01-16 10:43:00,8,189,AUS,DAL
2001-02-02 11:40:00,-6,288,BWI,ALB
2001-03-11 10:40:00,5,304,PHX,SAN
2001-02-28 20:50:00,-3,670,HOU,BNA
2001-02-01 05:30:00,7,337,LAX,OAK
2001-03-02 07:15:00,5,344,BOI,PDX
2001-02-03 18:45:00,0,451,LAX,TUS
2001-02-18 18:55:00,-12,1072,MCI,MCO
2001-03-25 18:35:00,-13,254,STL,SDF
2001-01-08 19:35:00,-7,256,PHX,LAS
2001-01-16 20:05:00,-4,1363,MCI,LAX
2001-02-11 10:40:00,-2,108,ISP,PVD
2001-03-23 17:50:00,2,389,ONT,SMF
2001-02-10 09:20:00,8,487,MSY,TPA
2001-02-20 17:10:00,12,337,OAK,LAX
2001-02-21 12:10:00,-6,872,AUS,PHX
2001-01-19 16:20:00,-28,1987,LAS,BUF
2001-03-25 07:25:00,-16,866,LAS,SEA
2001-03-20 16:30:00,0,907,PVD,BNA
2001-02-06 09:10:00,10,347,ELP,PHX
2001-03-28 12:45:00,-11,869,TPA,STL
2001-02-24 15:25:00,-15,491,BNA,MCI
2001-03-11 16:52:00,40,345,RNO,LAS
2001-02-05 10:55:00,37,1037,OMA,PHX
2001-03-11 19:38:00,-2,588,BWI,BNA
2001-01-12 12:45:00,-10,1072,MCI,MCO
2001-01-11 12:23:00,40,1156,SLC,STL
2001-01-19 19:20:00,-4,319,DAL,MAF
2001-03-25 11:35:00,-5,410,CMH,STL
2001-01-29 07:00:00,-8,370,LAX,PHX
2001-01-25 23:50:00,17,405,MCI,MDW
2001-01-16 19:18:00,23,590,SLC,LAX
2001-03-12 06:15:00,-9,562,ELP,DAL
2001-03-13 07:30:00,13,288,ALB,BWI
2001-03-10 08:55:00,-3,588,BNA,BWI
2001-02-11 07:30:00,-10,239,DAL,HOU
2001-03-30 11:15:00,8,399,BOI,SEA
2001-03-05 17:40:00,-10,281,BUF,BWI
2001-02-03 07:05:00,-8,671,OAK,SEA
2001-02-10 08:00:00,7,337,LAX,OAK
2001-01-29 11:10:00,-7,621,PHX,SJC
2001-03-18 09:25:00,-5,515,BWI,IND
2001-03-28 21:35:00,-10,271,SDF,MDW
2001-01-25 12:40:00,-1,342,SJC,SNA
2001-01-01 20:36:00,40,495,BWI,SDF
2001-01-09 07:00:00,-1,248,SAT,DAL
2001-01-03 06:25:00,-3,697,SEA,SJC
2001-03-07 07:45:00,5,487,TPA,MSY
2001-01-05 08:29:00,97,303,HOU,MSY
2001-02-19 16:40:00,14,487,TPA,MSY
2001-03-14 19:04:00,20,1999,BWI,PHX
2001-03-24 12:11:00,14,296,DAL,LIT
2001-02-05 15:30:00,1,1156,STL,SLC
2001-01-08 18:00:00,5,239,DAL,HOU
2001-03-27 10:00:00,-21,507,SLC,PHX
2001-02-09 08:15:00,5,319,DAL,MAF
2001-01-05 08:00:00,-3,787,MCO,BWI
2001-02-02 22:46:00,32,1235,HOU,LAS
2001-02-04 08:35:00,-5,361,OAK,ONT
2001-02-01 11:53:00,17,276,HOU,HRL
2001-01-16 08:15:00,-5,223,TUL,MCI
2001-03-05 10:35:00,20,611,BWI,MDW
2001-01-30 17:00:00,0,689,SLC,SEA
2001-01-04 12:54:00,34,279,PDX,GEG
2001-01-18 14:23:00,21,178,FLL,MCO
2001-03-12 18:50:00,7,632,MDW,RDU
2001-02-18 10:40:00,37,605,SEA,SMF
2001-03-16 15:58:00,19,479,SMF,PDX
2001-01-09 14:00:00,2,543,PDX,OAK
2001-02-11 10:25:00,-3,162,MDW,IND
2001-01-17 16:45:00,3,628,SAN,ABQ
2001-01-01 16:30:00,-10,256,LAS,PHX
2001-03-24 08:25:00,-7,888,BWI,JAN
2001-03-23 18:10:00,19,358,SMF,BUR
2001-01-30 17:55:00,-8,507,PHX,SLC
2001-02-18 12:35:00,-12,564,RNO,SEA
2001-03-27 17:20:00,-20,515,BWI,IND
2001-03-21 13:40:00,3,544,LIT,MDW
2001-03-24 17:00:00,12,866,SEA,LAS
2001-02-11 15:05:00,-10,365,LAS,TUS
2001-02-20 15:20:00,-3,843,SAT,PHX
2001-01-03 06:45:00,0,507,SLC,PHX
2001-03-11 12:20:00,16,197,LAS,ONT
2001-02-22 22:05:00,50,833,PHX,OKC
2001-02-26 21:37:00,47,612,BNA,TPA
2001-02-19 08:45:00,-10,737,STL,BWI
2001-01-18 10:55:00,1,256,PHX,LAS
2001-03-16 13:55:00,2,1333,SAN,MCI
2001-01-17 12:30:00,-8,601,RNO,PHX
2001-02-06 15:35:00,-5,1009,PDX,PHX
2001-01-27 14:47:00,46,444,RNO,PDX
2001-01-04 13:15:00,-4,405,MDW,MCI
2001-01-18 09:07:00,0,337,OAK,LAX
2001-01-01 10:20:00,-8,1069,SAT,LAS
2001-03-29 12:15:00,0,251,STL,MDW
2001-01-28 20:45:00,22,386,LAS,SJC
2001-01-22 07:15:00,-28,1599,SAN,MSY
2001-03-02 13:55:00,10,462,STL,OKC
2001-02-20 12:00:00,-7,224,SEA,GEG
2001-01-19 14:55:00,2,333,ONT,SJC
2001-03-01 13:35:00,5,325,BUR,OAK
2001-02-07 09:35:00,-8,471,BNA,MSY
2001-03-11 15:10:00,1,342,SNA,SJC
2001-02-11 10:10:00,0,291,BOI,SLC
2001-02-17 15:40:00,-3,377,MHT,BWI
2001-01-30 17:55:00,-7,237,DAL,TUL
2001-02-09 09:20:00,12,838,MDW,MHT
2001-02-06 12:10:00,2,276,HRL,HOU
2001-01-12 09:01:00,57,370,PHX,LAX
2001-02-14 14:38:00,36,405,MDW,MCI
2001-01-19 18:15:00,10,294,AUS,MAF
2001-02-28 08:20:00,0,188,SJC,RNO
2001-03-16 19:40:00,2,365,TUS,LAS
2001-01-26 12:05:00,-10,1235,HOU,LAS
2001-03-04 06:30:00,7,872,AUS,PHX
2001-01-10 16:27:00,48,347,ELP,PHX
2001-02-02 18:30:00,0,220,ISP,BWI
2001-03-05 20:50:00,-7,248,DAL,SAT
2001-03-19 18:30:00,-10,181,OKC,DAL
2001-01-07 21:10:00,-6,405,MDW,MCI
2001-03-12 15:57:00,10,224,SEA,GEG
2001-01-26 16:45:00,35,1363,MCI,LAX
2001-02-23 08:39:00,14,279,PDX,GEG
2001-01-23 23:50:00,-13,405,MCI,MDW
2001-01-17 20:05:00,9,714,LAX,ELP
2001-01-03 21:50:00,17,495,BWI,SDF
2001-02-26 12:35:00,-9,395,BNA,MDW
2001-02-25 08:00:00,-19,671,SEA,OAK
2001-01-04 07:00:00,2,237,DAL,TUL
2001-02-09 07:55:00,-7,192,HOU,SAT
2001-03-01 17:04:00,2,192,HOU,SAT
2001-02-14 11:15:00,-9,399,BOI,SEA
2001-01-25 16:15:00,-4,448,CLE,BNA
2001-02-18 17:30:00,-10,178,FLL,MCO
2001-01-15 11:30:00,-6,359,HOU,JAN
2001-01-10 10:55:00,-1,288,BWI,ALB
2001-03-16 12:18:00,43,328,PVD,BWI
2001-01-08 20:30:00,-5,239,DAL,HOU
2001-02-24 08:38:00,-1,646,OAK,PHX
2001-01-18 14:26:00,33,187,HOU,CRP
2001-02-23 15:07:00,13,197,LAS,ONT
2001-03-22 21:47:00,13,271,SDF,MDW
2001-02-28 23:00:00,65,621,SJC,PHX
2001-02-05 16:30:00,5,838,TPA,IND
2001-01-02 06:59:00,32,495,BWI,SDF
2001-01-26 08:00:00,4,1814,LAX,IND
2001-02-28 13:30:00,15,223,LAS,BUR
2001-02-10 12:10:00,0,697,SEA,SJC
2001-01-09 13:15:00,15,258,SAN,LAS
2001-01-14 09:05:00,-1,192,HOU,SAT
2001-03-31 18:45:00,5,1073,PVD,MCO
2001-02-15 12:13:00,2,337,LAX,OAK
2001-01-27 15:40:00,0,1797,LAX,BNA
2001-01-25 10:18:00,-7,236,LAS,LAX
2001-01-01 20:11:00,17,1363,MCI,LAX
2001-01-21 18:02:00,16,296,SJC,BUR
2001-02-15 15:55:00,2,543,PDX,OAK
2001-01-29 11:30:00,14,447,SAN,SFO
2001-02-04 10:00:00,4,308,SJC,LAX
2001-01-23 18:25:00,-1,189,AUS,DAL
2001-02-06 06:25:00,5,251,MDW,STL
2001-01-24 08:05:00,-2,284,MDW,CMH
2001-03-22 18:10:00,-13,777,BDL,MDW
2001-02-13 10:24:00,8,341,AUS,LBB
2001-01-10 15:30:00,-12,220,ISP,BWI
2001-03-22 21:05:00,5,446,OAK,SAN
2001-02-21 06:30:00,-2,217,IAH,DAL
2001-03-29 21:20:00,-10,737,STL,BWI
2001-01-18 12:55:00,-9,361,ONT,OAK
2001-02-08 11:27:00,2,197,LAS,ONT
2001-03-22 17:05:00,-8,543,OAK,PDX
2001-03-15 21:00:00,-7,417,SAN,SJC
2001-01-09 09:30:00,-3,307,MDW,CLE
2001-02-22 23:57:00,116,254,SDF,STL
2001-01-16 07:30:00,2,303,MSY,HOU
2001-02-16 20:45:00,-8,148,AUS,HOU
2001-03-12 11:40:00,4,723,OAK,GEG
2001-01-19 17:25:00,15,148,HOU,AUS
2001-02-16 06:20:00,-4,386,LAS,SJC
2001-03-23 21:30:00,-5,239,HOU,DAL
2001-01-22 17:55:00,-1,1136,LIT,PHX
2001-03-25 14:00:00,1,332,ABQ,MAF
2001-01-15 19:33:00,3,838,MDW,MHT
2001-03-07 12:50:00,-3,590,LAX,SLC
2001-01-17 12:50:00,-2,628,ABQ,SAN
2001-01-28 17:50:00,-11,673,MSY,FLL
2001-02-12 07:10:00,-6,389,ONT,SMF
2001-03-06 17:45:00,-4,787,MCO,BWI
2001-02-24 11:35:00,3,471,MSY,BNA
2001-02-23 09:20:00,5,758,PBI,BNA
2001-02-24 07:45:00,0,368,SLC,LAS
2001-01-07 18:40:00,5,448,CLE,BNA
2001-03-05 18:45:00,-2,229,STL,IND
2001-01-23 18:42:00,108,447,SFO,SAN
2001-03-18 11:10:00,-2,487,CLE,STL
2001-01-22 20:50:00,-11,224,GEG,SEA
2001-01-01 06:20:00,0,491,BNA,MCI
2001-03-19 08:45:00,-1,293,DAL,LBB
2001-01-11 11:30:00,-3,359,HOU,JAN
2001-03-24 17:10:00,0,248,DAL,SAT
2001-01-15 15:45:00,-5,447,SFO,SAN
2001-02-02 17:20:00,-1,528,AUS,ELP
2001-02-13 06:40:00,-12,405,MCI,MDW
2001-03-31 21:00:00,-3,370,LAX,PHX
2001-02-20 15:50:00,3,321,TUS,ABQ
2001-03-21 17:59:00,12,417,SJC,SAN
2001-01-10 16:20:00,0,630,PDX,SLC
2001-02-16 11:26:00,9,1020,PHX,HOU
2001-01-30 09:15:00,-25,2106,LAS,BWI
2001-02-02 08:55:00,3,303,MSY,HOU
2001-03-04 16:05:00,23,224,SEA,GEG
2001-02-02 16:10:00,-11,405,MCI,MDW
2001-03-23 10:55:00,-3,148,HOU,AUS
2001-01-07 18:48:00,17,332,MAF,ABQ
2001-01-03 08:34:00,0,328,PVD,BWI
2001-03-24 18:02:00,7,276,HOU,HRL
2001-03-21 19:05:00,6,829,TPA,CMH
2001-03-12 11:30:00,-15,1407,SAT,BWI
2001-01-17 20:20:00,0,443,RDU,BNA
2001-02-14 07:35:00,-9,370,LAX,PHX
2001-03-23 06:55:00,7,342,SJC,SNA
2001-02-05 17:40:00,0,281,BUF,BWI
2001-01-29 10:10:00,-8,341,AUS,LBB
2001-01-09 09:45:00,-5,291,SLC,BOI
2001-02-04 14:55:00,33,1073,ALB,MCO
2001-03-23 10:35:00,17,495,SDF,BWI
2001-03-13 19:35:00,0,444,RNO,PDX
2001-03-31 10:30:00,-5,1372,LAS,STL
2001-03-28 07:00:00,3,304,PHX,SAN
2001-01-27 07:30:00,-5,1020,PHX,HOU
2001-02-16 12:00:00,0,239,HOU,DAL
2001-01-22 16:55:00,-2,258,SAN,LAS
2001-01-14 09:25:00,-2,283,BWI,BDL
2001-02-03 16:55:00,-14,677,ABQ,LAX
2001-03-17 10:40:00,-7,1588,BNA,LAS
2001-02-07 18:30:00,-5,293,DAL,LBB
2001-03-06 19:45:00,-7,587,RDU,TPA
2001-02-12 16:05:00,-2,281,BWI,BUF
2001-02-27 11:20:00,3,248,DAL,SAT
2001-01-13 10:10:00,13,197,LAS,ONT
2001-03-20 19:20:00,0,328,BWI,PVD
2001-03-03 15:55:00,-26,2277,PHX,PVD
2001-02-18 18:05:00,-28,1162,AUS,RDU
2001-03-13 15:05:00,9,496,ELP,SAT
2001-01-08 15:50:00,0,223,BUR,LAS
2001-03-27 19:06:00,10,239,DAL,HOU
2001-03-05 18:47:00,29,570,BHM,MDW
2001-02-07 12:06:00,-6,281,BUF,BWI
2001-01-15 15:05:00,-3,291,SLC,BOI
2001-01-27 13:50:00,0,907,PVD,BNA
2001-02-05 19:55:00,-9,437,DAL,MSY
2001-02-21 11:25:00,-3,177,BHM,BNA
2001-01-24 10:15:00,17,236,LAS,LAX
2001-02-12 07:15:00,47,239,HOU,DAL
2001-01-29 08:56:00,41,248,DAL,SAT
2001-01-12 18:56:00,84,370,LAX,PHX
2001-03-27 13:50:00,-10,373,SMF,LAX
2001-03-04 12:50:00,-13,666,JAN,MDW
2001-03-18 17:53:00,-1,328,ABQ,PHX
2001-01-26 08:55:00,-20,697,SJC,SEA
2001-02-04 08:45:00,23,1142,MHT,MCO
2001-03-26 11:30:00,-3,584,LAS,ELP
2001-03-21 13:05:00,-10,1137,TPA,PVD
2001-01-13 14:15:00,12,337,OAK,LAX
2001-02-12 12:25:00,-10,1455,PHX,BHM
2001-01-01 13:45:00,20,677,ABQ,LAX
2001-03-28 10:40:00,-3,451,TUS,LAX
2001-02-22 17:05:00,4,251,STL,MDW
2001-01-28 21:35:00,28,148,HOU,AUS
2001-01-01 08:50:00,-8,520,BOI,LAS
2001-01-09 17:25:00,-5,361,OAK,ONT
2001-03-11 12:12:00,8,1069,LAS,SAT
2001-03-22 21:00:00,-8,239,HOU,DAL
2001-02-17 14:35:00,-6,237,MCI,STL
2001-01-29 10:00:00,12,397,LAS,SMF
2001-03-09 09:16:00,14,233,SAT,HRL
2001-02-16 11:46:00,12,397,LAS,SMF
2001-03-10 17:14:00,3,224,GEG,SEA
2001-02-08 06:15:00,-5,239,DAL,HOU
2001-01-15 07:10:00,4,271,SDF,MDW
2001-02-10 09:15:00,-13,1073,MCO,PVD
2001-01-03 16:23:00,48,621,SJC,PHX
2001-03-06 12:05:00,22,304,PHX,SAN
2001-03-14 08:25:00,0,580,DAL,ABQ
2001-01-03 13:43:00,30,405,MCI,MDW
2001-01-09 11:00:00,-6,393,LIT,HOU
2001-02-27 12:22:00,38,251,STL,MDW
2001-02-28 20:00:00,81,417,SJC,SAN
2001-03-23 06:25:00,0,480,SMF,SAN
2001-03-17 13:20:00,-2,308,LAX,SJC
2001-03-27 15:50:00,-20,1618,BHM,LAS
2001-01-25 08:20:00,12,188,SJC,RNO
2001-01-15 10:54:00,8,189,AUS,DAL
2001-03-01 20:55:00,18,236,LAX,LAS
2001-02-01 12:20:00,-4,192,SAT,HOU
2001-03-03 15:45:00,-16,588,BNA,BWI
2001-02-26 13:38:00,136,386,LAS,SJC
2001-02-17 09:06:00,0,248,DAL,SAT
2001-03-19 06:45:00,-9,178,FLL,MCO
2001-03-04 08:10:00,7,303,MSY,HOU
2001-03-25 12:00:00,-1,224,SEA,GEG
2001-02-25 17:36:00,15,307,CLE,MDW
2001-03-17 10:35:00,2,407,LAS,OAK
2001-01-22 10:45:00,-10,395,BNA,MDW
2001-03-29 11:45:00,-3,389,ONT,SMF
2001-01-14 16:20:00,7,236,LAS,LAX
2001-02-04 20:55:00,2,328,PVD,BWI
2001-02-06 13:40:00,-2,197,LAS,ONT
2001-03-26 07:08:00,35,258,SAN,LAS
2001-03-06 12:58:00,37,373,LAX,SMF
2001-03-20 20:50:00,-7,248,DAL,SAT
2001-02-11 08:15:00,-11,307,CLE,MDW
2001-02-11 20:10:00,12,407,LAS,OAK
2001-03-27 10:40:00,-2,188,SJC,RNO
2001-02-28 09:25:00,-4,453,HOU,TUL
2001-03-11 18:10:00,45,258,SAN,LAS
2001-02-27 08:15:00,-6,223,LAS,BUR
2001-03-24 18:45:00,-2,451,LAX,TUS
2001-01-12 22:00:00,53,223,LAS,BUR
2001-03-19 19:45:00,-4,271,MDW,SDF
2001-03-02 10:25:00,1,296,STL,LIT
2001-01-29 11:55:00,30,303,HOU,MSY
2001-01-03 07:45:00,-4,296,DAL,LIT
2001-01-26 08:45:00,-5,142,MCO,PBI
2001-01-15 17:05:00,33,284,CMH,MDW
2001-02-11 17:10:00,15,321,BHM,MSY
2001-01-11 19:30:00,-5,323,BHM,SDF
2001-02-22 11:05:00,-1,223,TUL,MCI
2001-03-19 06:15:00,-8,333,ONT,SJC
2001-02-24 22:03:00,99,370,PHX,LAX
2001-03-11 19:25:00,0,838,MDW,MHT
2001-02-06 07:25:00,0,758,AMA,LAS
2001-02-26 15:02:00,17,325,BUR,OAK
2001-01-29 09:05:00,0,192,SAT,HOU
2001-01-17 16:10:00,3,341,AUS,LBB
2001-02-26 17:30:00,3,178,FLL,MCO
2001-02-14 07:10:00,-15,279,GEG,PDX
2001-02-22 16:30:00,15,833,PHX,OKC
2001-01-16 09:00:00,19,588,OAK,SLC
2001-01-19 12:05:00,-7,628,SAN,ABQ
2001-01-01 09:50:00,-10,325,PHX,ONT
2001-01-26 06:40:00,-10,405,MCI,MDW
2001-01-27 16:11:00,81,325,ONT,PHX
2001-03-06 10:00:00,-5,1363,MCI,LAX
2001-03-16 22:00:00,-4,370,LAX,PHX
2001-01-22 12:10:00,-6,345,RNO,LAS
2001-03-01 14:50:00,60,254,SDF,STL
2001-02-21 13:00:00,4,361,OAK,ONT
2001-03-08 10:50:00,0,223,BUR,LAS
2001-03-21 08:55:00,-5,395,MDW,BNA
2001-01-23 19:55:00,-2,377,MHT,BWI
2001-03-18 17:20:00,37,324,AMA,DAL
2001-01-05 19:00:00,1,325,ONT,PHX
2001-02-28 17:28:00,20,677,ELP,HOU
2001-01-21 20:50:00,3,351,TUL,STL
2001-01-20 08:25:00,-5,296,BUR,SJC
2001-03-06 14:02:00,23,451,LAX,TUS
2001-02-10 12:45:00,63,677,LAX,ABQ
2001-01-07 15:05:00,-5,365,LAS,TUS
2001-01-10 12:05:00,118,337,OAK,LAX
2001-02-26 16:00:00,6,487,CLE,STL
2001-03-08 09:30:00,-6,223,LAS,BUR
2001-03-16 12:25:00,-1,480,SAN,SMF
2001-01-14 13:10:00,-5,588,BNA,BWI
2001-01-13 08:15:00,-7,368,LAS,SLC
2001-03-28 06:45:00,-25,605,SEA,SMF
2001-02-12 09:46:00,-1,520,LAS,BOI
2001-03-19 18:45:00,-6,480,SAN,SMF
2001-03-25 11:19:00,39,325,ONT,PHX
2001-03-25 06:35:00,-5,303,MSY,HOU
2001-02-05 07:55:00,-2,507,PHX,SLC
2001-03-03 13:30:00,0,279,GEG,PDX
2001-03-19 14:20:00,-2,251,MDW,STL
2001-01-08 16:47:00,14,321,MSY,BHM
2001-03-18 21:59:00,40,677,ABQ,LAX
2001-01-29 08:25:00,10,677,LAX,ABQ
2001-01-23 20:15:00,-8,365,LAS,TUS
2001-02-27 13:00:00,6,361,OAK,ONT
2001-02-09 11:05:00,0,621,SJC,PHX
2001-02-02 15:30:00,0,1912,PHX,BUF
2001-01-23 15:25:00,-2,423,OMA,MDW
2001-01-06 19:15:00,-10,293,LBB,DAL
2001-01-02 17:42:00,22,239,HOU,DAL
2001-01-25 21:50:00,27,447,SAN,SFO
2001-01-24 14:14:00,-3,1166,MDW,FLL
2001-02-18 20:50:00,21,307,CLE,MDW
2001-03-24 07:30:00,-7,239,DAL,HOU
2001-02-07 09:50:00,-11,1618,LAS,BHM
2001-03-08 19:10:00,-5,444,PDX,RNO
2001-02-24 12:45:00,-2,178,FLL,MCO
2001-02-20 13:35:00,-10,562,ELP,DAL
2001-01-03 10:22:00,23,197,ONT,LAS
2001-02-19 06:30:00,-5,345,RNO,LAS
2001-03-16 15:12:00,48,328,BWI,PVD
2001-03-09 14:40:00,51,407,LAS,OAK
2001-03-01 11:00:00,-7,451,LAX,TUS
2001-02-16 21:50:00,43,361,OAK,ONT
2001-01-14 20:29:00,10,293,DAL,LBB
2001-02-09 20:06:00,75,237,STL,MCI
2001-01-05 08:45:00,5,1069,SAT,LAS
2001-01-09 13:46:00,4,197,TPA,FLL
2001-03-20 17:30:00,-1,239,HOU,DAL
2001-01-16 12:40:00,-5,828,IND,MCO
2001-01-02 15:32:00,23,345,RNO,LAS
2001-03-18 17:50:00,1,673,MSY,FLL
2001-02-16 07:20:00,-10,632,RDU,MDW
2001-03-29 19:00:00,7,562,DAL,ELP
2001-02-25 10:27:00,-9,1099,LAS,OMA
2001-01-26 14:15:00,10,192,SAT,HOU
2001-02-28 12:19:00,24,239,HOU,DAL
2001-01-11 07:10:00,7,296,LIT,DAL
2001-01-24 13:20:00,4,389,SMF,ONT
2001-02-20 15:50:00,25,1099,OMA,LAS
2001-02-02 16:50:00,-12,223,LAS,BUR
2001-02-02 09:35:00,-11,2277,PHX,PVD
2001-01-03 21:50:00,8,314,BWI,CLE
2001-01-01 12:15:00,2,180,OAK,RNO
2001-02-19 16:00:00,0,192,HOU,SAT
2001-02-12 10:40:00,-6,108,ISP,PVD
2001-02-27 22:35:00,57,271,SDF,MDW
2001-02-09 20:48:00,123,345,LAS,RNO
2001-03-19 14:15:00,-6,628,SAN,ABQ
2001-01-10 21:20:00,72,880,MCO,STL
2001-02-24 20:50:00,0,345,RNO,LAS
2001-03-04 18:15:00,58,1099,LAS,OMA
2001-01-19 19:49:00,10,323,BHM,SDF
2001-01-30 15:00:00,-10,342,SJC,SNA
2001-03-21 15:23:00,18,236,LAX,LAS
2001-03-30 19:20:00,-5,389,ONT,SMF
2001-03-15 07:40:00,-5,462,STL,OKC
2001-01-11 09:00:00,-1,197,FLL,TPA
2001-03-28 13:00:00,-5,239,DAL,HOU
2001-01-07 12:10:00,0,393,HOU,LIT
2001-02-16 15:45:00,55,370,PHX,LAX
2001-02-21 19:38:00,30,325,BUR,OAK
2001-02-23 17:26:00,17,377,MHT,BWI
2001-02-08 20:27:00,12,407,LAS,OAK
2001-03-31 12:14:00,8,223,BUR,LAS
2001-01-15 06:15:00,25,399,SEA,BOI
2001-03-06 13:00:00,-10,178,MCO,FLL
2001-02-14 16:35:00,32,872,PHX,AUS
2001-01-20 06:30:00,-2,621,SJC,PHX
2001-01-18 16:00:00,5,304,SAN,PHX
2001-01-29 18:48:00,26,843,SAT,PHX
2001-03-06 08:35:00,-3,279,PDX,GEG
2001-02-01 14:20:00,8,440,DTW,STL
2001-02-21 16:02:00,13,507,PHX,SLC
2001-01-26 14:54:00,72,373,SMF,LAX
2001-02-13 12:06:00,48,236,LAS,LAX
2001-01-23 08:00:00,-12,1814,LAX,IND
2001-01-27 06:45:00,-9,284,MDW,CMH
2001-02-07 12:50:00,-6,590,LAX,SLC
2001-02-18 16:55:00,0,446,OAK,SAN
2001-01-22 08:45:00,-7,1099,OMA,LAS
2001-03-25 17:40:00,-2,328,PVD,BWI
2001-03-17 18:15:00,-9,377,BWI,MHT
2001-02-27 08:00:00,-3,1069,LAS,SAT
2001-02-22 06:30:00,-16,399,BOI,SEA
2001-03-05 06:55:00,0,328,BWI,PVD
2001-01-24 15:20:00,0,888,BWI,JAN
2001-02-04 17:30:00,-5,370,LAX,PHX
2001-03-20 13:05:00,-10,369,PHX,BUR
2001-01-02 07:00:00,-7,239,HOU,DAL
2001-01-19 19:10:00,-8,236,LAS,LAX
2001-01-19 16:50:00,71,258,LAS,SAN
2001-01-15 19:30:00,-5,256,LAS,PHX
2001-01-22 21:56:00,-6,254,SDF,STL
2001-03-28 11:30:00,4,342,STL,OMA
2001-02-08 07:00:00,13,407,OAK,LAS
2001-03-13 21:50:00,0,293,DAL,LBB
2001-01-11 16:05:00,0,616,MCO,BNA
2001-03-10 09:16:00,13,1671,MSY,LAX
2001-01-04 21:00:00,0,108,PVD,ISP
2001-03-26 22:17:00,12,224,SEA,GEG
2001-02-19 20:47:00,18,325,PHX,ONT
2001-02-21 11:06:00,5,636,ELP,SAN
2001-01-27 14:25:00,-3,223,MCI,TUL
2001-01-15 21:30:00,-7,255,BWI,RDU
2001-02-20 08:05:00,0,239,DAL,HOU
2001-02-26 12:20:00,-2,237,TUL,DAL
2001-01-18 10:55:00,-2,1050,BDL,MCO
2001-03-26 18:35:00,-7,174,TPA,PBI
2001-01-04 10:05:00,-13,584,ELP,LAS
2001-03-02 07:00:00,-5,377,BWI,MHT
2001-02-13 14:00:00,0,453,TUL,HOU
2001-03-12 17:35:00,0,295,LBB,ELP
2001-02-12 08:30:00,3,239,DAL,HOU
2001-03-25 20:38:00,2,838,IND,TPA
2001-01-04 20:20:00,0,443,RDU,BNA
2001-01-08 06:40:00,11,271,MDW,SDF
2001-03-13 08:00:00,-7,197,LAS,ONT
2001-03-20 15:30:00,-6,258,LAS,SAN
2001-03-22 08:45:00,4,142,MCO,PBI
2001-01-27 17:30:00,-5,283,BDL,BWI
2001-02-07 17:20:00,52,296,SJC,BUR
2001-03-30 10:25:00,-5,443,RDU,BNA
2001-02-21 09:40:00,-6,479,SMF,PDX
2001-03-28 20:00:00,-10,347,ELP,PHX
2001-03-29 08:15:00,-8,1751,SAN,BNA
2001-03-05 15:17:00,25,271,SDF,MDW
2001-01-03 21:40:00,40,377,BWI,MHT
2001-02-07 12:25:00,-10,714,ELP,LAX
2001-01-04 14:50:00,-5,628,ABQ,SAN
2001-03-06 10:10:00,-1,220,ISP,BWI
2001-03-15 19:36:00,53,1751,BNA,SAN
2001-03-07 08:00:00,-10,998,MSY,BWI
2001-02-19 19:30:00,-15,687,HOU,STL
2001-02-15 17:51:00,15,256,PHX,LAS
2001-03-13 17:40:00,25,718,ABQ,MCI
2001-02-28 07:45:00,-2,368,SLC,LAS
2001-01-10 13:05:00,0,1489,SEA,MCI
2001-03-06 08:20:00,-7,1044,MCI,PHX
2001-03-16 08:15:00,-9,223,LAS,BUR
2001-03-31 21:15:00,8,569,SJC,PDX
2001-01-02 17:15:00,29,687,HOU,STL
2001-02-04 18:47:00,1,440,DTW,STL
2001-03-27 16:20:00,-15,907,PVD,BNA
2001-02-07 08:05:00,-5,321,MSY,BHM
2001-02-02 07:00:00,-3,248,SAT,DAL
2001-02-23 10:40:00,-8,564,SEA,RNO
2001-01-24 20:50:00,18,223,LAS,BUR
2001-02-09 23:08:00,83,276,HOU,HRL
2001-03-18 17:40:00,0,588,BNA,BWI
2001-01-21 20:45:00,11,337,OAK,LAX
2001-02-10 13:30:00,-5,281,BWI,BUF
2001-03-20 17:40:00,-10,296,BUR,SJC
2001-02-23 18:05:00,9,333,ONT,SJC
2001-02-27 05:30:00,-3,337,LAX,OAK
2001-01-22 16:50:00,-11,293,DAL,LBB
2001-03-02 09:05:00,3,444,PDX,RNO
2001-02-06 06:20:00,-4,358,SMF,BUR
2001-02-22 11:47:00,12,1489,IND,PHX
2001-02-25 18:45:00,12,480,SMF,SAN
2001-02-16 07:25:00,0,328,PHX,ABQ
2001-01-14 09:00:00,-3,189,DAL,AUS
2001-01-25 20:40:00,12,337,OAK,LAX
2001-03-23 08:53:00,74,457,BNA,DTW
2001-02-16 15:10:00,0,291,SLC,BOI
2001-03-18 22:15:00,18,687,HOU,STL
2001-01-22 12:05:00,-10,223,ELP,ABQ
2001-01-18 18:20:00,40,288,BWI,ALB
2001-03-29 19:31:00,19,493,ABQ,SLC
2001-01-16 17:30:00,23,248,DAL,SAT
2001-02-28 06:45:00,17,314,BWI,CLE
2001-01-15 20:45:00,11,296,BUR,SJC
2001-02-17 07:40:00,9,904,RDU,MCI
2001-01-04 18:30:00,-12,254,STL,SDF
2001-02-23 16:26:00,-10,1987,LAS,BUF
2001-02-08 12:57:00,7,484,JAX,BNA
2001-02-13 18:25:00,-2,395,MDW,BNA
2001-03-04 16:03:00,54,293,LBB,DAL
2001-02-13 11:15:00,11,223,TUL,MCI
2001-01-05 15:30:00,9,220,ISP,BWI
2001-03-18 09:00:00,18,1034,ISP,TPA
2001-03-05 06:30:00,12,288,ALB,BWI
2001-03-20 08:30:00,5,417,SJC,SAN
2001-02-09 21:30:00,12,255,BWI,RDU
2001-02-17 11:10:00,-1,287,GEG,BOI
2001-03-24 10:40:00,-8,1011,MCO,BUF
2001-01-07 21:45:00,-5,293,DAL,LBB
2001-01-28 22:20:00,-7,480,SAN,SMF
2001-02-28 12:15:00,-2,938,MHT,BNA
2001-02-17 13:40:00,-10,335,RNO,BOI
2001-03-20 15:13:00,-1,365,LAS,TUS
2001-02-09 10:10:00,3,588,SLC,OAK
2001-03-22 17:00:00,-8,148,AUS,HOU
2001-01-24 17:46:00,66,550,MCO,MSY
2001-03-21 10:30:00,2,997,TPA,MDW
2001-02-20 16:05:00,-5,178,MCO,FLL
2001-02-19 21:35:00,-5,314,CLE,BWI
2001-03-09 12:55:00,-7,628,ABQ,SAN
2001-01-25 11:22:00,17,239,HOU,DAL
2001-01-29 09:10:00,10,233,SAT,HRL
2001-01-11 11:30:00,-14,687,STL,HOU
2001-03-22 14:00:00,5,189,AUS,DAL
2001-02-09 12:00:00,-5,663,BWI,JAX
2001-01-14 18:40:00,-6,480,SMF,SAN
2001-03-21 20:30:00,0,239,HOU,DAL
2001-01-02 15:45:00,5,307,MDW,CLE
2001-03-11 13:15:00,-5,1136,PHX,LIT
2001-03-19 13:35:00,-5,671,OAK,SEA
2001-03-04 14:35:00,103,318,FLL,JAX
2001-01-22 13:17:00,-7,1136,PHX,LIT
2001-03-30 15:55:00,-1,325,OAK,BUR
2001-01-04 16:00:00,40,1262,STL,PHX
2001-02-12 15:45:00,35,337,LAX,OAK
2001-01-31 10:36:00,0,303,MSY,HOU
2001-03-01 19:50:00,51,189,AUS,DAL
2001-02-19 10:20:00,-10,1069,SAT,LAS
2001-02-18 19:42:00,14,389,ONT,SMF
2001-02-01 14:25:00,-10,528,ELP,AUS
2001-01-18 13:45:00,5,1333,SAN,MCI
2001-01-20 10:10:00,-4,569,PDX,SJC
2001-01-07 08:10:00,-9,447,SAN,SFO
2001-01-29 15:45:00,-11,447,SFO,SAN
2001-01-15 18:55:00,-9,328,BWI,PVD
2001-01-07 15:35:00,5,491,BNA,MCI
2001-03-22 15:38:00,23,373,SMF,LAX
2001-03-23 17:59:00,13,386,LAS,SJC
2001-01-09 13:35:00,6,550,MCO,MSY
2001-03-16 07:30:00,-10,239,DAL,HOU
2001-03-26 11:15:00,-3,361,ONT,OAK
2001-03-23 15:50:00,-1,256,PHX,LAS
2001-01-25 11:05:00,-16,1342,BWI,AUS
2001-02-10 07:13:00,13,236,LAX,LAS
2001-01-30 20:30:00,22,446,SAN,OAK
2001-01-13 09:50:00,-16,775,LAS,LBB
2001-01-29 19:48:00,43,251,MDW,STL
2001-01-15 07:40:00,-35,1448,PHX,BNA
2001-01-14 09:00:00,-3,256,PHX,LAS
2001-03-28 10:52:00,8,304,PHX,SAN
2001-02-26 16:05:00,-8,570,BHM,HOU
2001-01-07 17:50:00,5,197,FLL,TPA
2001-03-19 18:48:00,8,197,ONT,LAS
2001-01-17 18:35:00,-12,1073,PVD,MCO
2001-01-24 20:36:00,21,718,SDF,MCO
2001-01-04 19:30:00,0,189,DAL,AUS
2001-02-26 22:29:00,7,197,TPA,FLL
2001-03-02 17:10:00,7,511,BOI,OAK
2001-02-17 17:10:00,15,236,LAS,LAX
2001-03-07 11:05:00,-1,223,TUL,MCI
2001-01-19 08:33:00,28,407,OAK,LAS
2001-03-19 12:28:00,15,478,MCO,BHM
2001-03-09 17:26:00,28,487,STL,CLE
2001-01-29 09:05:00,2,628,ABQ,SAN
2001-02-19 15:10:00,-4,248,DAL,SAT
2001-01-20 11:45:00,-5,397,LAS,SMF
2001-03-09 07:05:00,-1,142,PBI,MCO
2001-03-12 08:30:00,-10,802,MCO,CMH
2001-01-29 16:35:00,3,371,SNA,OAK
2001-02-04 17:35:00,-6,842,PVD,MDW
2001-02-22 10:10:00,6,584,ELP,LAS
2001-01-31 11:15:00,5,448,CLE,BNA
2001-02-04 19:00:00,-6,223,LAS,BUR
2001-02-27 21:45:00,18,687,STL,HOU
2001-02-15 11:53:00,-5,325,BUR,OAK
2001-03-25 12:20:00,3,496,ELP,SAT
2001-03-19 06:20:00,-5,291,BOI,SLC
2001-02-17 16:18:00,31,325,PHX,ONT
2001-01-20 19:45:00,-15,1444,PHX,MDW
2001-02-14 09:25:00,12,515,BWI,IND
2001-02-06 15:55:00,8,325,PHX,ONT
2001-03-07 10:55:00,4,866,SEA,LAS
2001-03-25 18:25:00,-13,254,SDF,STL
2001-01-02 07:00:00,0,189,DAL,AUS
2001-01-08 10:45:00,7,223,LAS,BUR
2001-01-23 17:42:00,9,842,PVD,MDW
2001-02-12 12:05:00,0,663,JAX,BWI
2001-02-04 08:20:00,-15,386,LAS,SJC
2001-02-06 20:10:00,-5,324,AMA,DAL
2001-03-01 06:20:00,-6,325,OAK,BUR
2001-01-14 06:30:00,6,451,TUS,LAX
2001-02-20 15:40:00,-11,419,HOU,OKC
2001-02-19 19:39:00,10,325,ONT,PHX
2001-02-08 13:15:00,-1,338,BNA,CMH
2001-03-21 20:06:00,12,993,AUS,MCO
2001-01-02 08:00:00,-8,237,STL,MCI
2001-02-01 14:30:00,-18,236,LAS,LAX
2001-02-11 17:00:00,-3,192,SAT,HOU
2001-01-28 15:23:00,20,148,HOU,AUS
2001-01-28 17:34:00,0,337,OAK,LAX
2001-02-06 05:30:00,-11,370,LAX,PHX
2001-03-16 15:05:00,5,192,SAT,HOU
2001-01-13 09:28:00,11,248,DAL,SAT
2001-01-11 19:55:00,-10,271,SDF,MDW
2001-01-31 14:30:00,10,687,STL,HOU
2001-01-31 12:50:00,0,762,LAS,PDX
2001-02-15 18:19:00,23,271,MDW,SDF
2001-03-20 11:50:00,8,419,HOU,OKC
2001-01-24 11:44:00,5,283,BWI,BDL
2001-02-27 10:34:00,4,162,MDW,IND
2001-01-18 06:40:00,12,236,LAX,LAS
2001-01-12 12:02:00,18,410,CMH,STL
2001-01-12 06:30:00,-7,288,ALB,BWI
2001-02-05 08:10:00,-10,562,DAL,ELP
2001-02-05 15:20:00,-2,254,SDF,STL
2001-03-31 11:05:00,-12,1210,SAT,LAX
2001-02-17 07:55:00,18,328,PVD,BWI
2001-03-13 10:50:00,12,714,LAX,ELP
2001-03-11 12:42:00,12,370,PHX,LAX
2001-02-17 06:25:00,2,399,SEA,BOI
2001-03-12 13:35:00,-2,187,CRP,HOU
2001-01-02 16:13:00,14,162,MDW,IND
2001-01-24 18:45:00,-5,687,STL,HOU
2001-02-20 19:29:00,8,178,FLL,MCO
2001-02-15 15:50:00,13,1009,PDX,PHX
2001-01-14 11:15:00,10,337,OAK,LAX
2001-01-26 11:07:00,0,189,DAL,AUS
2001-01-31 09:30:00,-3,223,LAS,BUR
2001-02-06 17:00:00,-7,333,SJC,ONT
2001-03-21 22:00:00,-11,370,LAX,PHX
2001-03-17 08:18:00,17,1814,LAX,IND
2001-02-21 12:28:00,3,345,LAS,RNO
2001-01-20 13:50:00,-5,276,HOU,HRL
2001-01-13 16:30:00,-2,838,TPA,IND
2001-02-08 13:40:00,-5,335,RNO,BOI
2001-02-09 14:06:00,-5,325,ONT,PHX
2001-01-22 16:15:00,-8,148,HOU,AUS
2001-02-14 18:45:00,13,189,AUS,DAL
2001-01-15 17:40:00,53,1999,PHX,BWI
2001-03-27 18:10:00,21,239,DAL,HOU
2001-03-31 11:10:00,31,671,OAK,SEA
2001-01-11 11:40:00,12,251,STL,MDW
2001-02-28 17:40:00,12,308,LAX,SJC
2001-01-31 16:23:00,20,303,MSY,HOU
2001-03-14 12:35:00,0,587,RDU,TPA
2001-02-04 16:55:00,-4,223,LAS,BUR
2001-01-10 12:30:00,7,148,AUS,HOU
2001-03-12 13:45:00,0,293,DAL,LBB
2001-01-17 10:45:00,-4,108,ISP,PVD
2001-03-21 19:45:00,-2,487,CLE,STL
2001-03-21 19:55:00,-3,437,MSY,DAL
2001-03-16 11:00:00,4,337,LAX,OAK
2001-01-12 14:19:00,56,307,MDW,CLE
2001-01-21 22:49:00,64,417,SJC,SAN
2001-02-15 20:15:00,60,405,MDW,MCI
2001-03-29 13:35:00,-6,480,SAN,SMF
2001-03-28 09:50:00,0,787,MCO,BWI
2001-03-04 13:52:00,-10,2106,LAS,BWI
2001-01-26 14:08:00,2,1363,LAX,MCI
2001-01-24 21:00:00,-12,337,OAK,LAX
2001-02-03 12:14:00,-3,543,OAK,PDX
2001-03-29 20:26:00,30,479,PDX,SMF
2001-02-11 16:47:00,12,192,SAT,HOU
2001-01-09 11:50:00,-2,997,TPA,MDW
2001-03-13 17:10:00,-5,528,AUS,ELP
2001-03-06 13:30:00,-7,281,BWI,BUF
2001-03-25 13:35:00,22,758,PBI,BNA
2001-02-07 15:27:00,7,345,RNO,LAS
2001-01-21 12:40:00,-8,759,ABQ,HOU
2001-03-08 22:10:00,-3,283,BWI,BDL
2001-01-26 11:52:00,25,444,PDX,RNO
2001-02-07 07:25:00,14,229,IND,STL
2001-03-11 11:45:00,5,328,PHX,ABQ
2001-02-11 11:50:00,4,328,PVD,BWI
2001-02-18 11:19:00,-4,1020,PHX,HOU
2001-03-03 10:25:00,1,480,SMF,SAN
2001-02-19 17:52:00,40,647,SMF,PHX
2001-03-27 21:10:00,-5,369,BUR,PHX
2001-01-04 18:17:00,7,417,SAN,SJC
2001-02-03 10:25:00,-9,480,SAN,SMF
2001-03-27 13:00:00,-7,361,OAK,ONT
2001-03-23 07:30:00,-3,239,DAL,HOU
2001-01-10 21:25:00,0,487,TPA,MSY
2001-02-11 13:15:00,-5,224,GEG,SEA
2001-01-17 19:34:00,-2,993,AUS,MCO
2001-02-26 07:00:00,-2,296,BUR,SJC
2001-03-31 20:20:00,-5,718,SDF,MCO
2001-01-23 17:16:00,9,333,SJC,ONT
2001-02-24 13:05:00,1,361,OAK,ONT
2001-02-14 17:36:00,36,446,OAK,SAN
2001-01-17 18:10:00,-23,1073,MCO,ALB
2001-03-19 21:52:00,1,303,MSY,HOU
2001-01-30 08:55:00,-8,303,MSY,HOU
2001-03-04 08:20:00,35,550,MCO,MSY
2001-02-01 16:40:00,-2,371,SNA,OAK
2001-01-06 19:15:00,105,446,SAN,OAK
2001-03-20 09:00:00,-4,520,BOI,LAS
2001-03-14 21:32:00,55,677,HOU,ELP
2001-02-13 11:20:00,3,796,LAS,MAF
2001-01-07 21:30:00,3,407,OAK,LAS
2001-03-01 17:50:00,2,417,SJC,SAN
2001-01-14 12:07:00,24,345,LAS,RNO
2001-01-03 15:30:00,-2,337,LAX,OAK
2001-03-12 12:30:00,22,347,PHX,ELP
2001-01-23 21:50:00,-5,293,DAL,LBB
2001-01-10 08:20:00,-1,480,SMF,SAN
2001-01-24 10:12:00,37,324,DAL,AMA
2001-01-09 16:25:00,-5,192,SAT,HOU
2001-01-26 20:10:00,38,487,CLE,STL
2001-03-26 10:50:00,0,223,BUR,LAS
2001-01-24 15:47:00,81,223,MCI,TUL
2001-02-27 11:20:00,2,1246,BWI,HOU
2001-01-29 17:30:00,8,328,BWI,PVD
2001-03-03 17:55:00,0,1521,LAS,MDW
2001-03-20 08:15:00,12,1751,SAN,BNA
2001-03-06 08:40:00,-13,318,JAX,FLL
2001-03-24 12:00:00,-5,663,BWI,JAX
2001-03-13 09:05:00,13,189,AUS,DAL
2001-01-09 06:50:00,-6,181,OKC,DAL
2001-01-29 10:00:00,12,775,LAS,LBB
2001-02-14 13:59:00,20,197,TPA,FLL
2001-02-03 13:35:00,0,251,MDW,STL
2001-02-28 16:30:00,-8,287,GEG,BOI
2001-03-12 11:10:00,-6,237,DAL,TUL
2001-01-28 11:47:00,-5,395,MDW,BNA
2001-03-02 16:37:00,40,371,OAK,SNA
2001-02-09 14:40:00,63,197,LAS,ONT
2001-01-15 21:00:00,6,108,PVD,ISP
2001-01-05 18:05:00,-5,308,LAX,SJC
2001-02-02 07:00:00,-10,370,PHX,LAX
2001-03-19 15:45:00,-8,224,SEA,GEG
2001-02-05 14:20:00,-7,440,DTW,STL
2001-03-26 13:50:00,-5,907,PVD,BNA
2001-03-24 17:25:00,-5,2106,BWI,LAS
2001-02-05 11:25:00,-8,303,HOU,MSY
2001-02-09 07:30:00,-18,787,BWI,MCO
2001-01-28 10:31:00,0,580,ABQ,DAL
2001-01-21 21:50:00,-5,621,SJC,PHX
2001-02-14 19:36:00,15,616,BNA,MCO
2001-01-19 20:55:00,-5,217,DAL,IAH
2001-03-01 20:50:00,-11,318,JAX,FLL
2001-01-23 12:20:00,0,293,DAL,LBB
2001-03-02 09:30:00,-5,487,ABQ,LAS
2001-02-01 07:00:00,-8,1506,SDF,PHX
2001-03-09 17:26:00,12,405,MCI,MDW
2001-02-22 06:45:00,0,647,SMF,PHX
2001-02-21 08:55:00,-5,308,SJC,LAX
2001-03-23 18:19:00,9,197,LAS,ONT
2001-02-11 19:20:00,17,197,FLL,TPA
2001-01-27 21:15:00,-6,281,BWI,BUF
2001-02-02 09:35:00,-22,907,BNA,PVD
2001-02-18 13:15:00,-5,296,LIT,DAL
2001-02-12 15:20:00,-6,254,SDF,STL
2001-03-26 07:05:00,-5,142,PBI,MCO
2001-01-04 08:55:00,-7,233,SAT,HRL
2001-03-22 07:55:00,-4,457,BNA,DTW
2001-03-16 12:49:00,39,313,MCI,OKC
2001-03-01 14:25:00,22,1489,PHX,IND
2001-02-22 11:55:00,-6,397,SMF,LAS
2001-01-26 13:33:00,52,395,MDW,BNA
2001-02-09 10:10:00,4,528,AUS,ELP
2001-01-19 08:30:00,3,342,SNA,SJC
2001-02-07 12:40:00,9,480,SAN,SMF
2001-02-23 07:45:00,-6,197,FLL,TPA
2001-03-04 20:23:00,10,1044,MCI,PHX
2001-01-18 07:30:00,0,673,FLL,MSY
2001-03-06 11:40:00,16,630,PDX,SLC
2001-03-26 17:05:00,-4,377,MHT,BWI
2001-02-05 21:30:00,-17,370,PHX,LAX
2001-01-05 15:10:00,-7,248,DAL,SAT
2001-02-08 20:08:00,25,347,PHX,ELP
2001-01-08 12:53:00,7,178,FLL,MCO
2001-03-08 07:25:00,-2,491,MCI,BNA
2001-03-09 20:08:00,40,1236,MCI,MHT
2001-02-23 16:12:00,40,237,TUL,DAL
2001-01-26 08:50:00,-5,189,AUS,DAL
2001-02-09 07:39:00,2,181,OKC,DAL
2001-02-15 09:25:00,-5,453,HOU,TUL
2001-03-14 17:20:00,-3,345,RNO,LAS
2001-02-22 17:30:00,-5,178,FLL,MCO
2001-03-01 18:45:00,12,229,STL,IND
2001-03-18 06:30:00,-8,281,BUF,BWI
2001-03-09 07:00:00,-5,358,BUR,SMF
2001-01-10 06:40:00,2,437,DAL,MSY
2001-03-13 08:35:00,-10,361,OAK,ONT
2001-03-13 10:52:00,22,405,MDW,MCI
2001-02-19 18:58:00,80,308,LAX,SJC
2001-03-20 22:02:00,17,373,LAX,SMF
2001-03-17 11:35:00,90,229,DTW,MDW
2001-02-25 13:50:00,4,197,ONT,LAS
2001-02-27 06:15:00,10,838,MHT,MDW
2001-01-31 17:20:00,-17,697,SEA,SJC
2001-03-02 16:15:00,7,258,LAS,SAN
2001-03-25 11:00:00,1,256,LAS,PHX
2001-03-30 06:30:00,-5,543,OAK,PDX
2001-02-12 18:11:00,6,333,ONT,SJC
2001-03-29 15:55:00,-10,590,SLC,LAX
2001-02-23 19:13:00,22,562,DAL,ELP
2001-02-12 18:30:00,-1,293,DAL,LBB
2001-03-05 07:30:00,0,337,LAX,OAK
2001-02-05 09:10:00,-15,570,BHM,HOU
2001-03-19 18:08:00,20,605,SMF,SEA
2001-02-17 21:55:00,-10,550,MSY,MCO
2001-02-04 23:10:00,0,256,LAS,PHX
2001-03-23 14:35:00,5,1246,HOU,BWI
2001-03-27 14:52:00,23,1246,HOU,BWI
2001-01-26 17:40:00,5,295,LBB,ELP
2001-01-26 06:30:00,0,237,MCI,STL
2001-03-17 10:08:00,22,303,MSY,HOU
2001-02-06 17:00:00,-8,223,TUL,MCI
2001-01-25 10:00:00,7,370,LAX,PHX
2001-02-16 14:10:00,25,256,LAS,PHX
2001-01-22 18:35:00,-4,407,LAS,OAK
2001-03-06 18:10:00,0,256,PHX,LAS
2001-01-23 10:05:00,-7,321,MSY,BHM
2001-02-11 21:30:00,0,687,STL,HOU
2001-01-05 08:24:00,14,462,STL,OKC
2001-01-23 18:10:00,-7,714,LAX,ELP
2001-03-28 16:50:00,-5,256,PHX,LAS
2001-01-23 18:40:00,0,239,HOU,DAL
2001-01-10 17:18:00,0,321,MSY,BHM
2001-01-31 13:15:00,-4,288,ALB,BWI
2001-01-07 09:20:00,0,276,HRL,HOU
2001-02-14 20:55:00,-3,174,TPA,PBI
2001-03-18 14:43:00,8,370,PHX,LAX
2001-03-28 06:40:00,5,188,SJC,RNO
2001-03-01 06:55:00,0,342,SJC,SNA
2001-02-20 18:12:00,-3,446,OAK,SAN
2001-01-02 21:35:00,22,569,SJC,PDX
2001-01-10 17:10:00,4,181,DAL,OKC
2001-02-08 18:03:00,15,276,HOU,HRL
2001-01-31 06:45:00,-4,1959,OAK,BNA
2001-03-24 14:50:00,-5,580,DAL,ABQ
2001-02-13 16:35:00,12,718,MCI,ABQ
2001-03-17 07:35:00,6,852,BDL,BNA
2001-01-04 12:05:00,-2,1235,HOU,LAS
2001-03-21 21:15:00,-7,287,BOI,GEG
2001-01-30 14:00:00,-2,224,GEG,SEA
2001-01-24 11:30:00,0,308,LAX,SJC
2001-03-19 17:30:00,-6,220,ISP,BWI
2001-02-14 20:15:00,-8,187,CRP,HOU
2001-01-10 20:09:00,14,453,TUL,HOU
2001-03-29 12:14:00,-10,1069,LAS,SAT
2001-01-10 08:40:00,-5,229,DTW,MDW
2001-03-07 18:45:00,-6,217,DAL,IAH
2001-01-09 13:00:00,-18,1069,SAT,LAS
2001-02-25 12:20:00,10,361,OAK,ONT
2001-01-06 21:00:00,-1,389,SMF,ONT
2001-02-23 18:17:00,40,220,ISP,BWI
2001-01-06 06:50:00,-3,390,LAX,RNO
2001-02-05 09:13:00,15,255,BWI,RDU
2001-02-06 18:55:00,3,562,DAL,ELP
2001-03-18 21:05:00,30,337,OAK,LAX
2001-01-12 08:45:00,2,588,OAK,SLC
2001-03-03 18:40:00,34,325,BUR,OAK
2001-02-14 16:20:00,36,651,SFO,PHX
2001-03-02 23:42:00,35,236,LAX,LAS
2001-02-15 09:40:00,3,520,LAS,BOI
2001-03-08 14:00:00,-5,284,MDW,CMH
2001-01-29 18:27:00,23,337,OAK,LAX
2001-03-10 19:30:00,0,223,BUR,LAS
2001-03-23 20:57:00,5,345,RNO,LAS
2001-01-24 15:25:00,-7,564,SEA,RNO
2001-01-10 18:10:00,3,148,HOU,AUS
2001-03-13 10:05:00,6,1301,PHX,MSY
2001-03-24 18:40:00,0,550,MCO,MSY
2001-03-21 11:43:00,-5,351,STL,TUL
2001-01-23 12:45:00,-5,487,MSY,TPA
2001-02-09 11:21:00,-2,197,ONT,LAS
2001-01-14 17:55:00,32,368,SLC,LAS
2001-03-17 16:03:00,1,407,OAK,LAS
2001-03-13 06:45:00,5,460,TPA,BHM
2001-03-15 06:30:00,7,303,MSY,HOU
2001-01-10 21:55:00,103,417,SAN,SJC
2001-02-12 08:00:00,3,251,MDW,STL
2001-03-17 16:55:00,-17,236,LAS,LAX
2001-03-09 19:28:00,0,293,LBB,DAL
2001-02-11 21:06:00,19,256,LAS,PHX
2001-02-22 12:15:00,-3,543,OAK,PDX
2001-02-26 07:05:00,-2,727,TPA,SDF
2001-02-18 09:55:00,-15,303,MSY,HOU
2001-01-11 21:30:00,-6,239,DAL,HOU
2001-02-26 12:48:00,26,256,PHX,LAS
2001-01-16 13:00:00,4,189,DAL,AUS
2001-03-13 12:15:00,0,180,OAK,RNO
2001-02-10 07:25:00,-2,224,SEA,GEG
2001-02-22 14:30:00,33,397,SMF,LAS
2001-01-02 19:35:00,-15,628,ABQ,SAN
2001-02-03 06:25:00,-5,446,OAK,SAN
2001-03-08 16:54:00,13,437,MSY,DAL
2001-01-05 13:50:00,5,584,LAS,ELP
2001-01-03 11:00:00,22,337,OAK,LAX
2001-02-04 07:00:00,-7,256,PHX,LAS
2001-02-08 12:20:00,-10,1142,MCO,MHT
2001-01-07 08:00:00,-13,612,BNA,TPA
2001-01-08 11:10:00,-25,399,BOI,SEA
2001-02-07 15:55:00,16,314,BWI,CLE
2001-02-10 07:10:00,-9,842,TPA,BWI
2001-02-25 14:30:00,4,178,FLL,MCO
2001-01-19 20:50:00,14,612,BNA,TPA
2001-01-23 16:07:00,10,192,HOU,SAT
2001-02-02 14:10:00,-9,670,HOU,BNA
2001-01-31 09:55:00,-19,687,HOU,STL
2001-03-27 19:10:00,9,1140,LAS,MCI
2001-01-27 14:50:00,3,174,PBI,TPA
2001-03-21 22:37:00,35,304,PHX,SAN
2001-01-02 19:45:00,45,493,ABQ,SLC
2001-02-02 08:25:00,12,448,BNA,CLE
2001-02-19 20:16:00,25,328,ABQ,PHX
2001-01-26 08:14:00,2,367,SAN,TUS
2001-03-28 06:15:00,-5,239,DAL,HOU
2001-02-11 11:47:00,-2,258,LAS,SAN
2001-01-21 19:05:00,10,304,SAN,PHX
2001-01-06 18:20:00,21,256,LAS,PHX
2001-03-23 14:15:00,-12,1342,AUS,BWI
2001-03-25 11:00:00,-15,796,LAS,MAF
2001-02-27 16:35:00,-5,325,BUR,OAK
2001-02-20 10:40:00,8,708,IND,MSY
2001-01-02 16:20:00,3,630,PDX,SLC
2001-01-19 13:40:00,55,344,PDX,BOI
2001-01-02 14:28:00,14,580,ABQ,DAL
2001-02-11 08:00:00,-6,689,SEA,SLC
2001-01-29 12:20:00,63,687,STL,HOU
2001-01-08 14:40:00,45,584,LAS,ELP
2001-03-20 13:15:00,-10,288,ALB,BWI
2001-03-18 13:43:00,26,478,BHM,MCO
2001-01-25 08:05:00,-4,314,BWI,CLE
2001-03-19 15:15:00,-2,254,STL,SDF
2001-01-09 09:25:00,-5,829,CMH,TPA
2001-02-23 07:50:00,-7,174,PBI,TPA
2001-01-13 15:40:00,-7,520,BOI,LAS
2001-03-13 21:35:00,22,258,LAS,SAN
2001-03-20 08:50:00,5,189,DAL,AUS
2001-03-26 20:30:00,4,337,LAX,OAK
2001-01-08 14:50:00,-11,313,MCI,OKC
2001-02-06 20:00:00,0,487,ABQ,LAS
2001-02-16 14:41:00,15,370,PHX,LAX
2001-01-01 19:11:00,10,296,DAL,LIT
2001-01-27 11:45:00,70,258,LAS,SAN
2001-01-09 20:35:00,-5,303,HOU,MSY
2001-01-04 15:55:00,11,507,PHX,SLC
2001-03-02 09:24:00,-1,446,OAK,SAN
2001-01-07 08:00:00,-5,148,HOU,AUS
2001-01-25 14:20:00,7,1448,BNA,PHX
2001-02-02 14:55:00,18,842,BWI,TPA
2001-02-01 12:40:00,-10,1072,MCI,MCO
2001-01-07 14:37:00,55,447,SAN,SFO
2001-03-16 10:35:00,-4,180,RNO,OAK
2001-03-11 08:40:00,-16,479,PDX,SMF
2001-03-09 20:28:00,22,337,LAX,OAK
2001-02-09 11:55:00,0,277,ABQ,AMA
2001-02-13 15:05:00,49,236,LAX,LAS
2001-01-31 15:15:00,-20,1521,MDW,LAS
2001-01-17 18:30:00,-13,972,SAT,TPA
2001-02-12 08:20:00,5,335,RNO,BOI
2001-01-30 15:15:00,8,386,LAS,SJC
2001-02-02 07:25:00,-10,651,PHX,SFO
2001-01-02 20:04:00,46,337,OAK,LAX
2001-03-05 09:05:00,-5,192,SAT,HOU
2001-03-12 11:50:00,-3,390,LAX,RNO
2001-03-17 18:07:00,2,370,PHX,LAX
2001-03-15 07:30:00,-3,192,SAT,HOU
2001-02-10 10:15:00,0,187,HOU,CRP
2001-02-07 19:10:00,-5,390,RNO,LAX
2001-02-06 08:05:00,-10,1073,ALB,MCO
2001-02-02 06:40:00,-13,496,SAT,ELP
2001-03-02 08:50:00,-6,447,SFO,SAN
2001-01-09 18:35:00,3,759,ABQ,HOU
2001-02-16 16:38:00,19,328,ABQ,PHX
2001-03-13 12:04:00,5,281,BUF,BWI
2001-03-30 10:40:00,-1,440,DTW,STL
2001-03-04 13:17:00,15,303,MSY,HOU
2001-02-15 20:50:00,-5,443,BNA,RDU
2001-03-26 10:31:00,4,480,SMF,SAN
2001-01-06 12:12:00,-13,1235,HOU,LAS
2001-01-11 16:35:00,-11,937,MDW,HOU
2001-03-20 14:30:00,-5,446,OAK,SAN
2001-03-28 12:40:00,-1,759,ABQ,HOU
2001-03-03 10:10:00,-13,341,AUS,LBB
2001-03-31 08:10:00,-6,236,LAX,LAS
2001-03-18 19:05:00,30,1069,LAS,SAT
2001-03-25 09:25:00,-5,180,OAK,RNO
2001-03-28 19:48:00,24,189,DAL,AUS
2001-03-01 18:40:00,5,448,CLE,BNA
2001-01-11 15:38:00,20,369,BUR,PHX
2001-01-02 09:30:00,-8,281,BUF,BWI
2001-01-28 16:10:00,2,611,MDW,BWI
2001-01-20 11:30:00,-3,787,MCO,BWI
2001-02-06 20:35:00,-13,611,MDW,BWI
2001-03-08 19:10:00,-10,323,BHM,SDF
2001-03-05 16:50:00,-5,342,SJC,SNA
2001-02-26 20:50:00,-6,410,STL,CMH
2001-01-19 17:00:00,-4,370,PHX,LAX
2001-02-25 08:50:00,-8,251,STL,MDW
2001-01-30 07:05:00,-12,677,LAX,ABQ
2001-02-06 08:35:00,-7,325,OAK,BUR
2001-02-09 16:25:00,32,803,ISP,BNA
2001-02-07 16:40:00,12,803,ISP,BNA
2001-01-30 09:50:00,-4,601,PHX,RNO
2001-03-17 16:06:00,-3,251,MDW,STL
2001-03-08 22:24:00,-1,368,LAS,SLC
2001-03-08 18:45:00,-2,852,BNA,BDL
2001-01-18 19:15:00,-24,1236,MCI,MHT
2001-03-26 08:15:00,18,321,BHM,MSY
2001-03-31 18:10:00,-9,386,LAS,SJC
2001-01-27 09:05:00,-9,444,PDX,RNO
2001-02-22 12:25:00,36,714,LAX,ELP
2001-02-05 07:00:00,-3,296,BUR,SJC
2001-01-10 09:25:00,-36,1977,BNA,SEA
2001-03-10 13:20:00,-5,197,FLL,TPA
2001-02-17 19:35:00,0,308,LAX,SJC
2001-03-18 22:10:00,-1,423,OMA,MDW
2001-01-19 11:05:00,17,1246,BWI,HOU
2001-03-10 13:02:00,2,666,JAN,MDW
2001-02-18 11:40:00,-7,237,TUL,DAL
2001-03-10 10:10:00,-4,419,OKC,HOU
2001-01-07 12:07:00,14,188,RNO,SJC
2001-01-05 08:23:00,1,1588,LAS,BNA
2001-02-06 15:20:00,0,405,MDW,MCI
2001-01-26 14:15:00,47,611,BWI,MDW
2001-02-20 22:15:00,-2,423,OMA,MDW
2001-01-28 08:00:00,-2,303,MSY,HOU
2001-03-14 07:05:00,0,588,OAK,SLC
2001-03-09 19:44:00,47,321,BHM,MSY
2001-03-11 17:45:00,12,197,FLL,TPA
2001-03-14 15:00:00,0,319,MAF,DAL
2001-01-08 12:10:00,-5,192,SAT,HOU
2001-01-30 16:15:00,6,448,CLE,BNA
2001-02-26 20:00:00,-5,446,SAN,OAK
2001-01-21 16:20:00,31,907,PVD,BNA
2001-01-09 09:00:00,12,520,BOI,LAS
2001-01-11 08:58:00,30,520,BOI,LAS
2001-02-17 09:40:00,-5,479,SMF,PDX
2001-02-04 09:05:00,3,487,MSY,TPA
2001-01-18 23:10:00,-10,251,STL,MDW
2001-01-26 18:35:00,-5,174,TPA,PBI
2001-02-21 06:25:00,-14,689,SLC,SEA
2001-03-20 14:25:00,26,332,ABQ,MAF
2001-01-16 13:45:00,36,180,OAK,RNO
2001-01-25 17:35:00,-3,271,SDF,MDW
2001-03-21 19:30:00,-12,687,HOU,STL
2001-03-09 21:21:00,1,255,BWI,RDU
2001-02-25 08:10:00,0,389,SMF,ONT
2001-03-16 21:57:00,13,325,BUR,OAK
2001-01-07 20:55:00,50,239,DAL,HOU
2001-01-29 12:00:00,0,239,HOU,DAL
2001-01-22 17:10:00,-2,307,MDW,CLE
2001-02-09 17:20:00,19,423,OMA,MDW
2001-03-02 12:35:00,19,564,RNO,SEA
2001-03-02 18:15:00,-8,612,TPA,BNA
2001-03-24 16:25:00,3,188,RNO,SJC
2001-02-23 13:55:00,10,1020,HOU,PHX
2001-02-05 17:55:00,-32,1599,MSY,SAN
2001-03-27 21:47:00,5,369,PHX,BUR
2001-02-20 09:55:00,-8,291,SLC,BOI
2001-01-11 20:22:00,67,276,HOU,HRL
2001-01-04 17:30:00,0,337,OAK,LAX
2001-01-10 12:38:00,25,223,ELP,ABQ
2001-03-11 09:25:00,-1,224,SEA,GEG
2001-01-23 09:30:00,-10,487,ABQ,LAS
2001-02-28 20:55:00,130,304,PHX,SAN
2001-03-20 19:48:00,35,611,BWI,MDW
2001-03-29 09:15:00,0,197,FLL,TPA
2001-02-25 23:06:00,178,296,SJC,BUR
2001-03-28 12:05:00,20,737,BWI,STL
2001-01-26 11:55:00,-12,972,MCO,ISP
2001-02-24 10:45:00,-7,758,BNA,PBI
2001-01-18 07:20:00,-6,1489,OAK,MCI
2001-01-16 09:25:00,-10,588,BNA,BWI
2001-03-17 13:25:00,-8,480,SMF,SAN
2001-03-29 15:17:00,4,342,SNA,SJC
2001-01-18 10:50:00,-3,342,SNA,SJC
2001-02-27 18:10:00,-20,588,SLC,OAK
2001-03-04 18:40:00,27,484,BNA,JAX
2001-03-18 17:44:00,14,1497,ABQ,TPA
2001-03-29 18:30:00,-5,181,OKC,DAL
2001-03-21 14:33:00,2,177,BNA,BHM
2001-02-06 12:40:00,-10,843,SAT,PHX
2001-01-30 10:00:00,18,762,LAS,PDX
2001-02-18 09:50:00,0,293,DAL,LBB
2001-02-04 14:10:00,15,328,PHX,ABQ
2001-02-15 12:18:00,16,304,PHX,SAN
2001-01-12 19:05:00,-3,829,TPA,CMH
2001-02-02 20:45:00,5,550,MCO,MSY
2001-03-18 16:46:00,14,344,BOI,PDX
2001-03-25 12:20:00,8,1235,HOU,LAS
2001-01-21 09:15:00,-15,1242,AUS,LAX
2001-03-19 09:15:00,-15,1073,MCO,PVD
2001-02-21 15:00:00,-5,570,MDW,BHM
2001-03-12 22:55:00,0,236,LAX,LAS
2001-01-27 09:19:00,-8,304,PHX,SAN
2001-03-23 08:15:00,1,1407,BWI,SAT
2001-03-07 11:00:00,-10,180,RNO,OAK
2001-02-17 10:00:00,-5,223,BUR,LAS
2001-01-22 20:00:00,-6,347,ELP,PHX
2001-02-05 17:40:00,-12,325,PHX,ONT
2001-02-18 17:10:00,-13,588,BWI,BNA
2001-03-16 15:15:00,35,1009,PHX,PDX
2001-03-22 08:40:00,-2,229,DTW,MDW
2001-01-16 18:05:00,1,308,LAX,SJC
2001-01-15 12:12:00,14,872,AUS,PHX
2001-03-09 13:25:00,19,344,PDX,BOI
2001-03-01 14:10:00,14,1090,AUS,LAS
2001-02-11 10:35:00,13,1444,MDW,PHX
2001-02-24 22:25:00,210,229,STL,IND
2001-01-28 10:10:00,-20,1107,PHX,SEA
2001-01-18 07:41:00,7,181,OKC,DAL
2001-03-04 07:05:00,-3,443,RDU,BNA
2001-03-20 12:50:00,8,611,BWI,MDW
2001-01-27 14:00:00,23,258,LAS,SAN
2001-03-11 16:05:00,-5,178,MCO,FLL
2001-01-17 09:05:00,4,296,LIT,DAL
2001-03-15 16:08:00,47,377,BWI,MHT
2001-01-07 08:35:00,0,361,OAK,ONT
2001-03-19 21:58:00,50,333,ONT,SJC
2001-01-27 10:10:00,-5,361,OAK,ONT
2001-02-14 21:50:00,9,487,LAS,ABQ
2001-03-07 15:57:00,8,543,PDX,OAK
2001-01-07 07:20:00,-5,762,PDX,LAS
2001-02-18 08:45:00,8,296,STL,LIT
2001-01-09 06:45:00,-11,423,MDW,OMA
2001-01-30 18:40:00,-3,345,LAS,RNO
2001-03-05 08:45:00,-9,1624,LAS,SDF
2001-02-07 14:30:00,-5,328,ABQ,PHX
2001-01-25 20:50:00,-10,410,STL,CMH
2001-02-23 15:35:00,20,236,LAX,LAS
2001-03-26 06:30:00,-5,670,BNA,HOU
2001-01-29 14:40:00,-12,479,PDX,SMF
2001-03-22 07:55:00,3,283,BWI,BDL
2001-03-09 08:05:00,-1,237,STL,MCI
2001-02-08 14:50:00,-1,580,DAL,ABQ
2001-02-10 16:05:00,0,255,BWI,RDU
2001-02-22 09:10:00,-23,1442,SMF,MCI
2001-03-12 09:30:00,-5,283,BDL,BWI
2001-03-14 20:00:00,-7,337,LAX,OAK
2001-02-15 12:38:00,13,236,LAX,LAS
2001-02-20 12:00:00,0,239,HOU,DAL
2001-03-27 11:45:00,4,562,DAL,ELP
2001-03-05 08:15:00,-5,1020,HOU,PHX
2001-02-19 11:45:00,24,647,PHX,SMF
2001-02-02 17:00:00,5,239,HOU,DAL
2001-02-15 21:17:00,113,239,DAL,HOU
2001-03-21 06:30:00,-1,872,AUS,PHX
2001-03-07 06:40:00,-10,405,MCI,MDW
2001-01-13 07:00:00,-2,239,HOU,DAL
2001-03-13 19:20:00,83,321,ABQ,TUS
2001-03-01 10:20:00,-10,377,MHT,BWI
2001-02-28 13:15:00,61,197,ONT,LAS
2001-03-23 15:55:00,0,325,PHX,ONT
2001-01-22 12:05:00,-2,303,MSY,HOU
2001-03-25 08:35:00,10,451,IND,MCI
2001-01-11 17:05:00,10,443,BNA,RDU
2001-02-18 15:20:00,14,1009,PHX,PDX
2001-03-05 08:35:00,-5,325,PHX,ONT
2001-02-05 07:00:00,0,1072,MCO,MCI
2001-03-18 20:35:00,-3,296,STL,LIT
2001-02-17 07:25:00,-4,308,LAX,SJC
2001-03-17 10:55:00,-20,687,HOU,STL
2001-01-15 09:36:00,-2,314,CLE,BWI
2001-02-23 11:25:00,44,276,HOU,HRL
2001-03-14 19:35:00,29,487,ABQ,LAS
2001-02-10 08:06:00,-2,345,LAS,RNO
2001-03-26 14:45:00,3,697,SJC,SEA
2001-03-05 21:30:00,35,389,SMF,ONT
2001-03-31 11:25:00,12,446,OAK,SAN
2001-03-26 13:35:00,-2,460,TPA,BHM
2001-03-09 11:20:00,0,630,PDX,SLC
2001-03-01 15:38:00,8,687,HOU,STL
2001-01-06 10:10:00,0,237,MCI,STL
2001-01-31 21:05:00,-5,223,LAS,BUR
2001-03-16 14:25:00,80,344,PDX,BOI
2001-02-05 21:00:00,-12,677,ABQ,LAX
2001-02-26 16:30:00,-5,440,DTW,STL
2001-02-16 08:40:00,5,303,HOU,MSY
2001-01-01 15:07:00,-1,569,PDX,SJC
2001-03-26 21:22:00,14,251,MDW,STL
2001-02-12 11:15:00,7,491,BNA,MCI
2001-02-10 07:45:00,16,1455,BHM,PHX
2001-02-03 14:24:00,2,457,BNA,DTW
2001-03-26 16:55:00,-7,677,ABQ,LAX
2001-03-05 08:35:00,0,611,MDW,BWI
2001-01-18 19:00:00,-5,370,PHX,LAX
2001-01-30 17:00:00,3,1772,CMH,LAS
2001-01-17 08:55:00,0,308,SJC,LAX
2001-01-28 14:15:00,-5,457,BNA,DTW
2001-03-20 20:50:00,-20,756,BNA,AUS
2001-03-06 10:10:00,-7,422,SLC,RNO
2001-01-04 13:15:00,0,308,LAX,SJC
2001-02-02 08:52:00,7,1624,LAS,SDF
2001-03-20 15:20:00,-15,843,SAT,PHX
2001-01-11 08:00:00,-3,462,STL,OKC
2001-02-04 17:52:00,43,934,ABQ,STL
2001-01-14 11:35:00,-18,1040,SAT,MCO
2001-02-07 06:30:00,-3,281,BUF,BWI
2001-02-20 19:05:00,-1,491,BNA,MCI
2001-01-14 20:38:00,1,342,SNA,SJC
2001-01-12 08:12:00,4,251,STL,MDW
2001-02-12 15:12:00,0,446,SAN,OAK
2001-03-25 08:00:00,-5,989,MDW,MCO
2001-01-19 20:09:00,65,337,OAK,LAX
2001-02-03 15:35:00,-5,611,BWI,MDW
2001-03-05 16:30:00,10,670,HOU,BNA
2001-02-23 18:40:00,100,291,BOI,SLC
2001-03-10 11:20:00,-16,1363,MCI,LAX
2001-03-06 19:30:00,18,390,RNO,LAX
2001-02-02 21:27:00,19,217,DAL,IAH
2001-03-03 16:15:00,15,303,HOU,MSY
2001-03-10 17:05:00,1,220,BWI,ISP
2001-02-13 14:35:00,-1,1073,MCO,PVD
2001-03-23 16:20:00,0,258,SAN,LAS
2001-01-18 07:10:00,-8,842,TPA,BWI
2001-01-13 10:06:00,8,446,SAN,OAK
2001-03-22 06:15:00,-4,562,ELP,DAL
2001-03-03 10:23:00,15,187,HOU,CRP
2001-03-10 15:50:00,17,451,LAX,TUS
2001-01-30 12:40:00,-10,1072,MCI,MCO
2001-03-05 09:27:00,15,395,BNA,MDW
2001-03-19 16:25:00,-13,569,SJC,PDX
2001-02-25 09:48:00,0,671,OAK,SEA
2001-02-19 06:55:00,-1,342,SJC,SNA
2001-01-17 16:20:00,-15,1987,LAS,BUF
2001-01-17 17:15:00,-5,284,MDW,CMH
2001-03-13 08:35:00,-4,279,PDX,GEG
2001-01-25 06:20:00,-6,621,SJC,PHX
2001-02-23 10:57:00,11,325,PHX,ONT
2001-02-28 10:50:00,-9,919,SLC,MCI
2001-03-15 12:20:00,-1,842,PVD,MDW
2001-03-13 17:00:00,-10,192,SAT,HOU
2001-01-14 10:45:00,13,276,HOU,HRL
2001-01-26 06:30:00,-4,281,BUF,BWI
2001-01-29 11:40:00,3,304,SAN,PHX
2001-01-16 16:42:00,18,337,LAX,OAK
2001-02-06 12:45:00,7,1137,PVD,TPA
2001-02-08 20:15:00,-3,344,PDX,BOI
2001-02-10 08:24:00,5,1407,BWI,SAT
2001-03-13 07:05:00,-6,727,TPA,SDF
2001-03-24 14:35:00,-9,304,SAN,PHX
2001-02-22 10:05:00,-2,197,ONT,LAS
2001-01-09 19:30:00,6,1090,LAS,AUS
2001-01-09 13:55:00,14,197,ONT,LAS
2001-02-02 10:25:00,23,636,SAN,ELP
2001-03-29 09:40:00,0,319,MAF,DAL
2001-02-24 11:05:00,-5,1073,MCO,PVD
2001-03-10 09:10:00,5,192,HOU,SAT
2001-01-31 10:10:00,-14,236,LAS,LAX
2001-01-15 07:05:00,-4,967,MCI,BWI
2001-01-11 08:45:00,-13,217,DAL,IAH
2001-02-14 12:30:00,39,2237,ALB,LAS
2001-03-11 19:37:00,3,239,HOU,DAL
2001-02-19 12:44:00,4,189,AUS,DAL
2001-01-22 07:45:00,0,283,BDL,BWI
2001-03-28 09:45:00,-10,328,PVD,BWI
2001-01-12 06:30:00,-7,148,AUS,HOU
2001-01-02 17:05:00,2,192,HOU,SAT
2001-02-18 06:40:00,-7,318,FLL,JAX
2001-01-11 06:20:00,10,389,SMF,ONT
2001-01-05 06:30:00,-7,328,ABQ,PHX
2001-03-22 06:40:00,-7,507,SLC,PHX
2001-01-27 17:00:00,-12,337,OAK,LAX
2001-03-14 14:25:00,-8,507,SLC,PHX
2001-03-01 09:50:00,3,325,ONT,PHX
2001-02-24 09:10:00,-11,304,PHX,SAN
2001-02-24 07:10:00,-3,912,BWI,LIT
2001-02-18 14:10:00,3,670,HOU,BNA
2001-02-10 18:35:00,3,197,ONT,LAS
2001-01-10 07:30:00,-1,223,ELP,ABQ
2001-01-10 19:35:00,0,1090,LAS,AUS
2001-02-02 14:15:00,-15,407,LAS,OAK
2001-02-21 17:38:00,15,345,LAS,RNO
2001-03-06 13:30:00,32,758,PBI,BNA
2001-03-22 06:30:00,-10,580,ABQ,DAL
2001-03-21 16:40:00,25,570,BHM,HOU
2001-02-24 18:10:00,-7,108,PVD,ISP
2001-03-04 14:55:00,0,405,MCI,MDW
2001-01-04 18:50:00,28,251,STL,MDW
2001-01-13 07:10:00,-31,1599,SAN,MSY
2001-03-29 10:50:00,-5,333,SJC,ONT
2001-02-06 18:35:00,-5,174,TPA,PBI
2001-03-28 21:45:00,-6,220,BWI,ISP
2001-01-10 16:20:00,-11,1072,MCO,MCI
2001-03-11 15:15:00,42,480,SAN,SMF
2001-03-10 18:55:00,8,507,SLC,PHX
2001-03-18 18:36:00,16,601,RNO,PHX
2001-01-25 14:30:00,-5,256,PHX,LAS
2001-03-31 12:23:00,20,495,BWI,SDF
2001-03-17 09:15:00,1,829,CMH,TPA
2001-02-05 19:15:00,-3,1262,STL,PHX
2001-02-06 21:50:00,25,337,OAK,LAX
2001-03-08 17:15:00,12,670,BNA,HOU
2001-02-28 06:15:00,-10,239,HOU,DAL
2001-01-01 07:40:00,-2,294,AUS,MAF
2001-01-23 12:10:00,8,258,SAN,LAS
2001-02-19 07:10:00,-5,271,SDF,MDW
2001-02-13 07:05:00,5,142,PBI,MCO
2001-03-21 22:05:00,-12,361,ONT,OAK
2001-03-19 07:00:00,-7,296,BUR,SJC
2001-03-20 21:18:00,115,417,SAN,SJC
2001-02-09 17:54:00,38,284,MDW,CMH
2001-01-26 22:18:00,23,224,SEA,GEG
2001-03-06 07:30:00,-15,787,BWI,MCO
2001-01-28 21:00:00,23,296,BUR,SJC
2001-02-05 15:45:00,-7,324,AMA,DAL
2001-03-06 10:30:00,-2,239,HOU,DAL
2001-02-02 17:32:00,11,181,DAL,OKC
2001-01-22 07:00:00,0,248,SAT,DAL
2001-01-30 20:15:00,0,1069,SAT,LAS
2001-03-11 06:30:00,-10,677,ABQ,LAX
2001-02-23 09:15:00,167,192,HOU,SAT
2001-03-29 08:00:00,3,251,STL,MDW
2001-01-23 20:40:00,-10,395,BNA,MDW
2001-03-27 20:05:00,8,580,DAL,ABQ
2001-02-28 12:20:00,-3,192,SAT,HOU
2001-03-30 11:05:00,0,239,HOU,DAL
2001-02-21 15:15:00,-4,142,MCO,PBI
2001-02-05 13:00:00,-3,308,SJC,LAX
2001-02-06 21:35:00,-4,389,SMF,ONT
2001-03-03 19:35:00,-2,1444,PHX,MDW
2001-01-29 06:30:00,4,224,GEG,SEA
2001-02-02 08:00:00,-4,345,LAS,RNO
2001-01-10 10:30:00,9,386,SJC,LAS
2001-02-05 07:15:00,2,344,BOI,PDX
2001-03-06 06:30:00,5,407,OAK,LAS
2001-03-10 16:36:00,-1,337,OAK,LAX
2001-03-19 21:00:00,-7,337,OAK,LAX
2001-02-02 07:30:00,-3,1020,PHX,HOU
2001-02-03 07:35:00,-9,325,BUR,OAK
2001-01-26 15:42:00,26,671,OAK,SEA
2001-01-26 17:05:00,73,271,MDW,SDF
2001-01-25 18:58:00,-12,1481,MCI,PDX
2001-03-13 19:20:00,0,181,OKC,DAL
2001-02-11 17:00:00,4,511,BOI,OAK
2001-01-12 16:25:00,-10,803,ISP,BNA
2001-03-14 22:35:00,-5,304,PHX,SAN
2001-03-05 18:15:00,18,333,ONT,SJC
2001-01-01 12:21:00,18,543,OAK,PDX
2001-03-29 08:35:00,-1,480,SAN,SMF
2001-01-26 16:30:00,6,239,HOU,DAL
2001-02-20 20:30:00,-5,337,OAK,LAX
2001-01-28 13:45:00,19,239,DAL,HOU
2001-01-27 20:00:00,81,651,SFO,PHX
2001-03-12 21:00:00,0,337,LAX,OAK
2001-01-13 12:25:00,0,1034,TPA,ISP
2001-02-12 21:55:00,9,670,BNA,HOU
2001-02-15 11:50:00,-3,1671,LAX,MSY
2001-03-13 19:50:00,0,333,SJC,ONT
2001-02-28 06:30:00,3,570,BHM,HOU
2001-02-01 21:12:00,-8,397,LAS,SMF
2001-03-30 08:00:00,-7,239,HOU,DAL
2001-01-07 12:35:00,-3,229,STL,IND
2001-03-21 10:30:00,30,337,OAK,LAX
2001-03-18 15:20:00,2,453,HOU,TUL
2001-03-12 19:20:00,0,358,BUR,SMF
2001-03-14 13:45:00,-3,328,PHX,ABQ
2001-03-10 16:05:00,-1,318,JAX,FLL
2001-01-15 15:55:00,-2,325,OAK,BUR
2001-01-04 10:38:00,18,192,HOU,SAT
2001-02-21 11:10:00,-5,1073,PVD,MCO
2001-03-28 14:02:00,26,325,OAK,BUR
2001-02-26 19:47:00,25,256,LAS,PHX
2001-02-15 16:47:00,67,324,AMA,DAL
2001-02-12 11:04:00,17,181,DAL,OKC
2001-03-16 18:34:00,67,256,PHX,LAS
2001-02-05 13:40:00,-10,258,LAS,SAN
2001-03-16 16:25:00,143,239,HOU,DAL
2001-01-05 21:58:00,130,314,CLE,BWI
2001-03-13 12:55:00,17,762,LAS,PDX
2001-01-31 08:40:00,3,254,SDF,STL
2001-03-21 17:35:00,18,520,LAS,BOI
2001-03-24 06:35:00,2,671,SEA,OAK
2001-02-09 16:07:00,44,417,SJC,SAN
2001-02-19 13:08:00,6,189,DAL,AUS
2001-03-29 16:35:00,-10,718,MCI,ABQ
2001-03-22 15:35:00,-5,611,BWI,MDW
2001-02-02 13:35:00,5,562,ELP,DAL
2001-03-21 10:25:00,3,237,DAL,TUL
2001-03-06 12:20:00,0,1142,MCO,MHT
2001-02-14 11:55:00,-10,417,SAN,SJC
2001-03-12 14:55:00,-9,325,ONT,PHX
2001-02-05 06:30:00,-9,543,OAK,PDX
2001-01-13 15:10:00,18,628,ABQ,SAN
2001-01-03 20:15:00,-5,187,CRP,HOU
2001-03-01 10:25:00,0,296,STL,LIT
2001-01-19 08:10:00,-10,447,SAN,SFO
2001-02-19 13:11:00,5,677,ELP,HOU
2001-01-20 13:40:00,-6,562,ELP,DAL
2001-02-04 15:43:00,3,256,LAS,PHX
2001-02-27 17:40:00,0,587,JAN,MCO
2001-01-14 12:35:00,8,367,TUS,SAN
2001-01-06 09:50:00,-5,723,GEG,OAK
2001-02-19 12:45:00,5,395,BNA,MDW
2001-03-04 18:45:00,0,907,BNA,PVD
2001-02-09 10:35:00,8,361,ONT,OAK
2001-02-24 12:21:00,6,718,ABQ,MCI
2001-03-21 13:35:00,5,307,MDW,CLE
2001-03-02 10:10:00,8,513,MSY,JAX
2001-01-09 12:40:00,-5,843,SAT,PHX
2001-03-18 21:57:00,13,370,PHX,LAX
2001-02-15 14:15:00,27,1140,MCI,LAS
2001-03-22 14:50:00,0,229,STL,IND
2001-01-24 07:00:00,-7,407,OAK,LAS
2001-01-08 21:35:00,5,370,LAX,PHX
2001-01-19 10:40:00,5,328,ABQ,PHX
2001-02-19 12:38:00,18,370,PHX,LAX
2001-03-28 20:40:00,0,616,MCO,BNA
2001-01-31 17:05:00,2,237,MCI,STL
2001-03-20 20:10:00,-12,407,LAS,OAK
2001-01-08 17:05:00,-6,192,HOU,SAT
2001-02-06 09:05:00,-3,192,HOU,SAT
2001-02-14 12:10:00,8,389,SMF,ONT
2001-02-03 12:05:00,18,419,HOU,OKC
2001-01-11 07:00:00,-1,377,BWI,MHT
2001-02-02 09:45:00,8,328,PVD,BWI
2001-03-23 07:00:00,-7,361,ONT,OAK
2001-02-10 12:10:00,-6,1235,HOU,LAS
2001-02-15 12:35:00,22,480,SAN,SMF
2001-01-24 10:30:00,2,373,LAX,SMF
2001-03-23 16:37:00,4,437,DAL,MSY
2001-03-19 17:14:00,4,370,PHX,LAX
2001-02-09 06:30:00,5,283,BDL,BWI
2001-01-22 18:05:00,-12,223,ELP,ABQ
2001-02-11 12:15:00,-10,718,ABQ,MCI
2001-03-20 17:55:00,-15,405,MDW,MCI
2001-01-25 19:38:00,13,872,PHX,AUS
2001-03-16 20:05:00,7,495,BWI,SDF
2001-03-14 13:00:00,24,189,AUS,DAL
2001-02-24 14:52:00,-1,587,TPA,RDU
2001-03-22 10:55:00,-8,248,DAL,SAT
2001-01-11 17:50:00,62,687,HOU,STL
2001-01-16 06:30:00,5,543,OAK,PDX
2001-03-25 17:13:00,8,223,TUL,MCI
2001-01-29 14:45:00,33,277,AMA,ABQ
2001-01-29 08:00:00,6,1069,LAS,SAT
2001-02-08 08:20:00,10,1044,MCI,PHX
2001-03-21 13:00:00,9,632,MDW,RDU
2001-03-11 18:05:00,8,417,SJC,SAN
2001-02-14 12:30:00,63,487,STL,CLE
2001-01-09 10:44:00,5,304,SAN,PHX
2001-01-18 20:00:00,15,453,TUL,HOU
2001-01-21 20:40:00,-3,189,AUS,DAL
2001-02-04 11:15:00,0,325,OAK,BUR
2001-01-06 13:15:00,-5,453,TUL,HOU
2001-01-29 15:12:00,-8,919,MCI,SLC
2001-01-02 11:49:00,20,370,PHX,LAX
2001-03-15 15:00:00,10,370,PHX,LAX
2001-02-10 17:25:00,20,2106,BWI,LAS
2001-02-09 08:25:00,14,1044,PHX,MCI
2001-03-02 12:35:00,-2,570,HOU,BHM
2001-02-08 17:40:00,-2,361,ONT,OAK
2001-03-10 17:28:00,8,562,DAL,ELP
2001-01-20 08:35:00,-10,1099,OMA,LAS
2001-03-05 07:35:00,-4,229,MDW,DTW
2001-02-10 07:00:00,0,307,MDW,CLE
2001-03-05 20:45:00,23,621,PHX,SJC
2001-02-24 13:35:00,18,251,MDW,STL
2001-03-16 19:20:00,58,925,FLL,BWI
2001-01-14 20:40:00,-12,361,ONT,OAK
2001-02-01 15:45:00,-7,217,DAL,IAH
2001-01-17 06:30:00,-1,220,ISP,BWI
2001-02-13 09:40:00,30,256,PHX,LAS
2001-03-22 08:05:00,0,178,FLL,MCO
2001-01-28 16:25:00,-2,451,TUS,LAX
2001-03-22 06:30:00,-5,148,HOU,AUS
2001-03-09 11:58:00,12,419,HOU,OKC
2001-02-23 21:50:00,50,361,ONT,OAK
2001-03-08 06:15:00,5,373,LAX,SMF
2001-01-18 19:44:00,6,758,LAS,AMA
2001-01-31 09:42:00,175,319,MAF,DAL
2001-01-27 16:20:00,-17,1372,STL,LAS
2001-03-02 07:00:00,9,345,LAS,RNO
2001-01-24 06:45:00,-2,319,MAF,DAL
2001-02-18 16:52:00,68,347,PHX,ELP
2001-03-22 09:50:00,-6,787,MCO,BWI
2001-03-20 17:41:00,0,318,FLL,JAX
2001-03-12 12:45:00,-1,1137,PVD,TPA
2001-03-31 13:05:00,-10,590,SLC,LAX
2001-01-09 19:39:00,41,337,OAK,LAX
2001-03-03 13:30:00,83,689,SEA,SLC
2001-01-24 07:35:00,-4,345,RNO,LAS
2001-02-01 19:45:00,0,1020,PHX,HOU
2001-01-28 10:25:00,-10,162,MDW,IND
2001-03-16 17:56:00,80,358,SMF,BUR
2001-03-05 18:55:00,-1,255,BWI,RDU
2001-01-05 13:40:00,-15,229,MDW,DTW
2001-01-21 16:10:00,3,616,MCO,BNA
2001-02-07 16:05:00,0,337,OAK,LAX
2001-01-06 16:55:00,-14,670,BNA,HOU
2001-02-25 16:00:00,30,321,BHM,MSY
2001-03-01 19:05:00,10,328,PVD,BWI
2001-03-02 13:35:00,4,460,TPA,BHM
2001-02-18 08:55:00,-22,1111,TPA,BDL
2001-02-16 07:00:00,21,239,DAL,HOU
2001-01-07 07:20:00,-6,479,SMF,PDX
2001-02-09 17:35:00,45,237,STL,MCI
2001-03-29 07:10:00,0,2277,PVD,PHX
2001-03-22 09:30:00,-7,283,BDL,BWI
2001-02-28 13:50:00,12,407,LAS,OAK
2001-03-11 12:30:00,-27,2237,ALB,LAS
2001-01-09 08:15:00,-3,248,SAT,DAL
2001-03-11 15:10:00,9,677,HOU,ELP
2001-03-10 10:11:00,7,239,DAL,HOU
2001-03-19 11:00:00,13,1142,MHT,MCO
2001-02-13 14:54:00,37,670,HOU,BNA
2001-03-11 18:10:00,-15,777,BDL,MDW
2001-01-03 16:28:00,-15,1363,MCI,LAX
2001-02-28 20:00:00,33,487,ABQ,LAS
2001-03-31 08:20:00,-3,405,MCI,MDW
2001-01-26 18:50:00,-5,248,DAL,SAT
2001-02-16 16:47:00,50,237,DAL,TUL
2001-03-31 19:25:00,-3,256,LAS,PHX
2001-02-10 16:10:00,7,337,LAX,OAK
2001-02-09 14:23:00,14,405,MDW,MCI
2001-02-26 17:53:00,9,587,JAN,MCO
2001-02-16 18:45:00,-15,852,BNA,BDL
2001-01-18 11:10:00,-5,361,ONT,OAK
2001-03-30 21:20:00,3,197,ONT,LAS
2001-02-03 08:05:00,14,328,PVD,BWI
2001-03-19 13:33:00,16,328,ABQ,PHX
2001-01-06 06:30:00,0,405,MDW,MCI
2001-03-21 19:30:00,10,967,MCI,BWI
2001-01-22 18:45:00,2,888,JAN,BWI
2001-01-18 09:25:00,0,303,MSY,HOU
2001-02-24 08:40:00,4,162,MDW,IND
2001-03-28 07:55:00,-7,1020,HOU,PHX
2001-03-17 08:20:00,-9,562,ELP,DAL
2001-02-01 06:10:00,0,188,RNO,SJC
2001-02-04 17:54:00,9,248,SAT,DAL
2001-02-02 12:15:00,-1,636,SAN,ELP
2001-02-21 20:30:00,0,337,LAX,OAK
2001-01-17 18:10:00,2,321,ABQ,TUS
2001-03-21 19:00:00,-2,487,LAS,ABQ
2001-01-10 15:50:00,-3,338,CMH,BNA
2001-02-17 07:45:00,10,189,DAL,AUS
2001-01-18 16:30:00,5,480,SMF,SAN
2001-02-24 19:00:00,90,697,SEA,SJC
2001-02-23 08:20:00,13,303,MSY,HOU
2001-01-04 14:30:00,15,1048,TPA,MCI
2001-01-05 17:51:00,10,296,SJC,BUR
2001-02-19 10:30:00,-2,281,BWI,BUF
2001-02-15 18:37:00,11,570,BHM,MDW
2001-03-16 21:28:00,55,359,HOU,JAN
2001-03-26 06:30:00,0,337,OAK,LAX
2001-01-23 10:25:00,-10,288,ALB,BWI
2001-02-09 07:00:00,5,337,OAK,LAX
2001-02-06 18:55:00,0,1072,MCI,MCO
2001-02-03 09:55:00,-4,453,TUL,HOU
2001-02-12 10:18:00,10,588,SLC,OAK
2001-02-23 11:25:00,7,236,LAS,LAX
2001-01-28 21:35:00,1,314,CLE,BWI
2001-03-27 14:15:00,2,457,BNA,DTW
2001-01-10 08:15:00,0,223,TUL,MCI
2001-03-13 20:30:00,0,370,PHX,LAX
2001-01-20 18:25:00,23,189,DAL,AUS
2001-01-14 13:05:00,-3,369,BUR,PHX
2001-01-10 15:30:00,8,321,BHM,MSY
2001-01-21 17:58:00,63,359,JAN,HOU
2001-03-19 07:10:00,-5,866,SEA,LAS
2001-03-31 10:10:00,10,229,MDW,DTW
2001-02-13 15:10:00,23,628,ABQ,SAN
2001-01-27 14:18:00,12,1180,SEA,ABQ
2001-03-19 06:30:00,-6,304,SAN,PHX
2001-01-19 08:00:00,-3,758,AMA,LAS
2001-03-28 11:35:00,0,410,CMH,STL
2001-02-07 20:35:00,-7,296,BUR,SJC
2001-02-09 14:25:00,0,528,ELP,AUS
2001-01-27 06:30:00,-5,224,GEG,SEA
2001-01-11 20:49:00,84,271,MDW,SDF
2001-01-13 13:44:00,5,273,HRL,AUS
2001-03-10 08:44:00,5,325,PHX,ONT
2001-03-07 18:35:00,-2,1140,MCI,LAS
2001-03-16 17:12:00,10,236,LAX,LAS
2001-03-01 18:35:00,15,370,LAX,PHX
2001-03-12 12:20:00,-1,1751,ONT,BNA
2001-03-20 06:30:00,12,337,OAK,LAX
2001-03-04 17:40:00,26,405,MCI,MDW
2001-01-04 18:54:00,15,180,OAK,RNO
2001-03-15 13:25:00,-3,342,SNA,SJC
2001-01-16 09:08:00,-5,628,SAN,ABQ
2001-03-26 16:40:00,-7,437,MSY,DAL
2001-02-11 14:52:00,16,236,LAS,LAX
2001-01-11 16:21:00,0,303,HOU,MSY
2001-03-01 06:30:00,-6,480,SAN,SMF
2001-03-27 12:40:00,-5,1262,PHX,STL
2001-02-28 12:33:00,78,370,LAX,PHX
2001-01-14 16:15:00,-2,447,SAN,SFO
2001-03-27 15:15:00,-7,254,STL,SDF
2001-01-20 18:10:00,-5,293,LBB,DAL
2001-03-26 13:00:00,20,828,IND,MCO
2001-01-24 11:40:00,33,223,ABQ,ELP
2001-01-08 12:00:00,0,1044,PHX,MCI
2001-03-03 11:47:00,13,967,BWI,MCI
2001-02-25 21:20:00,111,1363,MCI,LAX
2001-03-23 19:25:00,10,1501,LAS,MSY
2001-01-25 07:20:00,-5,447,SFO,SAN
2001-03-18 08:15:00,-20,307,CLE,MDW
2001-01-22 19:45:00,0,777,MDW,BDL
2001-02-22 13:25:00,8,367,SAN,TUS
2001-02-24 10:10:00,0,1107,PHX,SEA
2001-03-07 14:10:00,-8,296,BUR,SJC
2001-01-28 15:20:00,-7,345,RNO,LAS
2001-03-29 18:55:00,-13,1156,STL,SLC
2001-03-13 09:15:00,-12,308,LAX,SJC
2001-03-11 22:02:00,35,437,DAL,MSY
2001-02-07 11:20:00,16,507,SLC,PHX
2001-03-25 11:45:00,7,276,HOU,HRL
2001-01-02 20:00:00,29,758,LAS,AMA
2001-02-21 06:25:00,-1,368,SLC,LAS
2001-02-26 09:05:00,-2,528,AUS,ELP
2001-01-11 16:29:00,21,308,SJC,LAX
2001-01-31 16:25:00,17,907,PVD,BNA
2001-02-16 12:46:00,5,304,PHX,SAN
2001-03-26 20:40:00,2,236,LAX,LAS
2001-03-06 10:30:00,3,337,OAK,LAX
2001-03-12 12:40:00,-7,580,ABQ,DAL
2001-02-26 11:50:00,0,371,SNA,OAK
2001-01-06 08:00:00,-8,342,SJC,SNA
2001-02-13 12:09:00,29,304,PHX,SAN
2001-03-01 16:10:00,62,187,HOU,CRP
2001-02-17 13:55:00,-15,373,LAX,SMF
2001-02-24 11:20:00,0,187,CRP,HOU
2001-03-24 10:45:00,0,453,TUL,HOU
2001-02-08 16:40:00,15,303,HOU,MSY
2001-02-27 18:20:00,52,248,DAL,SAT
2001-03-11 16:30:00,5,423,MDW,OMA
2001-02-11 19:40:00,0,277,AMA,ABQ
2001-03-14 13:57:00,14,714,LAX,ELP
2001-02-18 09:30:00,-9,283,BWI,BDL
2001-03-31 07:30:00,-3,443,BNA,RDU
2001-01-01 17:22:00,20,308,SJC,LAX
2001-01-14 09:40:00,19,276,HRL,HOU
2001-03-23 13:40:00,0,293,LBB,DAL
2001-03-16 07:45:00,8,793,FLL,BNA
2001-01-31 07:50:00,6,108,PVD,ISP
2001-01-06 14:20:00,-9,1050,MCO,BDL
2001-01-02 13:50:00,37,487,LAS,ABQ
2001-01-02 19:08:00,44,258,SAN,LAS
2001-01-22 11:00:00,-10,368,LAS,SLC
2001-03-21 16:20:00,17,328,BWI,PVD
2001-01-14 15:05:00,0,229,STL,IND
2001-01-27 16:00:00,92,677,LAX,ABQ
2001-03-06 08:30:00,-5,239,HOU,DAL
2001-02-22 15:00:00,0,843,PHX,SAT
2001-02-13 20:30:00,132,296,BUR,SJC
2001-03-10 10:35:00,0,296,LIT,DAL
2001-03-07 20:45:00,-7,342,SNA,SJC
2001-01-16 12:28:00,21,1107,SEA,PHX
2001-02-15 17:30:00,0,423,OMA,MDW
2001-03-13 19:03:00,82,237,STL,MCI
2001-02-01 11:55:00,25,256,PHX,LAS
2001-03-29 08:30:00,-15,802,MCO,CMH
2001-03-28 19:35:00,8,337,OAK,LAX
2001-03-22 14:35:00,-3,325,BUR,OAK
2001-01-02 14:32:00,5,237,TUL,DAL
2001-02-28 10:05:00,71,370,LAX,PHX
2001-02-22 15:58:00,60,570,MDW,BHM
2001-02-12 16:55:00,-9,197,FLL,TPA
2001-01-29 14:30:00,0,1342,AUS,BWI
2001-02-25 19:54:00,43,883,BWI,PBI
2001-01-27 18:20:00,-6,447,SAN,SFO
2001-03-26 07:00:00,-10,1072,MCO,MCI
2001-01-01 14:00:00,-2,361,OAK,ONT
2001-03-01 14:05:00,-5,188,SJC,RNO
2001-03-23 08:19:00,-6,937,HOU,MDW
2001-02-07 21:05:00,-7,580,ABQ,DAL
2001-01-16 11:44:00,10,723,OAK,GEG
2001-01-01 15:20:00,0,187,CRP,HOU
2001-03-23 12:55:00,11,333,ONT,SJC
2001-03-22 13:00:00,10,647,SMF,PHX
2001-01-28 11:00:00,12,337,OAK,LAX
2001-02-26 14:55:00,-5,229,IND,STL
2001-01-18 18:45:00,0,480,SMF,SAN
2001-01-03 07:05:00,-18,1246,HOU,BWI
2001-03-14 06:50:00,-2,328,PVD,BWI
2001-01-22 11:55:00,-5,997,TPA,MDW
2001-03-29 15:43:00,96,495,BWI,SDF
2001-01-07 15:30:00,19,258,SAN,LAS
2001-01-16 07:15:00,-16,515,IND,BWI
2001-01-13 13:50:00,-7,584,LAS,ELP
2001-01-06 06:20:00,-12,386,LAS,SJC
2001-01-12 15:46:00,164,256,PHX,LAS
2001-02-17 15:20:00,-5,254,SDF,STL
2001-03-11 15:15:00,10,328,ABQ,PHX
2001-03-20 10:10:00,-12,419,OKC,HOU
2001-03-26 20:00:00,-10,293,LBB,DAL
2001-02-09 17:00:00,29,1448,PHX,BNA
2001-01-25 16:50:00,0,636,ELP,SAN
2001-01-15 13:45:00,2,325,OAK,BUR
2001-02-23 08:45:00,-12,1235,HOU,LAS
2001-03-16 10:43:00,2,345,LAS,RNO
2001-03-09 11:15:00,-2,448,CLE,BNA
2001-01-18 13:45:00,-7,293,DAL,LBB
2001-03-21 13:35:00,5,417,SAN,SJC
2001-03-18 17:21:00,52,189,DAL,AUS
2001-02-07 09:42:00,38,405,MDW,MCI
2001-01-30 17:25:00,29,251,STL,MDW
2001-02-13 14:45:00,0,239,HOU,DAL
2001-03-27 07:00:00,0,239,HOU,DAL
2001-02-09 10:31:00,42,229,MDW,DTW
2001-03-02 09:17:00,-3,276,HRL,HOU
2001-01-03 17:24:00,0,588,BWI,BNA
2001-03-24 19:35:00,25,777,MDW,BDL
2001-03-02 08:50:00,-10,251,STL,MDW
2001-03-20 09:05:00,-10,368,SLC,LAS
2001-01-04 07:00:00,7,148,HOU,AUS
2001-01-10 20:40:00,95,448,BNA,CLE
2001-03-11 17:58:00,30,337,OAK,LAX
2001-02-25 14:00:00,0,239,DAL,HOU
2001-01-22 17:20:00,-12,697,SEA,SJC
2001-02-16 07:40:00,-3,371,SNA,OAK
2001-02-14 15:40:00,15,307,MDW,CLE
2001-03-01 11:30:00,35,239,DAL,HOU
2001-02-13 21:55:00,-1,550,MSY,MCO
2001-01-11 10:30:00,-11,1363,LAX,MCI
2001-02-16 13:17:00,5,1164,SAN,AUS
2001-03-28 09:35:00,5,671,OAK,SEA
2001-03-04 12:54:00,23,1242,LAX,AUS
2001-02-14 08:20:00,10,188,SJC,RNO
2001-01-24 12:20:00,-6,229,DTW,MDW
2001-01-10 06:30:00,6,303,MSY,HOU
2001-03-29 06:40:00,4,446,SAN,OAK
2001-02-12 18:30:00,-11,237,DAL,TUL
2001-02-23 22:40:00,145,192,SAT,HOU
2001-02-01 07:00:00,-5,307,CLE,MDW
2001-01-19 20:35:00,-5,189,DAL,AUS
2001-01-10 11:10:00,-1,251,MDW,STL
2001-01-29 11:35:00,-10,405,MDW,MCI
2001-03-13 22:23:00,19,337,LAX,OAK
2001-02-20 07:15:00,-6,377,MHT,BWI
2001-01-16 06:58:00,10,390,LAX,RNO
2001-01-06 08:35:00,2,1044,MCI,PHX
2001-03-05 10:30:00,-6,281,BWI,BUF
2001-03-05 13:15:00,8,328,PVD,BWI
2001-03-18 20:23:00,-2,344,PDX,BOI
2001-01-22 15:20:00,-10,515,IND,BWI
2001-01-21 15:39:00,68,178,FLL,MCO
2001-03-08 06:45:00,-3,328,PHX,ABQ
2001-03-09 06:00:00,3,256,LAS,PHX
2001-03-27 19:00:00,-10,337,OAK,LAX
2001-02-23 19:10:00,62,251,STL,MDW
2001-01-16 15:10:00,10,888,BWI,JAN
2001-01-19 13:10:00,0,296,LIT,DAL
2001-02-28 15:35:00,27,239,HOU,DAL
2001-01-07 18:22:00,45,295,LBB,ELP
2001-02-20 08:35:00,-8,611,MDW,BWI
2001-01-17 16:20:00,-20,1624,SDF,LAS
2001-01-02 12:54:00,-1,1072,MCI,MCO
2001-02-14 06:30:00,-4,148,HOU,AUS
2001-02-17 19:45:00,-4,587,RDU,TPA
2001-02-09 16:53:00,21,239,DAL,HOU
2001-02-01 15:32:00,25,251,MDW,STL
2001-03-31 08:30:00,-4,417,SJC,SAN
2001-03-01 12:40:00,0,580,ABQ,DAL
2001-03-25 22:15:00,1,251,STL,MDW
2001-03-21 13:48:00,35,758,PBI,BNA
2001-01-04 17:45:00,14,934,STL,ABQ
2001-02-15 12:53:00,135,189,DAL,AUS
2001-03-22 15:40:00,-1,520,BOI,LAS
2001-01-05 08:45:00,-2,148,AUS,HOU
2001-01-07 12:30:00,-3,636,SAN,ELP
2001-03-13 09:40:00,-3,479,SMF,PDX
2001-01-04 06:25:00,-7,347,ELP,PHX
2001-01-31 11:45:00,-3,843,PHX,SAT
2001-01-17 17:49:00,7,787,BWI,MCO
2001-03-09 13:30:00,0,588,BWI,BNA
2001-03-11 12:35:00,-5,358,BUR,SMF
2001-02-27 13:20:00,13,389,SMF,ONT
2001-03-30 12:10:00,-5,872,AUS,PHX
2001-02-21 18:55:00,11,1156,STL,SLC
2001-02-25 20:30:00,45,444,RNO,PDX
2001-02-08 15:20:00,-7,254,SDF,STL
2001-02-22 07:30:00,17,237,MCI,STL
2001-01-19 14:50:00,20,237,TUL,DAL
2001-03-22 15:45:00,-5,480,SMF,SAN
2001-01-12 12:06:00,18,423,OMA,MDW
2001-02-08 10:40:00,-10,451,TUS,LAX
2001-02-03 09:10:00,0,371,OAK,SNA
2001-01-20 11:45:00,27,1073,MCO,PVD
2001-03-31 17:00:00,0,480,SMF,SAN
2001-03-28 21:10:00,0,371,SNA,OAK
2001-02-22 10:25:00,0,237,DAL,TUL
2001-01-05 09:30:00,-7,224,SEA,GEG
2001-03-26 19:00:00,4,239,HOU,DAL
2001-03-07 19:05:00,2,197,FLL,TPA
2001-03-25 08:05:00,-21,1448,BNA,PHX
2001-03-16 11:30:00,3,647,PHX,SMF
2001-02-21 06:00:00,-7,371,OAK,SNA
2001-03-14 15:30:00,-5,405,MCI,MDW
2001-03-31 08:20:00,-3,588,BWI,BNA
2001-01-15 07:00:00,-5,347,PHX,ELP
2001-01-04 11:02:00,-15,1210,SAT,LAX
2001-03-15 08:15:00,-5,223,LAS,BUR
2001-01-29 08:35:00,-15,1444,MDW,PHX
2001-01-11 14:56:00,28,628,ABQ,SAN
2001-03-23 09:20:00,-9,325,ONT,PHX
2001-02-07 06:25:00,-7,417,SJC,SAN
2001-01-01 08:00:00,-10,989,MDW,MCO
2001-02-24 18:14:00,9,321,ABQ,TUS
2001-03-28 15:05:00,0,584,ELP,LAS
2001-03-11 13:05:00,-10,369,PHX,BUR
2001-02-12 08:21:00,7,319,DAL,MAF
2001-02-16 17:50:00,0,237,STL,MCI
2001-03-20 19:50:00,-10,580,DAL,ABQ
2001-03-02 12:45:00,4,248,DAL,SAT
2001-02-17 15:40:00,14,1099,OMA,LAS
2001-03-11 14:20:00,37,276,HOU,HRL
2001-01-30 18:00:00,-5,178,MCO,FLL
2001-01-23 07:25:00,-9,758,AMA,LAS
2001-02-21 21:25:00,3,1140,MCI,LAS
2001-02-18 17:35:00,4,318,FLL,JAX
2001-03-26 13:58:00,0,562,DAL,ELP
2001-01-22 06:50:00,-7,369,PHX,BUR
2001-01-05 17:05:00,-7,192,HOU,SAT
2001-02-16 15:50:00,52,296,LIT,DAL
2001-01-10 21:48:00,7,220,BWI,ISP
2001-01-08 19:58:00,-8,1166,FLL,MDW
2001-01-17 14:15:00,0,528,ELP,AUS
2001-01-30 11:22:00,0,507,SLC,PHX
2001-02-28 12:35:00,-6,229,STL,IND
2001-02-03 07:05:00,-7,616,MCO,BNA
2001-03-18 14:05:00,13,1166,MDW,FLL
2001-02-15 11:05:00,-5,1073,PVD,MCO
2001-03-18 18:25:00,-5,1442,MCI,SMF
2001-02-22 17:30:00,202,842,BWI,TPA
2001-02-22 20:10:00,-8,324,AMA,DAL
2001-03-22 14:00:00,10,491,MCI,BNA
2001-01-10 13:25:00,90,714,LAX,ELP
2001-03-26 12:00:00,-14,256,LAS,PHX
2001-03-26 12:10:00,-20,1107,SEA,PHX
2001-01-29 13:00:00,15,446,OAK,SAN
2001-01-29 09:30:00,-7,283,BDL,BWI
2001-02-10 08:30:00,0,446,SAN,OAK
2001-02-19 12:40:00,3,843,SAT,PHX
2001-03-05 16:05:00,0,255,BWI,RDU
2001-02-23 12:48:00,8,759,ABQ,HOU
2001-02-22 20:45:00,116,588,BWI,BNA
2001-03-15 18:05:00,18,325,PHX,ONT
2001-01-05 21:10:00,55,283,BDL,BWI
2001-01-21 09:30:00,-21,934,STL,ABQ
2001-01-10 21:15:00,0,256,PHX,LAS
2001-01-29 14:30:00,-1,256,PHX,LAS
2001-03-09 08:33:00,-3,239,HOU,DAL
2001-01-16 18:44:00,39,337,LAX,OAK
2001-01-13 10:45:00,3,188,SJC,RNO
2001-01-15 21:43:00,0,389,SMF,ONT
2001-03-28 12:24:00,7,1140,LAS,MCI
2001-03-05 20:40:00,30,325,OAK,BUR
2001-02-07 16:33:00,4,1020,HOU,PHX
2001-03-24 15:40:00,-12,229,MDW,DTW
2001-01-10 19:15:00,29,236,LAS,LAX
2001-01-10 07:55:00,0,587,MCO,JAN
2001-01-31 11:20:00,-6,487,MSY,TPA
2001-01-08 20:10:00,-5,180,JAX,TPA
2001-02-28 16:44:00,5,405,MDW,MCI
2001-03-26 15:05:00,-7,365,LAS,TUS
2001-02-19 21:55:00,90,337,OAK,LAX
2001-03-23 10:35:00,-1,1262,PHX,STL
2001-02-10 13:40:00,-11,223,BUR,LAS
2001-02-25 12:35:00,-12,989,MDW,MCO
2001-03-23 07:55:00,0,358,BUR,SMF
2001-02-23 21:15:00,37,224,GEG,SEA
2001-01-10 09:25:00,0,281,BWI,BUF
2001-02-13 06:20:00,5,325,OAK,BUR
2001-03-25 16:20:00,-5,670,HOU,BNA
2001-02-19 17:35:00,20,295,ELP,LBB
2001-03-31 08:40:00,-15,1984,LAS,TPA
2001-01-25 12:15:00,-16,938,MHT,BNA
2001-01-22 08:55:00,-5,588,BNA,BWI
2001-02-17 10:30:00,-3,303,MSY,HOU
2001-02-10 19:30:00,-15,1236,MCI,MHT
2001-03-09 21:44:00,33,389,ONT,SMF
2001-01-06 17:20:00,-12,697,SEA,SJC
2001-02-11 14:40:00,-5,308,SJC,LAX
2001-03-24 20:50:00,0,345,RNO,LAS
2001-03-30 06:30:00,4,181,DAL,OKC
2001-03-16 14:49:00,-9,1864,SLC,BWI
2001-03-13 18:30:00,125,361,ONT,OAK
2001-02-13 21:30:00,30,569,SJC,PDX
2001-03-05 17:25:00,0,313,OKC,MCI
2001-03-29 17:38:00,22,588,BWI,BNA
2001-01-15 19:50:00,-15,1140,LAS,MCI
2001-01-19 08:05:00,-1,281,BWI,BUF
2001-01-09 11:10:00,-6,611,BWI,MDW
2001-03-09 20:35:00,35,479,PDX,SMF
2001-02-18 20:00:00,-5,347,ELP,PHX
2001-03-30 08:00:00,5,251,MDW,STL
2001-02-27 21:45:00,-3,588,BNA,BWI
2001-01-19 17:03:00,187,611,MDW,BWI
2001-02-19 12:20:00,7,256,PHX,LAS
2001-02-18 12:20:00,0,1142,MCO,MHT
2001-03-09 14:25:00,-4,646,PHX,OAK
2001-03-28 17:45:00,-14,251,STL,MDW
2001-02-19 16:25:00,-8,803,ISP,BNA
2001-02-15 09:17:00,20,189,AUS,DAL
2001-01-17 10:15:00,7,256,PHX,LAS
2001-03-05 08:00:00,-10,989,MDW,MCO
2001-02-08 11:45:00,0,319,MAF,DAL
2001-03-29 12:58:00,4,484,JAX,BNA
2001-02-17 08:20:00,-13,1363,MCI,LAX
2001-01-01 13:54:00,20,313,OKC,MCI
2001-03-04 16:25:00,36,590,SLC,LAX
2001-03-01 08:10:00,7,562,DAL,ELP
2001-01-01 09:35:00,5,371,SNA,OAK
2001-02-05 12:20:00,-5,361,OAK,ONT
2001-03-31 17:48:00,15,682,BWI,BHM
2001-02-20 11:25:00,0,307,MDW,CLE
2001-01-24 15:55:00,4,616,MCO,BNA
2001-02-06 09:05:00,-15,759,HOU,ABQ
2001-02-02 19:20:00,-6,293,LBB,DAL
2001-02-20 16:50:00,-5,377,BWI,MHT
2001-01-09 11:25:00,-7,303,HOU,MSY
2001-03-20 12:00:00,5,224,SEA,GEG
2001-03-04 14:20:00,3,187,HOU,CRP
2001-01-13 16:15:00,9,304,PHX,SAN
2001-03-19 14:35:00,-3,303,HOU,MSY
2001-01-02 06:15:00,4,562,ELP,DAL
2001-02-17 06:15:00,7,697,SEA,SJC
2001-01-04 15:15:00,50,1180,SEA,ABQ
2001-03-05 06:55:00,-2,187,CRP,HOU
2001-03-27 09:25:00,-2,281,BWI,BUF
2001-01-19 21:40:00,-3,328,ABQ,PHX
2001-03-23 07:49:00,20,308,LAX,SJC
2001-01-26 09:40:00,-8,248,SAT,DAL
2001-01-02 13:48:00,22,405,MDW,MCI
2001-02-15 14:30:00,99,487,MSY,TPA
2001-01-29 10:10:00,-18,1107,PHX,SEA
2001-03-05 07:10:00,13,258,LAS,SAN
2001-02-11 19:13:00,22,296,SJC,BUR
2001-03-10 10:40:00,15,1069,SAT,LAS
2001-02-09 22:44:00,62,386,SJC,LAS
2001-01-31 14:49:00,19,1073,ALB,MCO
2001-03-12 16:25:00,15,318,JAX,FLL
2001-03-27 18:25:00,0,1591,LAS,IND
2001-03-21 20:55:00,-2,345,LAS,RNO
2001-03-07 08:35:00,0,611,MDW,BWI
2001-01-02 07:45:00,6,223,BUR,LAS
2001-01-31 08:25:00,-7,1044,PHX,MCI
2001-03-02 17:05:00,-3,239,HOU,DAL
2001-03-05 15:20:00,-2,453,HOU,TUL
2001-03-29 11:05:00,0,866,SEA,LAS
2001-01-30 13:50:00,-21,2106,LAS,BWI
2001-01-01 19:40:00,34,325,OAK,BUR
2001-03-23 14:59:00,26,256,PHX,LAS
2001-03-16 14:36:00,2,588,BNA,BWI
2001-03-08 07:30:00,0,239,HOU,DAL
2001-01-16 19:35:00,27,1072,MCI,MCO
2001-03-06 10:20:00,-15,377,MHT,BWI
2001-02-10 13:10:00,11,405,MDW,MCI
2001-02-23 19:10:00,30,254,SDF,STL
2001-02-25 21:15:00,2,255,BWI,RDU
2001-01-08 07:25:00,-8,852,BDL,BNA
2001-02-28 17:50:00,-4,410,CMH,STL
2001-03-15 12:20:00,0,361,OAK,ONT
2001-02-06 12:15:00,-5,446,SAN,OAK
2001-01-10 07:15:00,-7,318,JAX,FLL
2001-01-18 15:25:00,10,314,BWI,CLE
2001-03-12 18:10:00,-2,148,HOU,AUS
2001-02-23 09:50:00,0,787,MCO,BWI
2001-01-05 17:05:00,9,308,SJC,LAX
2001-01-02 18:54:00,37,371,OAK,SNA
2001-01-13 15:23:00,43,337,OAK,LAX
2001-02-06 19:55:00,-12,515,IND,BWI
2001-01-30 10:10:00,3,220,ISP,BWI
2001-01-28 11:55:00,0,197,TPA,FLL
2001-03-27 19:20:00,-5,181,OKC,DAL
2001-02-05 07:15:00,-5,543,PDX,OAK
2001-02-05 07:35:00,-7,181,OKC,DAL
2001-03-14 15:20:00,-4,880,MCO,STL
2001-02-20 22:05:00,0,370,LAX,PHX
2001-02-12 15:02:00,75,584,LAS,ELP
2001-03-08 19:05:00,-4,233,HRL,SAT
2001-01-21 13:40:00,18,480,SMF,SAN
2001-03-26 19:30:00,-12,370,PHX,LAX
2001-01-03 18:34:00,12,777,BDL,MDW
2001-02-22 21:45:00,158,883,BWI,PBI
2001-01-14 14:48:00,50,337,OAK,LAX
2001-02-22 17:10:00,-3,647,SMF,PHX
2001-02-28 18:30:00,7,1140,MCI,LAS
2001-03-07 13:35:00,0,325,OAK,BUR
2001-01-06 18:25:00,0,369,PHX,BUR
2001-02-06 07:25:00,-15,1489,OAK,MCI
2001-03-27 16:05:00,-5,479,PDX,SMF
2001-01-05 11:35:00,10,251,MDW,STL
2001-03-29 12:25:00,6,569,SJC,PDX
2001-01-14 07:00:00,-1,148,HOU,AUS
2001-03-23 19:35:00,-10,368,SLC,LAS
2001-02-14 06:40:00,0,318,FLL,JAX
2001-02-15 19:29:00,23,493,ABQ,SLC
2001-01-26 08:50:00,0,328,ABQ,PHX
2001-02-17 07:40:00,-6,303,HOU,MSY
2001-02-23 11:55:00,0,197,TPA,FLL
2001-03-02 09:45:00,-5,324,DAL,AMA
2001-02-02 09:45:00,-15,1479,MCI,SJC
2001-01-05 11:10:00,-3,287,GEG,BOI
2001-02-21 20:02:00,54,1501,LAS,MSY
2001-02-10 19:45:00,25,1489,MCI,OAK
2001-02-13 10:25:00,85,248,DAL,SAT
2001-03-06 08:35:00,-2,888,JAN,BWI
2001-01-23 18:30:00,63,935,PHX,TUL
2001-01-07 07:20:00,-15,632,RDU,MDW
2001-02-09 19:57:00,52,471,MSY,BNA
2001-02-28 18:40:00,5,197,ONT,LAS
2001-03-24 12:27:00,10,180,OAK,RNO
2001-03-30 17:45:00,-7,255,RDU,BWI
2001-03-28 21:25:00,67,248,SAT,DAL
2001-03-20 13:40:00,5,544,LIT,MDW
2001-01-21 20:59:00,40,588,BWI,BNA
2001-03-20 21:45:00,-2,291,SLC,BOI
2001-02-12 08:00:00,-5,1069,LAS,SAT
2001-01-30 11:05:00,14,1262,PHX,STL
2001-01-06 20:00:00,-5,446,SAN,OAK
2001-01-05 11:20:00,15,405,MDW,MCI
2001-02-14 10:41:00,15,256,PHX,LAS
2001-01-14 14:20:00,-12,1180,SEA,ABQ
2001-03-07 20:20:00,0,283,BWI,BDL
2001-01-02 21:22:00,60,337,OAK,LAX
2001-02-25 10:20:00,5,192,HOU,SAT
2001-03-09 13:15:00,43,321,BHM,MSY
2001-02-25 21:01:00,51,446,SAN,OAK
2001-03-16 17:10:00,41,647,PHX,SMF
2001-03-13 17:06:00,44,395,BNA,MDW
2001-01-01 12:25:00,-5,803,BNA,ISP
2001-03-18 14:33:00,19,283,BWI,BDL
2001-02-09 06:50:00,-4,328,PVD,BWI
2001-01-04 13:45:00,-7,611,MDW,BWI
2001-02-12 16:20:00,13,1624,SDF,LAS
2001-01-03 18:30:00,37,314,CLE,BWI
2001-03-21 18:00:00,30,2277,PVD,PHX
2001-02-23 23:04:00,74,293,DAL,LBB
2001-03-22 14:15:00,-10,1342,AUS,BWI
2001-01-04 13:20:00,-12,677,ELP,HOU
2001-02-08 11:14:00,-8,601,PHX,RNO
2001-03-07 17:05:00,-11,543,OAK,PDX
2001-03-18 10:20:00,-5,359,JAN,HOU
2001-02-11 07:05:00,-12,616,MCO,BNA
2001-01-19 14:16:00,10,337,LAX,OAK
2001-03-13 18:25:00,100,1797,BNA,LAX
2001-02-08 09:05:00,-3,759,HOU,ABQ
2001-01-02 18:05:00,82,1099,LAS,OMA
2001-03-11 10:35:00,5,224,GEG,SEA
2001-01-23 18:05:00,-8,197,LAS,ONT
2001-01-11 17:39:00,5,258,SAN,LAS
2001-01-25 17:50:00,10,872,AUS,PHX
2001-03-14 18:25:00,-21,254,SDF,STL
2001-03-26 19:45:00,-3,419,HOU,OKC
2001-01-17 10:30:00,13,303,MSY,HOU
2001-02-28 12:51:00,-3,580,ABQ,DAL
2001-03-04 09:00:00,2,255,BWI,RDU
2001-03-03 14:26:00,39,451,LAX,TUS
2001-01-01 22:25:00,-5,197,TPA,FLL
2001-02-24 12:23:00,38,251,STL,MDW
2001-01-24 11:25:00,-10,307,MDW,CLE
2001-03-19 18:05:00,13,688,IND,JAX
2001-02-14 21:35:00,10,373,SMF,LAX
2001-01-11 23:10:00,7,251,STL,MDW
2001-02-01 08:45:00,5,670,BNA,HOU
2001-01-17 09:40:00,0,328,PVD,BWI
2001-03-19 17:50:00,-3,296,SJC,BUR
2001-01-12 07:00:00,4,370,PHX,LAX
2001-02-18 19:30:00,-4,294,MAF,AUS
2001-03-11 17:15:00,-6,484,JAX,BNA
2001-03-30 09:55:00,-1,303,HOU,MSY
2001-03-29 15:25:00,18,142,MCO,PBI
2001-01-12 08:20:00,-5,562,DAL,ELP
2001-02-27 11:27:00,0,236,LAS,LAX
2001-01-22 18:50:00,-5,279,GEG,PDX
2001-01-20 07:10:00,-5,108,ISP,PVD
2001-01-02 12:09:00,3,325,BUR,OAK
2001-02-02 21:52:00,161,296,SJC,BUR
2001-01-29 22:06:00,26,256,PHX,LAS
2001-02-26 10:55:00,3,223,LAS,BUR
2001-02-17 11:45:00,5,328,PHX,ABQ
2001-02-02 12:05:00,-7,393,HOU,LIT
2001-02-22 10:30:00,-6,303,MSY,HOU
2001-02-26 16:52:00,4,324,DAL,AMA
2001-02-26 18:55:00,3,304,PHX,SAN
2001-01-10 17:30:00,72,370,PHX,LAX
2001-03-16 10:50:00,0,342,SNA,SJC
2001-03-10 22:10:00,0,423,OMA,MDW
2001-02-01 11:15:00,-5,361,ONT,OAK
2001-02-21 06:20:00,-3,291,BOI,SLC
2001-02-25 22:20:00,59,256,PHX,LAS
2001-01-23 14:00:00,-7,192,SAT,HOU
2001-01-09 09:10:00,-23,1751,BNA,SAN
2001-03-29 14:22:00,-3,328,BWI,PVD
2001-03-22 12:15:00,-6,636,SAN,ELP
2001-03-05 21:45:00,50,337,OAK,LAX
2001-01-24 17:25:00,0,2106,BWI,LAS
2001-01-06 11:45:00,-2,670,HOU,BNA
2001-03-06 19:05:00,0,233,HRL,SAT
2001-03-26 12:50:00,0,276,HOU,HRL
2001-03-29 13:55:00,3,584,LAS,ELP
2001-01-07 16:37:00,4,570,MDW,BHM
2001-01-24 13:45:00,0,293,DAL,LBB
2001-03-01 18:07:00,11,271,MDW,SDF
2001-01-05 20:45:00,-4,318,JAX,FLL
2001-03-05 13:35:00,-6,319,DAL,MAF
2001-01-29 06:30:00,11,562,DAL,ELP
2001-03-13 13:45:00,2,1037,PHX,OMA
2001-01-08 16:10:00,0,361,OAK,ONT
2001-03-28 07:30:00,-4,443,BNA,RDU
2001-03-20 13:30:00,-12,239,DAL,HOU
2001-03-04 08:35:00,7,325,ONT,PHX
2001-01-03 14:57:00,13,303,MSY,HOU
2001-03-09 09:30:00,-10,283,BWI,BDL
2001-03-25 16:35:00,0,405,MDW,MCI
2001-03-26 19:05:00,-3,197,FLL,TPA
2001-01-25 11:30:00,8,342,STL,OMA
2001-01-03 16:05:00,83,587,TPA,RDU
2001-03-12 19:45:00,-14,777,MDW,BDL
2001-02-24 16:07:00,47,666,MDW,JAN
2001-03-17 17:00:00,-10,762,PDX,LAS
2001-01-29 14:55:00,-14,325,ONT,PHX
2001-01-18 18:46:00,52,239,HOU,DAL
2001-02-14 11:00:00,2,239,HOU,DAL
2001-02-12 06:30:00,0,224,GEG,SEA
2001-02-02 20:37:00,16,256,PHX,LAS
2001-01-17 11:51:00,25,256,PHX,LAS
2001-02-26 06:45:00,-2,550,MSY,MCO
2001-03-08 11:00:00,6,248,DAL,SAT
2001-03-20 07:20:00,0,632,RDU,MDW
2001-01-11 18:12:00,-8,229,DTW,MDW
2001-02-02 13:50:00,-8,373,SMF,LAX
2001-01-27 18:04:00,19,325,PHX,ONT
2001-01-10 07:15:00,-8,373,LAX,SMF
2001-03-22 21:35:00,15,256,LAS,PHX
2001-02-07 16:05:00,2,358,BUR,SMF
2001-01-12 06:30:00,2,192,HOU,SAT
2001-02-12 20:25:00,-2,307,CLE,MDW
2001-01-02 08:19:00,9,484,JAX,BNA
2001-02-18 10:25:00,-5,580,ABQ,DAL
2001-03-07 07:45:00,5,333,SJC,ONT
2001-02-28 17:45:00,-8,787,MCO,BWI
2001-01-09 11:10:00,0,358,BUR,SMF
2001-01-13 17:00:00,0,303,MSY,HOU
2001-03-20 07:00:00,0,437,MSY,DAL
2001-02-25 08:13:00,-4,848,HOU,MCO
2001-01-03 13:10:00,-7,296,LIT,DAL
2001-03-30 09:00:00,-4,181,DAL,OKC
2001-02-25 16:50:00,85,308,SJC,LAX
2001-01-15 07:55:00,0,283,BWI,BDL
2001-03-21 08:00:00,-5,1140,MCI,LAS
2001-01-06 09:15:00,-1,308,LAX,SJC
2001-01-08 12:30:00,2,737,BWI,STL
2001-03-15 11:00:00,0,393,LIT,HOU
2001-02-25 12:53:00,36,407,LAS,OAK
2001-01-16 09:25:00,12,337,OAK,LAX
2001-03-27 16:20:00,5,248,DAL,SAT
2001-03-13 17:20:00,5,345,RNO,LAS
2001-03-25 07:00:00,-8,303,HOU,MSY
2001-03-19 13:12:00,99,178,MCO,FLL
2001-03-16 17:03:00,-1,677,ABQ,LAX
2001-03-23 17:00:00,100,258,SAN,LAS
2001-01-29 19:30:00,-3,328,PVD,BWI
2001-01-07 15:03:00,1,325,ONT,PHX
2001-01-15 17:20:00,24,370,PHX,LAX
2001-02-20 18:07:00,9,189,DAL,AUS
2001-01-19 14:05:00,13,296,BUR,SJC
2001-01-27 14:26:00,40,417,SJC,SAN
2001-02-07 09:21:00,10,296,DAL,LIT
2001-01-01 20:05:00,3,714,LAX,ELP
2001-03-26 19:45:00,-5,993,AUS,MCO
2001-03-03 11:28:00,1,303,HOU,MSY
2001-03-18 09:35:00,-15,1044,MCI,PHX
2001-01-18 19:40:00,7,605,SEA,SMF
2001-01-21 08:15:00,10,1020,HOU,PHX
2001-02-20 11:20:00,5,677,HOU,ELP
2001-02-23 21:25:00,28,677,ABQ,LAX
2001-01-05 06:30:00,-1,181,DAL,OKC
2001-02-04 12:20:00,0,496,ELP,SAT
2001-03-17 19:28:00,14,507,SLC,PHX
2001-02-11 12:25:00,-5,1072,MCO,MCI
2001-01-08 08:35:00,-8,347,PHX,ELP
2001-02-20 11:15:00,-8,448,CLE,BNA
2001-03-03 08:30:00,-8,304,SAN,PHX
2001-01-14 18:20:00,-3,405,MCI,MDW
2001-01-14 15:22:00,20,291,SLC,BOI
2001-03-28 06:45:00,-4,328,PHX,ABQ
2001-03-08 08:15:00,7,325,BUR,OAK
2001-02-04 12:10:00,-4,258,LAS,SAN
2001-02-24 07:59:00,80,390,LAX,RNO
2001-03-10 09:40:00,-6,307,CLE,MDW
2001-03-07 18:55:00,-3,687,HOU,STL
2001-03-13 07:25:00,5,368,LAS,SLC
2001-01-24 14:25:00,3,358,SMF,BUR
2001-01-18 11:49:00,12,351,STL,TUL
2001-03-11 09:25:00,13,255,BWI,RDU
2001-03-12 15:35:00,5,1009,PDX,PHX
2001-01-04 18:55:00,28,842,TPA,BWI
2001-02-07 09:30:00,-2,283,BWI,BDL
2001-01-29 06:25:00,9,399,SEA,BOI
2001-01-22 13:00:00,-7,370,LAX,PHX
2001-01-01 08:50:00,-20,621,PHX,SJC
2001-02-12 17:33:00,3,239,DAL,HOU
2001-03-05 07:57:00,-13,345,LAS,RNO
2001-03-15 16:38:00,0,714,ELP,LAX
2001-03-15 22:22:00,64,308,SJC,LAX
2001-02-09 13:40:00,88,447,SAN,SFO
2001-02-13 19:17:00,35,1591,LAS,IND
2001-03-30 06:25:00,-8,347,ELP,PHX
2001-02-19 11:45:00,0,843,PHX,SAT
2001-01-30 07:15:00,5,318,JAX,FLL
2001-01-23 14:23:00,11,511,OAK,BOI
2001-02-07 22:20:00,-5,480,SAN,SMF
2001-01-31 16:23:00,-1,197,TPA,FLL
2001-01-06 06:40:00,-10,737,BWI,STL
2001-03-22 14:50:00,-4,174,PBI,TPA
2001-02-13 09:10:00,27,217,DAL,IAH
2001-03-27 19:50:00,-2,333,SJC,ONT
2001-03-22 20:50:00,-13,756,BNA,AUS
2001-03-08 16:20:00,5,1624,SDF,LAS
2001-02-10 18:08:00,6,397,LAS,SMF
2001-03-27 10:00:00,-8,1521,LAS,MDW
2001-03-07 09:23:00,1,333,ONT,SJC
2001-03-11 21:15:00,-7,333,SJC,ONT
2001-03-16 08:43:00,0,361,OAK,ONT
2001-01-16 08:10:00,7,148,HOU,AUS
2001-03-04 09:59:00,10,271,MDW,SDF
2001-02-23 14:40:00,15,283,BWI,BDL
2001-02-15 20:58:00,76,647,PHX,SMF
2001-02-21 16:00:00,-5,833,OKC,PHX
2001-03-17 12:13:00,8,323,SDF,BHM
2001-03-07 16:39:00,5,284,CMH,MDW
2001-02-11 09:10:00,-8,304,SAN,PHX
2001-02-10 19:35:00,-7,612,BNA,TPA
2001-03-31 15:40:00,-10,419,HOU,OKC
2001-02-19 17:40:00,-3,487,MSY,TPA
2001-01-27 17:40:00,-4,587,JAN,MCO
2001-01-20 14:51:00,0,587,TPA,RDU
2001-03-03 16:33:00,33,325,PHX,ONT
2001-03-24 10:35:00,-3,1262,PHX,STL
2001-03-16 18:30:00,-1,308,LAX,SJC
2001-03-02 17:37:00,14,718,ABQ,MCI
2001-02-19 17:06:00,56,236,LAS,LAX
2001-01-08 09:25:00,-31,1977,BNA,SEA
2001-02-07 17:45:00,38,321,MSY,BHM
2001-03-06 11:40:00,0,148,HOU,AUS
2001-01-22 07:30:00,-10,223,ELP,ABQ
2001-01-26 08:21:00,5,223,LAS,BUR
2001-01-28 07:15:00,-10,377,MHT,BWI
2001-01-19 21:30:00,-3,239,HOU,DAL
2001-01-18 06:45:00,-1,251,STL,MDW
2001-02-28 18:23:00,70,187,HOU,CRP
2001-01-26 14:50:00,42,405,MDW,MCI
2001-03-11 09:40:00,-5,325,PHX,ONT
2001-03-16 18:16:00,21,304,SAN,PHX
2001-02-22 21:20:00,54,188,RNO,SJC
2001-02-05 09:35:00,0,328,BWI,PVD
2001-02-03 12:20:00,-3,187,HOU,CRP
2001-03-02 17:13:00,38,647,PHX,SMF
2001-01-15 16:37:00,14,337,LAX,OAK
2001-01-09 07:10:00,5,258,LAS,SAN
2001-02-14 17:27:00,52,189,DAL,AUS
2001-03-12 20:20:00,-3,162,MDW,IND
2001-02-06 16:00:00,7,258,LAS,SAN
2001-02-04 11:10:00,-3,341,LBB,AUS
2001-03-18 13:15:00,10,666,JAN,MDW
2001-01-31 19:30:00,5,337,OAK,LAX
2001-03-04 18:50:00,29,395,MDW,BNA
2001-02-04 17:05:00,0,495,SDF,BWI
2001-01-10 08:50:00,8,621,PHX,SJC
2001-02-02 14:45:00,7,318,FLL,JAX
2001-03-20 21:10:00,20,318,JAX,FLL
2001-03-13 12:20:00,2,236,LAX,LAS
2001-02-28 12:10:00,90,440,DTW,STL
2001-03-05 15:20:00,1,1262,STL,PHX
2001-03-25 20:30:00,-5,370,PHX,LAX
2001-03-16 14:55:00,0,580,DAL,ABQ
2001-01-26 19:05:00,55,369,BUR,PHX
2001-03-08 23:07:00,103,440,STL,DTW
2001-01-09 07:20:00,0,756,AUS,BNA
2001-01-04 09:50:00,0,325,ONT,PHX
2001-01-15 19:00:00,3,347,ELP,PHX
2001-02-03 17:55:00,-38,1599,MSY,SAN
2001-02-20 18:15:00,27,304,SAN,PHX
2001-03-25 11:20:00,0,248,DAL,SAT
2001-02-13 10:25:00,30,462,OKC,STL
2001-03-27 07:35:00,3,1497,TPA,ABQ
2001-02-23 21:50:00,85,843,PHX,SAT
2001-02-02 19:22:00,2,181,OKC,DAL
2001-01-12 13:17:00,8,283,BDL,BWI
2001-01-19 09:15:00,0,308,LAX,SJC
2001-02-04 15:52:00,5,590,LAX,SLC
2001-02-16 18:00:00,39,671,OAK,SEA
2001-03-31 17:05:00,-2,251,STL,MDW
2001-03-06 21:32:00,5,288,BWI,ALB
2001-02-15 19:05:00,5,223,LAS,BUR
2001-03-25 17:59:00,0,347,ELP,PHX
2001-02-21 11:55:00,-5,296,LIT,STL
2001-01-21 15:38:00,-3,361,ONT,OAK
2001-03-29 15:45:00,-6,217,DAL,IAH
2001-03-15 13:26:00,8,756,BNA,AUS
2001-01-09 14:10:00,-10,462,STL,OKC
2001-01-16 12:00:00,19,417,SAN,SJC
2001-01-12 16:20:00,4,1072,MCO,MCI
2001-01-30 15:04:00,14,842,BWI,TPA
2001-03-12 05:30:00,-10,236,LAS,LAX
2001-01-11 06:30:00,-18,842,PVD,MDW
2001-02-08 06:30:00,-8,237,MCI,STL
2001-03-14 14:20:00,-7,422,RNO,SLC
2001-01-09 21:02:00,73,351,STL,TUL
2001-01-11 18:10:00,-10,108,PVD,ISP
2001-02-07 16:05:00,0,287,BOI,GEG
2001-03-18 22:30:00,29,304,PHX,SAN
2001-01-05 07:00:00,0,325,OAK,BUR
2001-02-10 21:00:00,-6,328,BWI,PVD
2001-02-16 10:00:00,-10,337,OAK,LAX
2001-02-22 06:25:00,0,368,SLC,LAS
2001-01-04 13:35:00,-5,187,CRP,HOU
2001-02-28 20:00:00,15,276,HRL,HOU
2001-01-14 20:08:00,39,258,LAS,SAN
2001-02-20 13:50:00,-13,534,RDU,MCO
2001-03-27 09:30:00,-19,934,STL,ABQ
2001-03-30 08:05:00,-6,174,TPA,PBI
2001-01-05 15:39:00,46,325,ONT,PHX
2001-02-06 06:30:00,0,251,STL,MDW
2001-03-02 18:05:00,35,258,SAN,LAS
2001-02-15 10:55:00,2,287,BOI,GEG
2001-03-19 21:30:00,8,237,DAL,TUL
2001-03-13 13:10:00,13,967,MCI,BWI
2001-01-19 14:50:00,25,307,CLE,MDW
2001-02-13 11:40:00,-2,288,BWI,ALB
2001-02-14 12:37:00,17,670,BNA,HOU
2001-03-09 07:10:00,6,271,SDF,MDW
2001-02-23 16:28:00,-4,1072,MCO,MCI
2001-03-15 17:59:00,36,283,BDL,BWI
2001-01-04 07:45:00,0,451,LAX,TUS
2001-01-01 09:50:00,6,324,AMA,DAL
2001-03-10 13:10:00,5,256,PHX,LAS
2001-01-10 20:39:00,14,180,TPA,JAX
2001-02-20 19:38:00,34,296,BUR,SJC
2001-02-20 10:10:00,-2,361,OAK,ONT
2001-02-10 15:08:00,8,919,MCI,SLC
2001-03-18 06:55:00,-3,423,MDW,OMA
2001-01-03 07:55:00,-8,419,OKC,HOU
2001-03-29 15:59:00,12,407,OAK,LAS
2001-02-18 08:25:00,-20,1044,PHX,MCI
2001-03-12 10:30:00,-4,345,LAS,RNO
2001-01-07 10:45:00,-6,1164,AUS,SAN
2001-03-26 19:30:00,0,647,PHX,SMF
2001-01-19 07:35:00,12,1073,PVD,MCO
2001-03-03 12:05:00,7,347,PHX,ELP
2001-03-15 08:55:00,2,405,MDW,MCI
2001-02-14 11:50:00,-4,417,SJC,SAN
2001-01-09 12:28:00,50,407,OAK,LAS
2001-03-31 17:05:00,-37,2277,PVD,PHX
2001-03-08 19:40:00,37,345,RNO,LAS
2001-02-25 12:25:00,12,423,MDW,OMA
2001-03-03 18:15:00,-7,229,DTW,MDW
2001-01-28 15:48:00,-3,520,BOI,LAS
2001-03-30 15:25:00,22,407,LAS,OAK
2001-03-22 06:40:00,-4,496,SAT,ELP
2001-02-07 10:00:00,-15,337,OAK,LAX
2001-02-26 18:30:00,-15,293,DAL,LBB
2001-02-13 19:39:00,8,223,BUR,LAS
2001-03-12 08:30:00,-1,337,OAK,LAX
2001-03-12 13:15:00,0,550,MSY,MCO
2001-02-26 21:20:00,10,405,MDW,MCI
2001-03-02 18:30:00,17,325,PHX,ONT
2001-02-23 23:25:00,377,162,IND,MDW
2001-03-07 07:45:00,0,283,BDL,BWI
2001-02-24 11:50:00,8,284,MDW,CMH
2001-02-08 19:20:00,0,803,ISP,BNA
2001-01-29 14:35:00,30,1166,MDW,FLL
2001-03-31 21:45:00,-5,588,BNA,BWI
2001-01-04 12:10:00,-1,325,OAK,BUR
2001-01-09 17:50:00,7,288,BWI,ALB
2001-03-01 07:30:00,-1,410,BHM,STL
2001-01-24 12:55:00,3,628,ABQ,SAN
2001-01-23 06:30:00,0,303,MSY,HOU
2001-02-25 17:45:00,-5,197,FLL,TPA
2001-01-22 16:10:00,4,1363,MCI,LAX
2001-02-02 14:00:00,-10,453,TUL,HOU
2001-03-12 15:05:00,3,188,SJC,RNO
2001-03-14 21:15:00,-3,281,BWI,BUF
2001-01-24 14:05:00,-5,188,SJC,RNO
2001-02-28 19:40:00,140,277,ABQ,AMA
2001-02-14 15:15:00,-2,248,SAT,DAL
2001-02-23 14:35:00,25,192,SAT,HOU
2001-02-27 07:35:00,-8,1497,TPA,ABQ
2001-02-23 07:45:00,6,368,SLC,LAS
2001-02-07 09:15:00,-3,407,OAK,LAS
2001-01-31 18:35:00,83,256,LAS,PHX
2001-01-19 06:45:00,-7,178,MCO,FLL
2001-03-28 18:55:00,-8,345,RNO,LAS
2001-02-28 19:05:00,2,663,JAX,BWI
2001-03-24 14:15:00,-6,229,DTW,MDW
2001-03-14 22:00:00,-3,224,SEA,GEG
2001-03-02 19:35:00,8,328,BWI,PVD
2001-01-11 07:25:00,-8,281,BUF,BWI
2001-02-11 14:34:00,7,258,LAS,SAN
2001-02-19 12:50:00,3,192,HOU,SAT
2001-02-02 20:35:00,5,562,ELP,DAL
2001-01-04 09:30:00,2,1262,PHX,STL
2001-03-12 14:40:00,-7,842,TPA,BWI
2001-03-12 14:35:00,5,318,FLL,JAX
2001-01-16 18:35:00,0,1363,LAX,MCI
2001-03-04 17:05:00,10,217,IAH,DAL
2001-01-12 21:50:00,202,361,ONT,OAK
2001-02-09 17:38:00,29,237,MCI,STL
2001-02-11 10:00:00,-6,223,BUR,LAS
2001-03-04 06:25:00,-6,451,TUS,LAX
2001-01-27 16:35:00,5,925,BWI,FLL
2001-01-23 09:00:00,0,181,DAL,OKC
2001-03-09 16:27:00,7,389,SMF,ONT
2001-03-27 21:00:00,-10,337,OAK,LAX
2001-01-08 15:20:00,-9,487,ABQ,LAS
2001-02-05 16:15:00,-8,303,HOU,MSY
2001-03-09 18:57:00,7,480,SAN,SMF
2001-01-14 21:28:00,15,192,HOU,SAT
2001-02-14 16:48:00,-5,550,MCO,MSY
2001-02-05 11:15:00,-15,197,LAS,ONT
2001-03-05 19:10:00,-5,493,ABQ,SLC
2001-01-14 21:55:00,20,337,LAX,OAK
2001-01-25 18:50:00,-12,342,OMA,STL
2001-03-12 18:25:00,0,395,MDW,BNA
2001-03-05 08:00:00,-8,612,BNA,TPA
2001-02-09 20:20:00,55,284,CMH,MDW
2001-01-02 21:25:00,45,671,OAK,SEA
2001-02-15 08:20:00,-2,1363,MCI,LAX
2001-02-04 11:50:00,-4,670,HOU,BNA
2001-03-03 18:25:00,-5,371,SNA,OAK
2001-03-23 18:15:00,-10,612,TPA,BNA
2001-03-10 06:40:00,-18,737,BWI,STL
2001-02-18 15:05:00,-2,325,ONT,PHX
2001-03-18 08:30:00,5,370,LAX,PHX
2001-03-08 14:11:00,16,2106,LAS,BWI
2001-02-05 07:00:00,-5,256,LAS,PHX
2001-03-09 12:25:00,-5,1262,STL,PHX
2001-01-22 16:30:00,-11,1797,BNA,LAX
2001-01-19 14:15:00,-5,480,SMF,SAN
2001-01-25 13:05:00,-3,283,BDL,BWI
2001-03-24 18:05:00,4,389,SMF,ONT
2001-02-01 10:20:00,2,359,JAN,HOU
2001-03-04 07:30:00,-15,239,DAL,HOU
2001-02-16 08:00:00,-1,289,LBB,ABQ
2001-03-11 14:27:00,29,1301,MSY,PHX
2001-02-09 13:29:00,88,737,BWI,STL
2001-01-04 11:05:00,-37,1246,BWI,HOU
2001-02-04 12:00:00,1,325,ONT,PHX
2001-02-11 20:27:00,57,389,SMF,ONT
2001-02-28 16:26:00,62,256,PHX,LAS
2001-03-23 10:15:00,22,303,HOU,MSY
2001-02-22 16:53:00,7,687,HOU,STL
2001-02-23 09:25:00,1,453,HOU,TUL
2001-03-02 16:45:00,10,569,SJC,PDX
2001-01-09 17:35:00,13,284,MDW,CMH
2001-01-15 15:00:00,16,687,STL,HOU
2001-02-09 09:00:00,-7,370,PHX,LAX
2001-02-26 20:35:00,5,180,TPA,JAX
2001-03-18 20:46:00,20,453,HOU,TUL
2001-02-13 15:25:00,-2,491,BNA,MCI
2001-03-28 20:05:00,-14,588,BWI,BNA
2001-02-16 17:36:00,84,714,ELP,LAX
2001-01-13 16:15:00,5,296,SJC,BUR
2001-02-21 14:20:00,0,341,LBB,AUS
2001-01-22 09:00:00,-12,544,MDW,LIT
2001-02-21 21:04:00,37,251,MDW,STL
2001-01-28 14:55:00,-5,325,ONT,PHX
2001-03-08 17:17:00,87,407,OAK,LAS
2001-01-18 20:45:00,25,283,BDL,BWI
2001-02-22 20:12:00,67,325,BUR,OAK
2001-02-03 13:45:00,-17,462,OKC,STL
2001-02-27 18:30:00,10,293,LBB,DAL
2001-03-05 12:05:00,0,393,HOU,LIT
2001-03-28 13:42:00,15,273,HRL,AUS
2001-01-04 08:30:00,-3,239,DAL,HOU
2001-03-27 11:25:00,-6,405,MCI,MDW
2001-03-20 13:40:00,10,389,ONT,SMF
2001-02-22 16:30:00,2,189,DAL,AUS
2001-01-12 21:13:00,159,345,LAS,RNO
2001-01-26 15:30:00,41,325,BUR,OAK
2001-02-16 10:12:00,38,223,MCI,TUL
2001-02-15 06:25:00,-10,328,ABQ,PHX
2001-01-05 10:15:00,-2,187,HOU,CRP
2001-02-16 07:57:00,20,187,HOU,CRP
2001-01-22 14:55:00,0,758,BNA,PBI
2001-03-16 16:52:00,10,1552,MCO,ABQ
2001-02-22 11:44:00,0,405,MDW,MCI
2001-03-24 19:55:00,-20,515,IND,BWI
2001-03-09 07:25:00,2,294,MAF,AUS
2001-02-20 10:10:00,2,569,PDX,SJC
2001-02-16 09:35:00,25,303,MSY,HOU
2001-02-23 07:55:00,5,283,BWI,BDL
2001-03-06 14:25:00,29,373,SMF,LAX
2001-02-25 08:44:00,9,446,SAN,OAK
2001-03-10 09:10:00,-6,371,OAK,SNA
2001-02-16 10:08:00,12,197,LAS,ONT
2001-03-15 17:20:00,28,342,SJC,SNA
2001-02-21 11:15:00,-5,666,MDW,JAN
2001-03-08 10:35:00,-9,543,OAK,PDX
2001-02-10 07:45:00,24,803,BNA,ISP
2001-02-25 14:22:00,18,480,SMF,SAN
2001-03-06 16:25:00,34,220,ISP,BWI
2001-03-30 08:00:00,42,1497,TPA,ABQ
2001-01-09 13:10:00,5,178,MCO,FLL
2001-03-21 15:40:00,12,377,MHT,BWI
2001-02-16 17:26:00,5,515,BWI,IND
2001-01-26 14:08:00,14,368,SLC,LAS
2001-02-26 18:04:00,0,1521,LAS,MDW
2001-01-02 21:45:00,-6,293,DAL,LBB
2001-02-06 10:35:00,23,802,CMH,MCO
2001-01-13 19:08:00,3,663,JAX,BWI
2001-03-01 12:25:00,-3,714,ELP,LAX
2001-01-30 07:00:00,0,304,PHX,SAN
2001-02-27 19:50:00,7,236,LAX,LAS
2001-01-29 23:13:00,96,337,LAX,OAK
2001-02-23 11:05:00,21,564,RNO,SEA
2001-02-16 11:30:00,6,934,ABQ,STL
2001-02-26 16:15:00,-9,197,TPA,FLL
2001-03-18 20:30:00,2,303,MSY,HOU
2001-01-01 09:45:00,-5,1479,MCI,SJC
2001-01-02 16:00:00,3,371,OAK,SNA
2001-02-23 08:08:00,0,367,SAN,TUS
2001-02-21 19:00:00,-6,239,DAL,HOU
2001-03-06 14:30:00,-13,687,STL,HOU
2001-03-18 16:30:00,24,239,DAL,HOU
2001-03-05 12:15:00,0,361,ONT,OAK
2001-02-12 08:20:00,0,180,TPA,JAX
2001-03-30 16:15:00,-7,303,HOU,MSY
2001-03-08 18:05:00,-28,1162,AUS,RDU
2001-03-05 06:45:00,-3,319,MAF,DAL
2001-01-29 07:15:00,10,967,BWI,MCI
2001-01-05 16:05:00,-7,833,OKC,PHX
2001-01-24 12:20:00,-20,1034,TPA,ISP
2001-02-01 07:00:00,-2,361,ONT,OAK
2001-02-13 12:25:00,-3,935,PHX,TUL
2001-01-08 08:13:00,8,337,LAX,OAK
2001-01-10 09:34:00,86,325,OAK,BUR
2001-03-08 14:05:00,-1,254,SDF,STL
2001-02-21 11:15:00,-20,1073,MCO,ALB
2001-03-29 21:25:00,13,833,PHX,OKC
2001-03-26 06:45:00,0,178,MCO,FLL
2001-01-16 18:43:00,146,389,SMF,ONT
2001-01-02 08:05:00,-5,822,SAT,BNA
2001-02-04 17:00:00,-10,365,BHM,JAX
2001-02-25 17:10:00,17,333,SJC,ONT
2001-03-02 07:00:00,0,1140,LAS,MCI
2001-01-13 19:20:00,-3,612,BNA,TPA
2001-03-10 11:05:00,-2,611,BWI,MDW
2001-03-23 09:58:00,12,371,SNA,OAK
2001-02-13 07:10:00,-10,866,SEA,LAS
2001-01-24 18:45:00,-5,852,BNA,BDL
2001-01-21 20:55:00,0,229,DTW,MDW
2001-02-05 15:00:00,-7,487,LAS,ABQ
2001-02-11 19:55:00,25,236,LAX,LAS
2001-01-15 18:20:00,-8,192,SAT,HOU
2001-01-24 14:47:00,19,236,LAS,LAX
2001-02-01 13:16:00,2,328,ABQ,PHX
2001-03-01 17:35:00,-4,318,FLL,JAX
2001-01-21 09:35:00,5,303,MSY,HOU
2001-02-16 11:12:00,48,296,LIT,DAL
2001-02-09 12:55:00,0,1069,SAT,LAS
2001-03-25 19:40:00,-4,276,HRL,HOU
2001-02-19 07:20:00,0,325,PHX,ONT
2001-01-11 08:40:00,-10,1142,MHT,MCO
2001-01-30 09:35:00,-2,371,SNA,OAK
2001-01-24 21:19:00,15,371,SNA,OAK
2001-01-03 15:55:00,1,495,SDF,BWI
2001-01-10 18:59:00,119,337,LAX,OAK
2001-03-19 16:45:00,1,647,PHX,SMF
2001-03-18 07:30:00,-10,410,BHM,STL
2001-03-06 11:57:00,24,457,DTW,BNA
2001-01-30 06:37:00,20,288,ALB,BWI
2001-02-24 16:20:00,-21,1072,MCO,MCI
2001-03-12 08:10:00,0,197,ONT,LAS
2001-03-14 13:57:00,1,611,MDW,BWI
2001-02-21 19:05:00,-3,251,STL,MDW
2001-02-28 20:04:00,146,368,SLC,LAS
2001-01-05 09:46:00,2,1137,PVD,TPA
2001-01-11 16:05:00,-7,570,BHM,HOU
2001-01-09 09:05:00,-17,687,STL,HOU
2001-02-17 16:45:00,20,361,ONT,OAK
2001-01-31 16:40:00,12,308,LAX,SJC
2001-01-01 10:15:00,12,1040,MCO,SAT
2001-03-25 19:50:00,-3,333,SJC,ONT
2001-03-31 15:50:00,-5,319,DAL,MAF
2001-03-07 20:18:00,13,437,DAL,MSY
2001-01-24 11:05:00,-6,1050,BDL,MCO
2001-01-06 08:30:00,-10,236,LAS,LAX
2001-01-01 13:08:00,9,370,LAX,PHX
2001-03-31 19:15:00,-3,303,MSY,HOU
2001-03-31 19:30:00,-5,616,BNA,MCO
2001-02-10 17:45:00,-6,491,MCI,BNA
2001-03-05 13:00:00,2,647,SMF,PHX
2001-02-21 18:25:00,0,666,HOU,MCI
2001-02-01 18:25:00,-5,666,HOU,MCI
2001-03-23 14:54:00,7,345,LAS,RNO
2001-02-16 13:44:00,11,337,OAK,LAX
2001-01-24 07:40:00,8,718,MCI,ABQ
2001-03-21 21:45:00,-10,223,BUR,LAS
2001-01-29 08:40:00,-3,180,RNO,OAK
2001-01-06 07:15:00,-3,318,FLL,JAX
2001-03-08 11:05:00,0,925,BWI,FLL
2001-03-13 06:35:00,-5,671,SEA,OAK
2001-02-01 08:08:00,7,288,BWI,ALB
2001-01-06 13:40:00,-13,462,OKC,STL
2001-01-15 21:32:00,10,281,BWI,BUF
2001-03-24 16:15:00,-2,448,CLE,BNA
2001-01-19 18:39:00,15,447,SAN,SFO
2001-03-06 17:09:00,17,220,BWI,ISP
2001-01-22 12:25:00,-22,935,PHX,TUL
2001-03-15 18:00:00,5,361,OAK,ONT
2001-02-22 19:49:00,66,345,LAS,RNO
2001-01-21 19:10:00,-5,444,PDX,RNO
2001-02-22 14:30:00,3,239,HOU,DAL
2001-01-17 07:30:00,39,248,DAL,SAT
2001-03-15 08:45:00,3,321,BHM,MSY
2001-03-26 17:00:00,-6,495,SDF,BWI
2001-03-28 15:10:00,-12,1670,ABQ,BWI
2001-02-06 10:30:00,3,237,TUL,DAL
2001-01-03 08:35:00,12,223,LAS,BUR
2001-02-10 07:05:00,0,546,GEG,SLC
2001-01-17 22:15:00,-5,528,AUS,ELP
2001-03-06 09:30:00,3,283,BWI,BDL
2001-03-07 10:45:00,-10,758,BNA,PBI
2001-02-05 07:00:00,-4,239,HOU,DAL
2001-01-05 10:40:00,-5,1180,ABQ,SEA
2001-03-28 21:10:00,0,677,ELP,HOU
2001-02-11 13:20:00,-10,737,STL,BWI
2001-01-15 10:00:00,7,337,LAX,OAK
2001-01-24 15:20:00,5,1262,STL,PHX
2001-02-24 20:50:00,9,677,HOU,ELP
2001-02-27 11:20:00,-11,178,MCO,FLL
2001-02-03 20:25:00,-10,303,MSY,HOU
2001-03-01 16:20:00,-10,236,LAS,LAX
2001-01-07 18:20:00,-5,405,MCI,MDW
2001-03-09 12:20:00,-2,296,SJC,BUR
2001-03-19 13:25:00,32,478,BHM,MCO
2001-02-05 08:45:00,-9,217,DAL,IAH
2001-03-25 13:55:00,-2,256,PHX,LAS
2001-01-28 18:55:00,-4,405,MCI,MDW
2001-02-01 16:15:00,-1,319,MAF,DAL
2001-02-26 07:40:00,0,347,ELP,PHX
2001-03-25 18:25:00,0,256,PHX,LAS
2001-02-20 16:05:00,1,337,LAX,OAK
2001-03-15 13:42:00,-5,293,LBB,DAL
2001-02-01 17:12:00,3,192,SAT,HOU
2001-02-04 12:15:00,25,229,MDW,DTW
2001-03-06 16:50:00,48,358,BUR,SMF
2001-01-14 15:50:00,2,321,TUS,ABQ
2001-01-31 20:45:00,-3,417,SJC,SAN
2001-02-08 06:30:00,-12,495,BWI,SDF
2001-01-26 16:11:00,67,337,LAX,OAK
2001-01-26 22:08:00,74,197,LAS,ONT
2001-01-04 09:45:00,9,325,OAK,BUR
2001-03-17 17:44:00,28,174,PBI,TPA
2001-01-16 20:20:00,42,365,TUS,LAS
2001-02-21 20:25:00,34,546,SLC,GEG
2001-01-28 14:15:00,-13,1751,SAN,BNA
2001-01-01 07:05:00,-10,443,RDU,BNA
2001-02-26 11:43:00,11,148,HOU,AUS
2001-01-20 09:10:00,0,487,MSY,TPA
2001-03-19 14:55:00,-2,279,GEG,PDX
2001-01-17 14:53:00,8,271,SDF,MDW
2001-02-12 16:30:00,165,689,SLC,SEA
2001-01-24 20:30:00,-13,663,BWI,JAX
2001-01-31 11:58:00,14,1156,SLC,STL
2001-01-23 12:05:00,-11,1235,HOU,LAS
2001-01-26 10:40:00,4,345,RNO,LAS
2001-03-23 20:13:00,21,303,HOU,MSY
2001-02-20 06:45:00,-5,319,MAF,DAL
2001-02-15 06:30:00,-8,543,OAK,PDX
2001-02-01 06:20:00,-6,651,SFO,PHX
2001-01-09 14:25:00,-10,177,BNA,BHM
2001-03-14 12:45:00,32,192,SAT,HOU
2001-01-10 06:25:00,0,689,SLC,SEA
2001-01-12 11:20:00,-8,217,DAL,IAH
2001-03-07 06:35:00,-15,1246,HOU,BWI
2001-01-14 15:54:00,5,223,LAS,BUR
2001-03-03 19:35:00,2,365,TUS,LAS
2001-01-18 09:07:00,-4,256,PHX,LAS
2001-02-27 21:05:00,10,361,OAK,ONT
2001-03-04 12:15:00,18,337,LAX,OAK
2001-02-01 13:50:00,16,1363,LAX,MCI
2001-01-16 16:00:00,-5,580,ABQ,DAL
2001-03-01 18:50:00,14,1235,HOU,LAS
2001-03-13 10:12:00,-13,1140,MCI,LAS
2001-01-22 19:45:00,-5,258,SAN,LAS
2001-03-10 17:20:00,-6,296,STL,LIT
2001-03-15 14:15:00,2,1048,TPA,MCI
2001-03-16 18:35:00,3,239,DAL,HOU
2001-03-30 16:10:00,0,446,OAK,SAN
2001-02-11 09:38:00,32,1751,BNA,ONT
2001-03-11 12:20:00,8,258,SAN,LAS
2001-01-18 12:10:00,-3,872,AUS,PHX
2001-01-19 11:25:00,0,303,HOU,MSY
2001-03-02 18:16:00,-5,256,PHX,LAS
2001-02-22 16:10:00,34,611,MDW,BWI
2001-02-01 13:12:00,10,189,DAL,AUS
2001-03-06 16:20:00,3,248,DAL,SAT
2001-01-24 07:00:00,7,256,PHX,LAS
2001-03-16 14:45:00,16,1262,PHX,STL
2001-01-10 09:44:00,9,371,SNA,OAK
2001-02-22 19:30:00,-2,368,SLC,LAS
2001-02-17 14:30:00,18,371,SNA,OAK
2001-01-22 18:30:00,-4,220,ISP,BWI
2001-01-21 15:32:00,15,377,BWI,MHT
2001-03-30 16:10:00,20,328,PHX,ABQ
2001-02-10 14:38:00,6,256,PHX,LAS
2001-03-27 12:50:00,-6,1301,PHX,MSY
2001-02-26 21:45:00,-5,229,STL,IND
2001-03-16 18:10:00,34,787,BWI,MCO
2001-03-12 11:05:00,-5,223,TUL,MCI
2001-03-13 11:00:00,5,405,MDW,MCI
2001-03-05 11:25:00,-8,177,BHM,BNA
2001-01-21 17:17:00,20,447,SFO,SAN
2001-03-16 17:35:00,0,318,FLL,JAX
2001-02-12 20:31:00,36,1234,MCI,PVD
2001-02-09 06:15:00,-1,197,FLL,TPA
2001-02-11 15:30:00,19,248,DAL,SAT
2001-03-15 10:20:00,4,1552,ABQ,MCO
2001-03-10 09:50:00,0,1501,MSY,LAS
2001-03-06 16:00:00,-2,251,MDW,STL
2001-01-29 14:16:00,51,318,FLL,JAX
2001-02-23 14:05:00,-3,1166,MDW,FLL
2001-01-24 18:12:00,11,765,MDW,ISP
2001-01-18 06:30:00,2,304,SAN,PHX
2001-03-20 19:30:00,-5,328,PVD,BWI
2001-01-01 16:18:00,31,303,HOU,MSY
2001-01-03 11:50:00,4,1671,LAX,MSY
2001-01-13 07:40:00,5,1591,IND,LAS
2001-03-23 19:55:00,10,1020,PHX,HOU
2001-01-03 11:17:00,14,369,BUR,PHX
2001-03-23 12:25:00,-15,569,SJC,PDX
2001-03-03 09:25:00,5,515,BWI,IND
2001-03-29 13:10:00,-2,446,SAN,OAK
2001-02-11 19:55:00,30,361,OAK,ONT
2001-02-04 18:50:00,-6,422,SLC,RNO
2001-03-29 09:20:00,0,687,HOU,STL
2001-01-14 20:30:00,-1,188,RNO,SJC
2001-03-11 14:39:00,10,258,LAS,SAN
2001-03-13 20:35:00,-20,281,BUF,BWI
2001-02-25 17:50:00,0,321,MSY,BHM
2001-03-24 09:35:00,0,1262,PHX,STL
2001-03-14 15:45:00,51,687,STL,HOU
2001-03-19 06:45:00,0,296,SJC,BUR
2001-03-09 12:35:00,-3,587,RDU,TPA
2001-02-20 19:55:00,-5,377,MHT,BWI
2001-02-23 20:58:00,23,663,BWI,JAX
2001-02-28 16:15:00,-2,174,TPA,PBI
2001-02-20 20:17:00,8,256,LAS,PHX
2001-01-03 15:29:00,21,1670,ABQ,BWI
2001-02-21 18:15:00,5,223,ELP,ABQ
2001-03-12 08:45:00,-25,889,ABQ,OAK
2001-03-29 17:15:00,0,405,MCI,MDW
2001-01-08 18:30:00,-7,569,PDX,SJC
2001-02-23 15:55:00,14,479,SMF,PDX
2001-03-02 21:30:00,5,239,DAL,HOU
2001-01-07 14:46:00,14,307,CLE,MDW
2001-01-18 08:45:00,-2,217,DAL,IAH
2001-02-10 16:30:00,2,236,LAS,LAX
2001-01-14 20:59:00,38,671,OAK,SEA
2001-03-30 21:24:00,5,666,MCI,HOU
2001-01-30 06:25:00,7,271,MDW,SDF
2001-03-14 08:15:00,2,223,TUL,MCI
2001-03-19 15:30:00,0,239,HOU,DAL
2001-03-29 19:50:00,10,258,SAN,LAS
2001-02-18 07:20:00,5,762,PDX,LAS
2001-01-25 14:55:00,3,229,IND,STL
2001-01-03 17:50:00,40,313,OKC,MCI
2001-03-09 08:30:00,0,370,LAX,PHX
2001-03-22 08:45:00,-18,670,BNA,HOU
2001-03-09 22:30:00,40,417,SJC,SAN
2001-01-02 12:31:00,21,446,SAN,OAK
2001-02-16 10:05:00,9,181,OKC,DAL
2001-01-26 09:30:00,-5,670,HOU,BNA
2001-03-23 11:20:00,-6,487,MSY,TPA
2001-02-26 13:40:00,70,370,LAX,PHX
2001-02-15 08:50:00,2,236,LAX,LAS
2001-02-01 20:20:00,-15,1044,MCI,PHX
2001-03-07 07:35:00,-6,294,AUS,MAF
2001-01-20 14:50:00,-3,189,AUS,DAL
2001-03-18 14:55:00,-10,437,MSY,DAL
2001-01-18 09:55:00,-7,462,OKC,STL
2001-03-18 18:25:00,5,192,SAT,HOU
2001-02-18 17:54:00,33,671,OAK,SEA
2001-02-04 17:19:00,4,284,MDW,CMH
2001-01-28 17:24:00,7,480,SAN,SMF
2001-01-22 15:55:00,-8,189,AUS,DAL
2001-02-09 16:18:00,59,671,OAK,SEA
2001-02-11 23:50:00,-8,405,MCI,MDW
2001-01-31 20:50:00,-12,670,HOU,BNA
2001-01-11 20:48:00,110,361,OAK,ONT
2001-01-29 07:40:00,-8,248,SAT,DAL
2001-01-24 15:05:00,0,284,CMH,MDW
2001-03-25 07:30:00,-13,251,MDW,STL
2001-01-06 17:00:00,50,258,SAN,LAS
2001-03-22 18:15:00,-6,192,SAT,HOU
2001-03-12 14:15:00,-20,1342,AUS,BWI
2001-01-27 07:15:00,-15,515,IND,BWI
2001-01-06 12:15:00,-6,446,SAN,OAK
2001-02-21 21:15:00,4,255,BWI,RDU
2001-03-19 17:10:00,-3,307,MDW,CLE
2001-01-03 16:43:00,22,833,OKC,PHX
2001-01-25 16:27:00,9,687,STL,HOU
2001-02-19 20:40:00,-5,321,BHM,MSY
2001-03-05 09:50:00,1,325,ONT,PHX
2001-03-27 17:30:00,45,324,DAL,AMA
2001-02-06 17:43:00,8,407,LAS,OAK
2001-02-21 10:26:00,-5,1521,LAS,MDW
2001-02-04 07:55:00,-7,507,PHX,SLC
2001-02-05 11:50:00,-3,423,OMA,MDW
2001-02-15 19:46:00,23,1090,LAS,AUS
2001-02-07 07:45:00,13,368,SLC,LAS
2001-02-14 10:25:00,-7,889,OAK,ABQ
2001-01-01 12:35:00,-2,636,SAN,ELP
2001-02-03 13:39:00,14,758,PBI,BNA
2001-02-04 12:45:00,5,248,DAL,SAT
2001-02-01 10:40:00,0,108,ISP,PVD
2001-01-13 17:40:00,-12,765,MDW,ISP
2001-03-28 13:30:00,-4,324,AMA,DAL
2001-01-02 12:20:00,12,611,MDW,BWI
2001-02-09 07:35:00,5,325,BUR,OAK
2001-02-15 08:25:00,4,677,LAX,ABQ
2001-03-20 18:32:00,30,369,BUR,PHX
2001-02-12 06:25:00,8,480,SMF,SAN
2001-02-18 21:45:00,-5,223,BUR,LAS
2001-02-03 08:03:00,0,2298,BDL,LAS
2001-03-26 15:10:00,-7,342,SNA,SJC
2001-01-13 17:55:00,5,328,ABQ,PHX
2001-03-16 20:55:00,10,550,MCO,MSY
2001-01-10 10:25:00,6,1099,LAS,OMA
2001-01-14 13:20:00,5,756,BNA,AUS
2001-01-21 14:20:00,-6,580,ABQ,DAL
2001-02-22 08:28:00,0,842,MDW,PVD
2001-01-02 17:30:00,0,178,FLL,MCO
2001-01-06 07:05:00,-5,1506,SDF,PHX
2001-03-10 13:45:00,5,293,LBB,DAL
2001-02-04 16:17:00,11,833,PHX,OKC
2001-03-05 11:40:00,-9,237,TUL,DAL
2001-01-18 19:35:00,-1,373,LAX,SMF
2001-03-29 20:30:00,0,373,SMF,LAX
2001-03-07 07:00:00,2,407,OAK,LAS
2001-02-24 13:35:00,-4,689,SLC,SEA
2001-01-11 07:32:00,-3,239,DAL,HOU
2001-01-11 07:55:00,0,220,ISP,BWI
2001-02-24 09:45:00,-7,303,HOU,MSY
2001-01-01 09:00:00,-5,236,LAS,LAX
2001-03-08 08:40:00,2,229,DTW,MDW
2001-01-19 19:18:00,-5,444,PDX,RNO
2001-03-24 17:08:00,15,223,LAS,BUR
2001-03-20 13:25:00,-2,487,MSY,TPA
2001-01-18 14:40:00,-4,325,OAK,BUR
2001-02-20 10:17:00,34,513,MSY,JAX
2001-03-19 14:10:00,-1,423,OMA,MDW
2001-02-18 15:00:00,38,405,MDW,MCI
2001-03-10 07:05:00,25,601,RNO,PHX
2001-03-30 06:15:00,-11,373,LAX,SMF
2001-01-08 17:15:00,-8,239,HOU,DAL
2001-03-21 16:32:00,-3,344,BOI,PDX
2001-03-06 21:07:00,8,328,PHX,ABQ
2001-02-05 06:45:00,-8,1959,OAK,BNA
2001-02-02 16:17:00,13,276,HRL,HOU
2001-02-11 08:55:00,-20,1111,TPA,BDL
2001-01-23 14:20:00,-5,621,PHX,SJC
2001-03-10 19:10:00,-4,255,BWI,RDU
2001-02-28 16:27:00,34,446,SAN,OAK
2001-03-03 09:30:00,43,390,RNO,LAX
2001-01-04 08:50:00,0,484,BNA,JAX
2001-03-20 09:10:00,-3,440,DTW,STL
2001-02-22 20:40:00,5,304,PHX,SAN
2001-02-17 06:30:00,-15,487,TPA,MSY
2001-01-19 18:28:00,15,229,DTW,MDW
2001-03-26 14:30:00,-7,239,DAL,HOU
2001-01-06 06:30:00,-10,487,TPA,MSY
2001-03-16 15:33:00,28,276,HRL,HOU
2001-03-23 12:25:00,-10,935,PHX,TUL
2001-01-05 16:15:00,0,397,LAS,SMF
2001-01-24 11:10:00,-7,321,MSY,BHM
2001-02-08 21:50:00,-11,687,HOU,STL
2001-02-26 15:35:00,28,293,LBB,DAL
2001-01-28 21:00:00,-5,328,BWI,PVD
2001-03-07 09:40:00,3,1137,PVD,TPA
2001-01-10 17:00:00,10,762,PDX,LAS
2001-03-07 21:00:00,8,612,BNA,TPA
2001-02-07 12:15:00,1,938,MHT,BNA
2001-02-09 06:50:00,7,229,MDW,DTW
2001-01-16 17:34:00,69,833,PHX,OKC
2001-02-17 17:15:00,-5,670,BNA,HOU
2001-03-30 07:55:00,-10,457,BNA,DTW
2001-01-12 22:55:00,150,564,RNO,SEA
2001-03-28 15:50:00,0,440,STL,DTW
2001-01-07 08:30:00,-8,239,HOU,DAL
2001-01-23 20:00:00,-3,239,HOU,DAL
2001-02-27 14:17:00,5,423,OMA,MDW
2001-03-06 06:25:00,-7,271,MDW,SDF
2001-01-29 06:15:00,15,395,MDW,BNA
2001-03-09 16:35:00,-12,912,LIT,BWI
2001-03-19 15:10:00,0,303,HOU,MSY
2001-02-13 19:00:00,-9,441,MAF,HOU
2001-03-18 08:06:00,-3,337,LAX,OAK
2001-03-08 14:40:00,3,1246,HOU,BWI
2001-01-03 06:20:00,2,491,BNA,MCI
2001-02-04 21:03:00,32,1262,PHX,STL
2001-02-22 22:09:00,54,447,SAN,SFO
2001-02-18 11:05:00,-11,1342,BWI,AUS
2001-03-22 17:51:00,5,407,OAK,LAS
2001-01-24 14:05:00,-5,303,MSY,HOU
2001-01-11 17:25:00,-5,283,BDL,BWI
2001-02-15 12:45:00,10,1137,PVD,TPA
2001-03-31 11:10:00,-1,237,DAL,TUL
2001-02-27 16:19:00,92,919,MCI,SLC
2001-01-18 08:52:00,-2,1624,LAS,SDF
2001-01-26 10:30:00,-5,281,BWI,BUF
2001-03-07 18:32:00,92,628,SAN,ABQ
2001-03-31 17:25:00,0,1121,ABQ,MDW
2001-01-07 07:05:00,-8,967,MCI,BWI
2001-02-05 20:40:00,-10,307,MDW,CLE
2001-03-08 16:05:00,3,318,JAX,FLL
2001-03-05 19:35:00,-5,313,OKC,MCI
2001-01-23 10:20:00,-13,833,PHX,OKC
2001-03-18 15:20:00,10,296,LIT,DAL
2001-03-12 17:50:00,-4,148,AUS,HOU
2001-01-04 12:30:00,-5,239,DAL,HOU
2001-01-31 07:20:00,-5,451,LAX,TUS
2001-03-12 19:10:00,-3,390,RNO,LAX
2001-01-15 20:00:00,0,256,LAS,PHX
2001-03-16 21:09:00,54,304,SAN,PHX
2001-01-15 16:20:00,0,1072,MCO,MCI
2001-03-02 16:50:00,-5,377,BWI,MHT
2001-02-26 22:28:00,115,223,LAS,BUR
2001-03-03 15:20:00,-5,515,IND,BWI
2001-03-25 17:27:00,16,236,LAX,LAS
2001-01-04 19:40:00,-5,347,PHX,ELP
2001-03-24 14:05:00,2,361,OAK,ONT
2001-02-10 13:25:00,-6,448,BNA,CLE
2001-01-21 10:35:00,-2,325,ONT,PHX
2001-01-14 21:20:00,-19,737,STL,BWI
2001-01-29 09:15:00,-15,2106,LAS,BWI
2001-02-25 07:00:00,-10,256,LAS,PHX
2001-03-14 21:17:00,53,303,HOU,MSY
2001-03-11 21:00:00,61,236,LAS,LAX
2001-01-09 05:35:00,-10,236,LAS,LAX
2001-03-19 17:45:00,-16,251,STL,MDW
2001-01-16 14:00:00,5,453,TUL,HOU
2001-01-14 09:00:00,-10,1034,ISP,TPA
2001-01-10 21:00:00,18,276,HRL,HOU
2001-02-03 13:50:00,3,907,PVD,BNA
2001-03-11 13:07:00,25,333,ONT,SJC
2001-03-14 21:10:00,4,677,ABQ,LAX
2001-01-24 13:50:00,-3,611,MDW,BWI
2001-02-05 13:29:00,20,361,ONT,OAK
2001-02-22 18:35:00,-7,1591,LAS,IND
2001-01-31 15:45:00,5,256,PHX,LAS
2001-01-31 20:35:00,-3,296,BUR,SJC
2001-02-26 18:50:00,-5,314,BWI,CLE
2001-03-18 08:10:00,-14,389,SMF,ONT
2001-03-23 09:40:00,0,248,SAT,DAL
2001-02-21 20:40:00,-7,307,MDW,CLE
2001-02-06 10:10:00,14,611,BWI,MDW
2001-03-09 19:45:00,51,611,BWI,MDW
2001-01-15 06:30:00,12,251,MDW,STL
2001-03-03 16:00:00,-11,251,MDW,STL
2001-02-15 07:00:00,-13,236,LAS,LAX
2001-03-29 09:45:00,0,148,AUS,HOU
2001-02-17 19:30:00,-7,967,MCI,BWI
2001-03-26 10:52:00,1,258,SAN,LAS
2001-01-02 18:15:00,-1,251,STL,MDW
2001-02-08 19:34:00,62,233,SAT,HRL
2001-03-27 10:09:00,9,630,SLC,PDX
2001-01-06 10:20:00,-6,389,ONT,SMF
2001-02-15 10:26:00,16,236,LAS,LAX
2001-03-26 09:15:00,-5,308,LAX,SJC
2001-02-16 16:06:00,184,478,BHM,MCO
2001-01-03 08:20:00,-10,588,BWI,BNA
2001-01-02 21:51:00,15,447,SAN,SFO
2001-01-19 21:27:00,5,197,ONT,LAS
2001-03-12 12:00:00,-2,361,ONT,OAK
2001-01-12 19:55:00,167,520,LAS,BOI
2001-03-02 15:25:00,11,605,SEA,SMF
2001-01-18 16:50:00,55,1448,PHX,BNA
2001-03-10 14:55:00,12,1073,MCO,PVD
2001-02-21 10:20:00,-5,833,PHX,OKC
2001-03-09 09:10:00,-11,628,SAN,ABQ
2001-02-23 06:25:00,0,399,SEA,BOI
2001-02-11 14:20:00,0,217,IAH,DAL
2001-03-07 22:07:00,120,142,MCO,PBI
2001-01-31 06:55:00,0,1481,PDX,MCI
2001-03-15 09:50:00,-11,1588,LAS,BNA
2001-01-11 11:50:00,-1,220,BWI,ISP
2001-03-29 08:10:00,-1,587,MCO,JAN
2001-01-12 23:10:00,172,453,HOU,TUL
2001-02-20 16:55:00,6,417,SAN,SJC
2001-03-24 12:15:00,3,251,STL,MDW
2001-02-11 11:10:00,8,341,LBB,AUS
2001-03-12 09:50:00,-5,289,ABQ,LBB
2001-03-02 13:30:00,7,307,MDW,CLE
2001-01-01 18:45:00,26,605,SMF,SEA
2001-02-04 17:05:00,72,588,BWI,BNA
2001-03-15 20:24:00,28,437,MSY,DAL
2001-03-25 13:00:00,-1,189,DAL,AUS
2001-03-18 16:50:00,44,258,LAS,SAN
2001-02-05 06:30:00,-5,239,DAL,HOU
2001-02-19 14:28:00,22,1107,PHX,SEA
2001-03-04 07:45:00,30,487,TPA,MSY
2001-03-30 21:50:00,32,187,HOU,CRP
2001-01-25 09:40:00,-10,462,OKC,STL
2001-02-15 11:25:00,6,187,CRP,HOU
2001-03-09 15:10:00,0,888,BWI,JAN
2001-02-21 08:00:00,2,1140,MCI,LAS
2001-03-08 20:25:00,-5,162,MDW,IND
2001-03-19 21:15:00,-6,373,SMF,LAX
2001-01-08 19:45:00,-15,495,BWI,SDF
2001-03-05 16:50:00,-12,293,DAL,LBB
2001-03-28 17:40:00,8,361,ONT,OAK
2001-01-05 14:55:00,-4,229,IND,STL
2001-03-17 10:25:00,-8,288,ALB,BWI
2001-01-26 18:53:00,32,192,HOU,SAT
2001-02-21 11:45:00,30,325,OAK,BUR
2001-02-25 11:31:00,2,405,MCI,MDW
2001-03-23 17:10:00,-2,307,MDW,CLE
2001-01-14 21:55:00,10,1235,HOU,LAS
2001-03-25 11:05:00,27,296,STL,LIT
2001-02-20 16:35:00,25,487,TPA,MSY
2001-03-17 14:30:00,9,616,BNA,MCO
2001-01-04 18:40:00,4,838,MHT,MDW
2001-02-10 15:45:00,-11,495,SDF,BWI
2001-01-23 07:00:00,6,588,SLC,OAK
2001-01-05 17:45:00,0,410,CMH,STL
2001-02-10 13:50:00,47,337,LAX,OAK
2001-02-24 10:20:00,-3,359,JAN,HOU
2001-01-06 11:20:00,-14,1363,MCI,LAX
2001-02-28 14:25:00,-5,358,SMF,BUR
2001-03-25 12:36:00,10,423,MDW,OMA
2001-02-17 11:45:00,8,584,LAS,ELP
2001-01-09 18:10:00,0,197,LAS,ONT
2001-01-17 15:30:00,0,796,MAF,LAS
2001-03-11 14:27:00,0,570,BHM,MDW
2001-02-15 22:10:00,44,487,TPA,MSY
2001-01-16 13:25:00,3,1137,TPA,PVD
2001-01-19 10:55:00,-1,223,BUR,LAS
2001-01-28 18:25:00,-13,1442,MCI,SMF
2001-03-13 19:20:00,85,1076,LAS,TUL
2001-02-12 12:40:00,3,480,SAN,SMF
2001-03-31 12:35:00,-3,570,HOU,BHM
2001-02-06 20:00:00,47,180,OAK,RNO
2001-01-22 07:15:00,13,395,MDW,BNA
2001-01-05 21:40:00,64,251,MDW,STL
2001-01-22 13:45:00,-2,303,HOU,MSY
2001-01-31 18:00:00,0,239,DAL,HOU
2001-02-22 17:58:00,11,223,ABQ,ELP
2001-01-02 14:37:00,8,255,RDU,BWI
2001-02-13 10:25:00,17,605,SEA,SMF
2001-03-30 07:00:00,-6,296,BUR,SJC
2001-02-01 07:45:00,-12,793,FLL,BNA
2001-02-07 14:00:00,-8,337,OAK,LAX
2001-02-26 06:30:00,-1,148,AUS,HOU
2001-01-01 14:40:00,0,304,SAN,PHX
2001-01-31 18:35:00,-5,254,STL,SDF
2001-01-03 14:43:00,57,588,BWI,BNA
2001-03-31 19:31:00,24,296,SJC,BUR
2001-03-07 18:00:00,7,248,SAT,DAL
2001-02-20 14:18:00,36,368,LAS,SLC
2001-03-14 11:35:00,2,325,PHX,ONT
2001-02-28 19:13:00,45,405,MCI,MDW
2001-03-29 18:10:00,3,389,SMF,ONT
2001-03-17 08:30:00,11,335,RNO,BOI
2001-01-26 13:08:00,-3,283,BDL,BWI
2001-01-16 06:55:00,-5,342,SJC,SNA
2001-02-03 16:10:00,-20,1363,MCI,LAX
2001-01-25 19:15:00,38,239,DAL,HOU
2001-03-16 10:10:00,15,237,MCI,STL
2001-01-14 13:10:00,43,395,MDW,BNA
2001-03-06 16:10:00,-1,1363,MCI,LAX
2001-01-04 11:04:00,-3,787,BWI,MCO
2001-01-31 12:15:00,3,718,ABQ,MCI
2001-01-28 17:25:00,2,520,LAS,BOI
2001-01-15 07:05:00,10,612,TPA,BNA
2001-03-16 07:05:00,-7,546,GEG,SLC
2001-02-06 18:45:00,8,197,ONT,LAS
2001-03-19 13:05:00,-1,1069,SAT,LAS
2001-01-11 14:45:00,6,276,HOU,HRL
2001-01-31 18:08:00,37,279,PDX,GEG
2001-02-26 20:25:00,47,303,HOU,MSY
2001-01-05 19:47:00,19,612,BNA,TPA
2001-03-05 10:30:00,-5,239,DAL,HOU
2001-03-08 10:55:00,25,328,PHX,ABQ
2001-01-27 18:27:00,27,239,DAL,HOU
2001-03-01 16:15:00,6,448,CLE,BNA
2001-03-07 06:30:00,-7,351,TUL,STL
2001-01-18 17:30:00,0,220,ISP,BWI
2001-01-22 16:00:00,5,370,PHX,LAX
2001-02-07 14:15:00,7,304,PHX,SAN
2001-01-25 14:51:00,34,621,PHX,SJC
2001-02-17 10:45:00,51,1671,DTW,PHX
2001-02-17 14:30:00,16,423,OMA,MDW
2001-01-15 19:12:00,30,569,PDX,SJC
2001-02-02 09:00:00,-10,246,MAF,ELP
2001-03-08 16:35:00,-3,325,BUR,OAK
2001-03-18 11:00:00,-10,351,TUL,STL
2001-03-08 10:50:00,13,1044,PHX,MCI
2001-03-17 12:58:00,48,276,HRL,HOU
2001-01-04 09:05:00,-5,759,HOU,ABQ
2001-01-31 08:06:00,17,997,MDW,TPA
2001-02-20 22:43:00,-2,389,SMF,ONT
2001-01-19 12:40:00,117,925,BWI,FLL
2001-01-08 18:15:00,14,673,MSY,FLL
2001-03-04 15:24:00,22,229,IND,STL
2001-02-28 09:50:00,4,148,AUS,HOU
2001-02-04 09:50:00,-2,271,MDW,SDF
2001-02-20 12:00:00,-2,397,SMF,LAS
2001-01-22 14:55:00,-15,325,ONT,PHX
2001-01-13 08:55:00,-5,303,MSY,HOU
2001-01-31 21:30:00,2,407,OAK,LAS
2001-02-18 18:00:00,25,588,BNA,BWI
2001-02-13 07:30:00,-12,337,LAX,OAK
2001-02-09 21:42:00,53,328,PHX,ABQ
2001-02-13 12:06:00,51,248,SAT,DAL
2001-01-05 14:40:00,-10,1342,AUS,BWI
2001-03-17 06:39:00,4,487,TPA,MSY
2001-02-15 10:35:00,-24,1164,AUS,SAN
2001-01-22 19:50:00,-4,236,LAX,LAS
2001-01-24 09:05:00,-7,687,STL,HOU
2001-01-05 08:45:00,-5,1624,LAS,SDF
2001-03-15 13:25:00,11,478,BHM,MCO
2001-01-28 16:00:00,-2,162,MDW,IND
2001-01-21 18:35:00,-10,407,LAS,OAK
2001-03-06 16:55:00,0,258,SAN,LAS
2001-01-28 09:50:00,25,1363,MCI,LAX
2001-02-22 11:50:00,-10,181,OKC,DAL
2001-03-01 07:20:00,-15,325,PHX,ONT
2001-01-24 06:40:00,-9,197,ONT,LAS
2001-02-18 21:10:00,-17,677,ELP,HOU
2001-01-22 09:00:00,-4,389,SMF,ONT
2001-02-24 12:25:00,1,677,ELP,HOU
2001-03-16 13:25:00,0,1020,PHX,HOU
2001-03-17 08:35:00,-5,333,SJC,ONT
2001-03-06 07:00:00,0,370,LAX,PHX
2001-02-08 19:40:00,40,1166,FLL,MDW
2001-01-07 08:27:00,2,646,OAK,PHX
2001-02-13 12:20:00,0,174,PBI,TPA
2001-01-25 06:40:00,-5,590,SLC,LAX
2001-03-19 10:45:00,0,258,SAN,LAS
2001-01-19 16:40:00,-10,1235,LAS,HOU
2001-03-03 15:55:00,-8,189,AUS,DAL
2001-01-23 14:15:00,48,417,SAN,SJC
2001-01-09 09:50:00,-19,601,PHX,RNO
2001-02-11 21:50:00,2,236,LAX,LAS
2001-01-12 18:06:00,94,256,LAS,PHX
2001-02-09 11:27:00,9,448,CLE,BNA
2001-03-24 06:26:00,5,303,HOU,MSY
2001-02-12 14:59:00,8,251,MDW,STL
2001-03-29 08:05:00,0,325,BUR,OAK
2001-02-06 07:35:00,-7,271,MDW,SDF
2001-02-08 13:30:00,-5,174,TPA,PBI
2001-03-11 13:01:00,34,293,DAL,LBB
2001-03-16 19:40:00,14,180,OAK,RNO
2001-03-31 19:35:00,-15,365,TUS,LAS
2001-01-09 13:52:00,10,373,LAX,SMF
2001-02-21 10:24:00,25,256,LAS,PHX
2001-02-17 11:25:00,0,328,ABQ,PHX
2001-02-13 16:10:00,-18,989,MCO,MDW
2001-02-25 16:35:00,95,417,SAN,SJC
2001-01-09 17:53:00,20,904,MCI,RDU
2001-02-20 14:15:00,-23,1751,SAN,BNA
2001-01-04 11:25:00,0,197,FLL,TPA
2001-01-29 12:50:00,-15,562,ELP,DAL
2001-03-12 16:40:00,21,386,SJC,LAS
2001-02-16 13:48:00,55,276,HRL,HOU
2001-01-08 06:45:00,-5,605,SEA,SMF
2001-03-08 11:49:00,2,671,SEA,OAK
2001-02-06 16:20:00,-3,907,PVD,BNA
2001-01-04 20:25:00,0,938,BNA,MHT
2001-01-27 15:15:00,0,993,MCO,AUS
2001-03-18 19:20:00,39,324,DAL,AMA
2001-03-01 08:45:00,2,313,OKC,MCI
2001-02-13 18:30:00,9,448,BNA,CLE
2001-03-11 14:37:00,4,328,PHX,ABQ
2001-03-21 13:05:00,8,386,SJC,LAS
2001-01-07 16:20:00,12,258,SAN,LAS
2001-03-21 11:20:00,51,925,BWI,FLL
2001-01-26 20:46:00,100,373,SMF,LAX
2001-03-28 19:45:00,3,174,PBI,TPA
2001-01-30 14:00:00,5,462,OKC,STL
2001-02-23 15:47:00,21,369,BUR,PHX
2001-01-27 11:10:00,23,256,PHX,LAS
2001-03-31 08:45:00,-15,1099,OMA,LAS
2001-02-25 06:50:00,-3,938,MHT,BNA
2001-03-04 20:15:00,50,236,LAX,LAS
2001-03-29 11:40:00,-17,1489,IND,PHX
2001-01-17 09:00:00,3,480,SMF,SAN
2001-01-18 11:45:00,-5,443,BNA,RDU
2001-03-01 08:40:00,5,328,PHX,ABQ
2001-02-19 15:49:00,35,365,LAS,TUS
2001-01-17 21:30:00,25,237,DAL,TUL
2001-01-15 13:05:00,-6,180,TPA,JAX
2001-03-13 07:05:00,-2,325,BUR,OAK
2001-03-20 06:15:00,-8,333,ONT,SJC
2001-02-19 07:35:00,-5,345,RNO,LAS
2001-01-06 12:25:00,5,197,LAS,ONT
2001-02-20 19:55:00,-18,515,IND,BWI
2001-03-26 17:20:00,-7,345,RNO,LAS
2001-03-25 18:30:00,0,670,HOU,BNA
2001-02-08 18:30:00,18,148,HOU,AUS
2001-01-26 15:45:00,10,256,PHX,LAS
2001-02-13 07:00:00,4,528,ELP,AUS
2001-01-01 07:10:00,-31,1599,SAN,MSY
2001-02-01 09:15:00,-5,333,ONT,SJC
2001-02-15 16:20:00,19,303,MSY,HOU
2001-02-17 10:10:00,-7,417,SAN,SJC
2001-02-12 16:20:00,32,479,SMF,PDX
2001-01-29 16:30:00,-4,189,DAL,AUS
2001-01-22 17:00:00,-5,337,LAX,OAK
2001-01-09 21:20:00,-20,1140,MCI,LAS
2001-01-26 21:59:00,6,670,BNA,HOU
2001-01-04 20:50:00,2,345,RNO,LAS
2001-03-24 14:20:00,-6,621,PHX,SJC
2001-03-19 18:30:00,0,437,MSY,DAL
2001-02-08 18:10:00,-5,256,PHX,LAS
2001-01-11 15:46:00,58,337,LAX,OAK
2001-01-26 07:25:00,-7,281,BUF,BWI
2001-03-08 06:30:00,-2,308,LAX,SJC
2001-02-15 22:29:00,26,370,LAX,PHX
2001-03-20 18:45:00,5,1481,MCI,PDX
2001-01-22 21:25:00,-2,308,LAX,SJC
2001-01-31 20:15:00,-10,447,SFO,SAN
2001-01-30 19:54:00,-11,479,PDX,SMF
2001-01-13 18:35:00,-10,689,SEA,SLC
2001-02-15 17:40:00,9,328,PVD,BWI
2001-03-14 13:38:00,12,313,OKC,MCI
2001-01-31 18:40:00,-7,328,ABQ,PHX
2001-03-19 20:35:00,-10,446,SAN,OAK
2001-02-06 18:35:00,-2,377,MHT,BWI
2001-02-18 11:45:00,-8,670,HOU,BNA
2001-02-16 11:35:00,92,365,LAS,TUS
2001-03-29 14:34:00,7,223,MCI,TUL
2001-03-28 21:25:00,4,437,DAL,MSY
2001-02-23 18:58:00,33,460,BHM,TPA
2001-01-28 16:30:00,0,178,FLL,MCO
2001-01-21 20:50:00,-5,248,DAL,SAT
2001-01-06 16:25:00,0,1020,HOU,PHX
2001-03-20 10:40:00,-2,189,AUS,DAL
2001-03-21 08:45:00,-7,1142,MHT,MCO
2001-02-02 08:45:00,-5,142,MCO,PBI
2001-03-05 11:50:00,5,304,PHX,SAN
2001-01-11 06:30:00,-10,495,BWI,SDF
2001-03-20 06:30:00,5,324,AMA,DAL
2001-03-15 14:24:00,21,148,AUS,HOU
2001-01-25 14:35:00,-6,318,FLL,JAX
2001-02-11 17:35:00,6,842,PVD,MDW
2001-01-30 19:55:00,-5,377,MHT,BWI
2001-03-14 20:15:00,-17,880,MCO,STL
2001-03-10 16:40:00,20,389,SMF,ONT
2001-03-29 09:55:00,-8,308,SJC,LAX
2001-02-01 08:55:00,-2,187,CRP,HOU
2001-02-28 07:10:00,-3,419,HOU,OKC
2001-01-16 11:13:00,27,925,BWI,FLL
2001-01-31 13:10:00,-5,405,MDW,MCI
2001-03-07 13:45:00,22,590,SLC,LAX
2001-01-06 08:17:00,7,236,LAX,LAS
2001-02-04 18:19:00,13,303,MSY,HOU
2001-03-19 14:05:00,22,1166,MDW,FLL
2001-02-04 12:25:00,-28,714,ELP,LAX
2001-03-20 19:10:00,-10,803,ISP,BNA
2001-01-16 19:02:00,43,1162,AUS,RDU
2001-02-15 11:30:00,-7,239,HOU,DAL
2001-01-06 08:30:00,5,802,MCO,CMH
2001-01-17 14:12:00,6,869,STL,TPA
2001-01-12 09:40:00,-1,328,PVD,BWI
2001-02-03 13:20:00,-1,389,SMF,ONT
2001-02-04 13:42:00,12,174,TPA,PBI
2001-03-27 20:12:00,34,793,BNA,FLL
2001-03-30 20:35:00,23,368,LAS,SLC
2001-03-13 21:15:00,-5,333,SJC,ONT
2001-01-20 19:40:00,-11,347,PHX,ELP
2001-03-25 14:35:00,18,318,JAX,FLL
2001-03-30 20:50:00,5,480,SAN,SMF
2001-02-14 09:00:00,-5,389,SMF,ONT
2001-01-10 13:55:00,5,189,AUS,DAL
2001-03-01 12:05:00,-6,223,ELP,ABQ
2001-01-29 12:28:00,-9,1751,ONT,BNA
2001-01-17 19:50:00,33,276,HOU,HRL
2001-01-21 07:10:00,11,612,TPA,BNA
2001-01-23 16:20:00,-2,1624,SDF,LAS
2001-01-30 22:45:00,-5,236,LAS,LAX
2001-02-24 12:10:00,0,258,LAS,SAN
2001-02-13 22:24:00,121,337,OAK,LAX
2001-02-04 18:44:00,7,174,TPA,PBI
2001-03-19 13:40:00,-2,2106,LAS,BWI
2001-02-12 18:10:00,-7,325,BUR,OAK
2001-02-15 06:40:00,-7,405,MCI,MDW
2001-02-21 07:25:00,3,368,LAS,SLC
2001-03-09 14:21:00,140,236,LAS,LAX
2001-01-08 21:05:00,5,361,OAK,ONT
2001-01-12 06:30:00,-10,180,JAX,TPA
2001-03-17 17:38:00,13,423,OMA,MDW
2001-01-18 21:35:00,3,588,BNA,BWI
2001-01-17 20:20:00,5,395,MDW,BNA
2001-01-30 17:00:00,17,359,JAN,HOU
2001-01-11 12:20:00,-3,708,MSY,IND
2001-02-24 07:55:00,1,328,PVD,BWI
2001-03-25 08:30:00,0,162,MDW,IND
2001-02-27 08:00:00,5,288,BWI,ALB
2001-02-22 01:20:00,163,304,PHX,SAN
2001-01-01 15:05:00,-2,148,HOU,AUS
2001-03-11 11:20:00,-10,457,DTW,BNA
2001-03-07 17:35:00,5,283,BDL,BWI
2001-01-02 12:15:00,-1,251,STL,MDW
2001-03-13 12:57:00,95,997,TPA,MDW
2001-03-15 13:23:00,2,258,SAN,LAS
2001-03-29 12:35:00,-1,611,BWI,MDW
2001-01-12 06:45:00,-5,192,SAT,HOU
2001-03-08 08:20:00,-10,1044,MCI,PHX
2001-02-24 10:20:00,8,377,MHT,BWI
2001-03-09 08:30:00,-5,446,SAN,OAK
2001-01-12 16:43:00,67,507,PHX,SLC
2001-02-13 09:00:00,-1,361,OAK,ONT
2001-02-16 15:40:00,45,308,SJC,LAX
2001-02-16 20:05:00,38,386,SJC,LAS
2001-03-16 15:20:00,26,229,STL,IND
2001-03-29 16:20:00,8,187,CRP,HOU
2001-01-11 09:40:00,-9,437,DAL,MSY
2001-01-29 09:05:00,33,605,SMF,SEA
2001-03-23 17:10:00,5,405,MDW,MCI
2001-01-02 11:10:00,-8,324,AMA,DAL
2001-03-03 15:03:00,-13,223,LAS,BUR
2001-01-20 08:30:00,-8,580,ABQ,DAL
2001-02-25 21:35:00,95,714,ELP,LAX
2001-01-16 17:05:00,-10,251,MDW,STL
2001-03-02 10:33:00,5,373,LAX,SMF
2001-02-27 12:10:00,-10,611,MDW,BWI
2001-02-16 10:35:00,31,1262,STL,PHX
2001-03-03 17:03:00,5,417,SAN,SJC
2001-03-31 06:50:00,7,369,PHX,BUR
2001-02-20 06:15:00,-5,562,ELP,DAL
2001-03-20 16:30:00,-3,389,ONT,SMF
2001-03-25 10:05:00,27,325,ONT,PHX
2001-03-02 09:40:00,12,180,OAK,RNO
2001-02-05 12:09:00,7,162,IND,MDW
2001-03-27 09:55:00,-12,365,LAS,TUS
2001-01-05 07:05:00,-6,197,FLL,TPA
2001-02-26 10:15:00,21,365,TUS,LAS
2001-02-02 18:45:00,-4,335,BOI,RNO
2001-03-15 08:00:00,-10,822,SAT,BNA
2001-03-08 06:35:00,-4,256,PHX,LAS
2001-01-03 19:56:00,67,487,LAS,ABQ
2001-01-26 20:55:00,-10,491,MCI,BNA
2001-02-23 18:33:00,36,271,MDW,SDF
2001-02-08 21:05:00,-3,318,FLL,JAX
2001-01-07 16:33:00,-10,1987,LAS,BUF
2001-02-25 10:25:00,7,255,RDU,BWI
2001-03-06 16:45:00,1,181,OKC,DAL
2001-01-11 07:10:00,-3,377,MHT,BWI
2001-02-21 09:00:00,5,484,BNA,JAX
2001-02-02 21:35:00,17,255,BWI,RDU
2001-02-06 06:30:00,-6,611,MDW,BWI
2001-03-10 18:02:00,-3,405,MDW,MCI
2001-01-30 16:55:00,-10,651,PHX,SFO
2001-02-08 21:20:00,8,256,PHX,LAS
2001-03-27 15:20:00,2,258,SAN,LAS
2001-02-27 12:25:00,17,373,SMF,LAX
2001-03-26 19:12:00,-15,803,ISP,BNA
2001-03-07 14:52:00,14,1262,PHX,STL
2001-02-13 15:15:00,0,993,MCO,AUS
2001-03-02 11:05:00,0,223,TUL,MCI
2001-01-25 16:21:00,4,319,MAF,DAL
2001-02-19 07:05:00,-6,677,LAX,ABQ
2001-01-19 13:11:00,0,507,PHX,SLC
2001-02-05 07:55:00,-5,419,OKC,HOU
2001-02-13 12:18:00,37,276,HOU,HRL
2001-01-06 09:05:00,0,254,STL,SDF
2001-01-06 18:00:00,-3,223,BUR,LAS
2001-03-07 20:00:00,33,967,MCI,BWI
2001-03-04 14:00:00,39,417,SAN,SJC
2001-03-25 20:20:00,16,229,MDW,DTW
2001-01-30 19:15:00,26,251,STL,MDW
2001-01-01 15:55:00,11,189,DAL,AUS
2001-03-02 20:00:00,-12,347,ELP,PHX
2001-03-22 14:05:00,0,616,MCO,BNA
2001-03-23 15:05:00,20,229,STL,IND
2001-02-04 12:00:00,0,303,HOU,MSY
2001-01-25 16:05:00,-2,287,BOI,GEG
2001-02-11 20:25:00,3,223,LAS,BUR
2001-02-17 17:05:00,0,2277,PVD,PHX
2001-02-19 12:50:00,-6,666,JAN,MDW
2001-02-21 13:20:00,-6,197,FLL,TPA
2001-03-15 06:30:00,0,872,AUS,PHX
2001-03-28 08:45:00,-6,313,MCI,OKC
2001-03-18 07:40:00,-18,1521,MDW,LAS
2001-02-01 16:10:00,-5,611,MDW,BWI
2001-02-15 20:35:00,83,237,MCI,STL
2001-03-23 10:55:00,0,303,HOU,MSY
2001-03-04 15:25:00,5,296,DAL,LIT
2001-03-23 07:10:00,-14,2277,PVD,PHX
2001-03-22 07:25:00,-15,229,IND,STL
2001-02-28 17:35:00,3,842,PVD,MDW
2001-01-29 22:00:00,-3,239,HOU,DAL
2001-03-18 11:40:00,-8,304,SAN,PHX
2001-03-06 08:40:00,8,224,GEG,SEA
2001-03-18 16:42:00,30,345,LAS,RNO
2001-03-02 19:00:00,8,223,LAS,BUR
2001-01-23 07:20:00,-4,446,OAK,SAN
2001-01-09 16:00:00,-2,189,AUS,DAL
2001-01-30 15:40:00,-5,181,DAL,OKC
2001-01-26 17:40:00,10,1099,OMA,LAS
2001-01-22 07:40:00,-8,303,HOU,MSY
2001-03-25 20:34:00,2,843,PHX,SAT
2001-03-21 09:35:00,8,907,BNA,PVD
2001-02-16 12:15:00,0,636,SAN,ELP
2001-03-17 08:40:00,1,224,GEG,SEA
2001-03-25 10:40:00,6,451,TUS,LAX
2001-02-18 14:43:00,10,480,SAN,SMF
2001-02-25 13:00:00,0,239,DAL,HOU
2001-02-06 07:55:00,-5,419,OKC,HOU
2001-02-14 21:25:00,20,256,PHX,LAS
2001-01-21 16:20:00,-3,395,BNA,MDW
2001-01-22 08:45:00,-12,670,BNA,HOU
2001-01-21 18:00:00,-3,239,HOU,DAL
2001-03-09 13:10:00,-7,580,DAL,ABQ
2001-03-14 08:05:00,-7,367,SAN,TUS
2001-02-07 10:05:00,-8,321,MSY,BHM
2001-01-12 10:00:00,-18,605,SEA,SMF
2001-01-06 14:25:00,1,258,LAS,SAN
2001-02-04 07:10:00,-12,1188,FLL,PVD
2001-02-17 19:30:00,5,368,SLC,LAS
2001-02-08 12:20:00,4,197,ONT,LAS
2001-01-13 08:20:00,5,580,DAL,ABQ
2001-01-10 14:40:00,16,181,OKC,DAL
2001-01-09 19:06:00,6,223,LAS,BUR
2001-03-02 11:55:00,35,248,SAT,DAL
2001-01-30 18:40:00,-18,590,SLC,LAX
2001-02-19 16:45:00,149,447,SFO,SAN
2001-03-03 07:25:00,-5,935,PHX,TUL
2001-02-19 20:58:00,6,318,JAX,FLL
2001-02-28 15:37:00,11,377,BWI,MHT
2001-02-26 08:25:00,7,480,SMF,SAN
2001-03-21 18:40:00,-5,328,ABQ,PHX
2001-03-21 21:20:00,8,237,DAL,TUL
2001-02-07 10:40:00,-2,189,AUS,DAL
2001-01-29 20:03:00,41,1156,STL,SLC
2001-01-31 10:55:00,-9,296,BUR,SJC
2001-03-08 16:55:00,12,236,LAS,LAX
2001-01-08 15:39:00,-1,162,IND,MDW
2001-03-17 11:20:00,-9,386,LAS,SJC
2001-02-11 19:01:00,4,279,GEG,PDX
2001-02-16 09:23:00,20,570,BHM,HOU
2001-02-25 18:20:00,3,405,MCI,MDW
2001-02-21 11:00:00,-1,239,HOU,DAL
2001-01-22 14:35:00,-7,389,ONT,SMF
2001-01-22 15:05:00,-7,365,LAS,TUS
2001-02-05 18:05:00,3,223,BUR,LAS
2001-03-12 10:05:00,24,271,MDW,SDF
2001-03-11 19:51:00,44,233,HRL,SAT
2001-01-04 08:45:00,-10,313,MCI,OKC
2001-01-23 06:30:00,4,359,JAN,HOU
2001-03-24 17:30:00,-10,258,SAN,LAS
2001-01-10 20:10:00,0,328,BWI,PVD
2001-03-28 12:55:00,-4,1093,ISP,FLL
2001-01-28 17:40:00,-13,255,RDU,BWI
2001-03-10 11:00:00,-4,451,LAX,TUS
2001-03-04 12:25:00,68,491,BNA,MCI
2001-01-24 10:10:00,0,192,HOU,SAT
2001-01-31 10:00:00,-4,1479,MCI,SJC
2001-02-09 13:58:00,8,462,OKC,STL
2001-02-09 13:35:00,12,345,LAS,RNO
2001-01-15 08:45:00,-11,217,DAL,IAH
2001-02-27 14:19:00,7,451,TUS,LAX
2001-03-30 16:13:00,19,328,PVD,BWI
2001-01-25 12:05:00,-15,737,BWI,STL
2001-03-29 15:46:00,82,628,SAN,ABQ
2001-03-21 18:14:00,11,347,PHX,ELP
2001-02-27 13:00:00,0,361,ONT,OAK
2001-02-15 10:45:00,0,325,PHX,ONT
2001-01-29 10:32:00,12,237,TUL,DAL
2001-03-21 08:15:00,0,217,IAH,DAL
2001-01-19 06:55:00,-5,1797,LAX,BNA
2001-01-17 07:00:00,9,229,MDW,DTW
2001-01-28 10:45:00,-3,276,HOU,HRL
2001-02-14 15:25:00,-8,564,SEA,RNO
2001-03-05 13:35:00,-2,187,CRP,HOU
2001-01-14 06:30:00,-10,543,OAK,PDX
2001-02-10 18:50:00,0,293,DAL,LBB
2001-02-14 14:15:00,-5,457,BNA,DTW
2001-01-26 12:25:00,13,1262,STL,PHX
2001-02-16 06:30:00,-4,308,LAX,SJC
2001-03-29 12:50:00,0,358,SMF,BUR
2001-01-08 06:45:00,8,460,TPA,BHM
2001-02-22 11:45:00,3,108,PVD,ISP
2001-03-19 18:30:00,0,611,MDW,BWI
2001-02-19 14:07:00,14,584,LAS,ELP
2001-03-02 19:04:00,30,670,HOU,BNA
2001-02-10 10:10:00,29,1044,MCI,PHX
2001-03-24 13:30:00,0,448,BNA,CLE
2001-02-19 11:05:00,27,188,SJC,RNO
2001-02-27 09:10:00,-3,1671,MSY,LAX
2001-03-22 06:40:00,-4,318,FLL,JAX
2001-03-31 13:30:00,-5,1020,PHX,HOU
2001-03-08 09:15:00,0,308,LAX,SJC
2001-02-16 21:46:00,93,368,LAS,SLC
2001-03-15 12:55:00,-3,628,ABQ,SAN
2001-02-14 18:14:00,34,368,SLC,LAS
2001-03-10 07:40:00,8,437,MSY,DAL
2001-03-11 12:20:00,8,197,ONT,LAS
2001-03-24 11:40:00,5,487,STL,CLE
2001-02-06 17:30:00,0,256,PHX,LAS
2001-02-14 20:00:00,-8,446,SAN,OAK
2001-02-16 12:29:00,3,447,SAN,SFO
2001-02-25 08:00:00,-5,337,OAK,LAX
2001-02-18 21:10:00,5,446,SAN,OAK
2001-03-30 10:09:00,7,256,LAS,PHX
2001-03-30 11:00:00,-5,180,RNO,OAK
2001-02-17 16:19:00,18,616,MCO,BNA
2001-03-11 16:05:00,31,237,TUL,DAL
2001-03-29 16:12:00,78,938,BNA,MHT
2001-03-02 14:20:00,4,283,BWI,BDL
2001-01-15 13:10:00,9,283,BDL,BWI
2001-02-11 20:33:00,7,359,HOU,JAN
2001-01-29 12:02:00,27,1999,BWI,PHX
2001-01-26 22:15:00,108,256,PHX,LAS
2001-03-17 20:15:00,-3,248,SAT,DAL
2001-01-13 12:17:00,7,281,BUF,BWI
2001-03-10 15:34:00,-13,1044,PHX,MCI
2001-01-01 17:42:00,23,307,CLE,MDW
2001-01-08 06:50:00,-8,181,OKC,DAL
2001-02-25 11:05:00,0,1210,SAT,LAX
2001-03-26 13:45:00,-1,1140,MCI,LAS
2001-02-11 11:50:00,-11,487,TPA,MSY
2001-01-20 09:45:00,-2,520,LAS,BOI
2001-01-19 21:55:00,-1,328,PHX,ABQ
2001-03-27 09:50:00,-5,723,GEG,OAK
2001-02-01 20:00:00,24,1090,LAS,AUS
2001-01-26 15:05:00,25,229,IND,STL
2001-03-10 14:50:00,14,1246,HOU,BWI
2001-02-21 06:15:00,0,361,ONT,OAK
2001-01-09 15:00:00,10,188,RNO,SJC
2001-01-07 19:40:00,10,605,SEA,SMF
2001-02-23 21:54:00,5,304,PHX,SAN
2001-03-18 09:20:00,-19,1295,LIT,LAS
2001-02-07 19:35:00,-2,318,JAX,FLL
2001-01-12 07:25:00,0,224,SEA,GEG
2001-02-25 20:27:00,34,1044,MCI,PHX
2001-02-03 14:00:00,-7,224,GEG,SEA
2001-01-07 15:35:00,25,251,MDW,STL
2001-02-12 11:05:00,-2,612,TPA,BNA
2001-03-04 22:43:00,56,395,BNA,MDW
2001-03-20 06:30:00,-3,611,MDW,BWI
2001-02-16 20:35:00,17,229,DTW,MDW
2001-01-30 17:15:00,8,670,BNA,HOU
2001-02-04 18:30:00,-1,293,LBB,DAL
2001-02-21 13:35:00,-2,460,TPA,BHM
2001-01-04 10:40:00,-10,313,MCI,OKC
2001-03-13 13:38:00,0,368,LAS,SLC
2001-01-27 09:25:00,-11,687,HOU,STL
2001-03-26 20:48:00,20,223,BUR,LAS
2001-01-02 08:25:00,3,229,MDW,DTW
2001-02-02 19:45:00,-5,358,SMF,BUR
2001-01-11 17:21:00,63,325,ONT,PHX
2001-03-29 14:15:00,-5,229,DTW,MDW
2001-02-18 12:50:00,-10,666,JAN,MDW
2001-02-07 17:30:00,0,220,ISP,BWI
2001-03-02 14:05:00,-3,829,CMH,TPA
2001-01-26 07:55:00,-6,997,MDW,TPA
2001-02-02 07:40:00,-19,462,STL,OKC
2001-01-02 07:00:00,-5,304,PHX,SAN
2001-01-31 15:40:00,-2,181,DAL,OKC
2001-01-02 18:55:00,45,1235,HOU,LAS
2001-03-11 13:50:00,-11,534,RDU,MCO
2001-03-18 20:30:00,-23,1262,STL,PHX
2001-01-09 20:37:00,34,308,LAX,SJC
2001-03-27 07:15:00,5,344,BOI,PDX
2001-03-07 09:45:00,2,328,PVD,BWI
2001-03-01 20:38:00,-3,562,ELP,DAL
2001-02-10 17:30:00,-3,682,BWI,BHM
2001-03-12 12:35:00,-6,189,AUS,DAL
2001-02-12 15:30:00,8,368,SLC,LAS
2001-03-05 21:53:00,0,256,PHX,LAS
2001-01-06 21:25:00,-10,487,TPA,MSY
2001-01-13 10:10:00,-10,588,SLC,OAK
2001-03-04 09:35:00,36,373,SMF,LAX
2001-02-15 12:25:00,-4,611,MDW,BWI
2001-03-10 18:07:00,0,397,LAS,SMF
2001-02-28 14:55:00,-1,1034,ISP,TPA
2001-02-01 06:30:00,0,397,SMF,LAS
2001-02-24 14:12:00,62,296,LIT,DAL
2001-03-01 19:00:00,12,480,SAN,SMF
2001-02-09 06:30:00,-2,197,TPA,FLL
2001-03-13 21:20:00,0,178,MCO,FLL
2001-01-17 06:30:00,4,304,SAN,PHX
2001-01-24 07:15:00,-6,377,MHT,BWI
2001-03-18 16:03:00,17,307,MDW,CLE
2001-01-03 09:00:00,5,181,DAL,OKC
2001-02-21 14:15:00,-18,1342,AUS,BWI
2001-02-19 21:12:00,14,410,STL,CMH
2001-01-12 14:15:00,-19,859,JAX,ISP
2001-02-03 11:12:00,0,341,LBB,AUS
2001-03-29 08:30:00,-5,370,PHX,LAX
2001-02-13 06:30:00,0,588,BNA,BWI
2001-03-21 12:15:00,-12,446,SAN,OAK
2001-01-06 16:47:00,8,405,MDW,MCI
2001-03-14 14:25:00,2,496,SAT,ELP
2001-01-02 11:04:00,25,325,OAK,BUR
2001-02-07 22:06:00,22,291,SLC,BOI
2001-03-06 10:40:00,-2,188,SJC,RNO
2001-02-20 19:30:00,-8,395,BNA,MDW
2001-01-24 22:15:00,2,528,AUS,ELP
2001-01-13 14:50:00,-4,333,ONT,SJC
2001-01-19 06:30:00,3,239,DAL,HOU
2001-02-28 19:35:00,-5,177,BNA,BHM
2001-02-06 20:25:00,5,321,MSY,BHM
2001-03-09 10:40:00,-5,708,IND,MSY
2001-02-25 08:10:00,-5,197,ONT,LAS
2001-03-16 21:40:00,10,495,BWI,SDF
2001-03-08 21:15:00,4,389,ONT,SMF
2001-01-31 20:40:00,6,321,BHM,MSY
2001-01-16 17:03:00,0,337,OAK,LAX
2001-02-06 15:40:00,2,283,BDL,BWI
2001-01-31 12:00:00,-10,337,LAX,OAK
2001-02-27 19:35:00,109,276,HOU,HRL
2001-01-22 15:07:00,-3,487,LAS,ABQ
2001-01-31 06:30:00,-7,361,OAK,ONT
2001-02-23 15:20:00,9,254,SDF,STL
2001-03-10 16:30:00,-3,237,DAL,TUL
2001-03-28 20:40:00,0,321,BHM,MSY
2001-02-21 09:45:00,10,180,RNO,OAK
2001-03-03 14:10:00,38,224,SEA,GEG
2001-01-14 12:20:00,0,611,MDW,BWI
2001-03-01 09:30:00,9,935,TUL,PHX
2001-02-13 21:44:00,5,389,SMF,ONT
2001-02-21 20:40:00,0,303,HOU,MSY
2001-03-25 07:00:00,-7,304,PHX,SAN
2001-03-03 17:55:00,-5,304,PHX,SAN
2001-01-11 22:13:00,60,487,TPA,MSY
2001-01-28 12:00:00,5,1444,PHX,MDW
2001-02-01 18:25:00,0,251,STL,MDW
2001-03-28 06:45:00,10,446,SAN,OAK
2001-02-22 15:25:00,8,254,SDF,STL
2001-01-24 20:35:00,14,229,DTW,MDW
2001-03-08 17:40:00,-4,308,LAX,SJC
2001-03-04 08:00:00,-10,281,BWI,BUF
2001-02-05 11:00:00,-6,332,MAF,ABQ
2001-01-20 10:40:00,-4,588,BNA,BWI
2001-03-03 21:05:00,-15,318,FLL,JAX
2001-02-02 22:10:00,2,283,BWI,BDL
2001-03-16 12:06:00,18,443,BNA,RDU
2001-03-03 13:19:00,64,496,ELP,SAT
2001-02-15 12:00:00,-6,281,BUF,BWI
2001-03-29 15:54:00,31,187,CRP,HOU
2001-02-25 19:00:00,28,460,BHM,TPA
2001-02-09 15:15:00,7,1521,MDW,LAS
2001-01-29 09:55:00,0,365,LAS,TUS
2001-02-08 10:25:00,-7,288,ALB,BWI
2001-03-12 20:45:00,-5,148,AUS,HOU
2001-01-10 17:45:00,-12,587,JAN,MCO
2001-02-02 14:00:00,-12,308,LAX,SJC
2001-03-31 18:10:00,-18,588,SLC,OAK
2001-03-01 11:10:00,4,487,CLE,STL
2001-01-22 07:50:00,-15,1448,PHX,BNA
2001-03-30 19:30:00,-4,389,SMF,ONT
2001-01-14 11:45:00,-10,108,PVD,ISP
2001-03-08 07:05:00,0,365,JAX,BHM
2001-01-01 10:10:00,-2,422,SLC,RNO
2001-03-29 16:40:00,26,479,PDX,SMF
2001-02-07 08:35:00,5,361,OAK,ONT
2001-01-10 07:30:00,-11,866,LAS,SEA
2001-01-09 07:20:00,-3,479,SMF,PDX
2001-03-23 10:10:00,-2,291,BOI,SLC
2001-03-29 07:00:00,-1,328,ABQ,PHX
2001-03-18 09:30:00,5,787,BWI,MCO
2001-03-03 07:25:00,3,611,BWI,MDW
2001-01-25 14:29:00,52,337,OAK,LAX
2001-02-03 10:43:00,0,304,SAN,PHX
2001-03-10 07:40:00,-16,1140,MCI,LAS
2001-02-25 22:05:00,57,842,BWI,TPA
2001-02-11 09:20:00,2,758,PBI,BNA
2001-01-23 06:30:00,-11,580,ABQ,DAL
2001-01-04 19:33:00,22,386,SJC,LAS
2001-01-01 11:01:00,-5,180,RNO,OAK
2001-03-05 15:45:00,3,217,DAL,IAH
2001-03-21 07:30:00,-5,192,SAT,HOU
2001-01-16 16:05:00,150,1301,MSY,PHX
2001-03-16 19:55:00,-1,993,AUS,MCO
2001-03-15 21:05:00,9,451,MCI,IND
2001-03-18 10:25:00,63,224,SEA,GEG
2001-01-09 06:00:00,-3,395,MDW,BNA
2001-02-24 06:55:00,-1,1797,LAX,BNA
2001-02-13 11:30:00,32,451,LAX,TUS
2001-03-20 20:10:00,-9,446,OAK,SAN
2001-03-01 18:35:00,-10,569,PDX,SJC
2001-02-25 21:50:00,-1,293,DAL,LBB
2001-01-15 16:37:00,80,446,OAK,SAN
2001-03-05 13:25:00,-6,484,BNA,JAX
2001-03-15 14:28:00,7,1180,SEA,ABQ
2001-02-20 16:40:00,5,405,MDW,MCI
2001-03-14 14:26:00,48,303,HOU,MSY
2001-03-25 19:48:00,8,223,BUR,LAS
2001-03-28 19:18:00,20,370,LAX,PHX
2001-01-31 09:30:00,0,239,HOU,DAL
2001-03-30 08:34:00,-10,989,MCO,MDW
2001-03-27 09:05:00,-10,687,STL,HOU
2001-02-05 09:30:00,-5,283,BWI,BDL
2001-01-19 13:55:00,-2,496,SAT,ELP
2001-02-13 08:00:00,2,422,RNO,SLC
2001-01-16 20:15:00,-7,223,BUR,LAS
2001-02-22 11:56:00,0,419,HOU,OKC
2001-01-31 20:20:00,20,229,MDW,DTW
2001-01-12 13:30:00,-7,359,JAN,HOU
2001-02-22 06:30:00,10,351,TUL,STL
2001-03-31 09:55:00,0,590,LAX,SLC
2001-01-20 16:25:00,-17,440,DTW,STL
2001-02-06 14:15:00,-6,407,LAS,OAK
2001-03-24 07:40:00,-10,462,STL,OKC
2001-03-19 08:30:00,-3,370,PHX,LAX
2001-03-14 13:15:00,-5,308,LAX,SJC
2001-02-16 08:25:00,3,333,ONT,SJC
2001-02-22 06:55:00,-2,187,CRP,HOU
2001-01-06 13:45:00,0,1037,PHX,OMA
2001-02-06 20:50:00,-8,351,TUL,STL
2001-03-17 09:00:00,0,337,LAX,OAK
2001-03-13 12:35:00,70,399,BOI,SEA
2001-03-24 07:00:00,-10,1506,SDF,PHX
2001-01-24 12:10:00,-5,697,SEA,SJC
2001-02-06 21:15:00,0,296,DAL,LIT
2001-01-25 07:35:00,14,443,BNA,RDU
2001-01-08 20:45:00,9,337,OAK,LAX
2001-01-04 09:00:00,14,197,FLL,TPA
2001-01-22 14:35:00,-5,682,BHM,BWI
2001-03-02 20:00:00,12,220,ISP,BWI
2001-03-05 07:05:00,0,1072,MCO,MCI
2001-03-21 13:50:00,-10,358,BUR,SMF
2001-03-11 22:04:00,50,256,PHX,LAS
2001-02-11 14:25:00,0,358,SMF,BUR
2001-02-03 18:15:00,-19,1037,OMA,PHX
2001-03-25 08:15:00,-7,223,LAS,BUR
2001-01-28 09:50:00,-6,197,LAS,ONT
2001-02-09 20:15:00,90,236,LAX,LAS
2001-02-13 20:35:00,56,304,SAN,PHX
2001-03-08 11:45:00,-12,1671,LAX,MSY
2001-03-02 08:15:00,-2,677,LAX,ABQ
2001-01-17 07:25:00,-10,935,PHX,TUL
2001-03-02 19:56:00,18,256,PHX,LAS
2001-02-05 14:35:00,-7,318,FLL,JAX
2001-01-11 07:05:00,7,337,LAX,OAK
2001-01-15 20:50:00,60,344,PDX,BOI
2001-02-27 16:15:00,13,687,STL,HOU
2001-02-11 13:10:00,44,325,PHX,ONT
2001-01-13 14:54:00,10,325,OAK,BUR
2001-03-30 14:36:00,6,687,STL,HOU
2001-02-19 06:30:00,-13,237,MCI,STL
2001-03-30 21:55:00,-8,397,SMF,LAS
2001-01-23 11:25:00,-8,303,HOU,MSY
2001-02-23 08:35:00,2,888,JAN,BWI
2001-02-03 18:25:00,-17,1235,HOU,LAS
2001-03-30 21:35:00,-5,325,ONT,PHX
2001-02-18 20:05:00,16,370,LAX,PHX
2001-03-24 19:07:00,20,189,AUS,DAL
2001-02-19 15:25:00,-1,187,CRP,HOU
2001-03-19 15:45:00,-11,324,AMA,DAL
2001-01-16 09:20:00,-5,223,ELP,ABQ
2001-03-21 07:45:00,-14,405,MDW,MCI
2001-02-06 12:45:00,-10,344,BOI,PDX
2001-02-13 16:45:00,7,1235,LAS,HOU
2001-02-09 21:35:00,0,284,CMH,MDW
2001-03-27 17:15:00,13,670,BNA,HOU
2001-03-31 20:40:00,5,590,LAX,SLC
2001-01-23 09:10:00,-1,304,SAN,PHX
2001-03-17 19:48:00,0,967,MCI,BWI
2001-03-26 11:00:00,30,162,MDW,IND
2001-01-16 17:25:00,-2,842,MDW,PVD
2001-01-11 07:00:00,2,239,HOU,DAL
2001-01-23 20:30:00,-8,337,LAX,OAK
2001-02-09 07:10:00,3,803,BNA,ISP
2001-03-27 08:30:00,-1,446,SAN,OAK
2001-01-29 10:48:00,36,187,HOU,CRP
2001-03-16 21:15:00,29,605,SMF,SEA
2001-03-08 06:25:00,-3,377,MHT,BWI
2001-01-06 20:25:00,-3,303,MSY,HOU
2001-01-25 10:42:00,-4,224,GEG,SEA
2001-01-31 10:10:00,0,1262,STL,PHX
2001-02-10 11:49:00,72,255,RDU,BWI
2001-03-16 08:22:00,22,1407,BWI,SAT
2001-03-15 16:33:00,32,972,TPA,SAT
2001-01-30 13:20:00,0,197,FLL,TPA
2001-02-05 15:10:00,77,328,PVD,BWI
2001-02-20 19:18:00,17,889,OAK,ABQ
2001-02-19 07:55:00,-7,419,OKC,HOU
2001-02-09 21:25:00,13,397,LAS,SMF
2001-01-30 17:45:00,25,682,BWI,BHM
2001-02-18 15:22:00,20,337,OAK,LAX
2001-01-31 09:45:00,0,148,AUS,HOU
2001-03-01 09:00:00,27,239,DAL,HOU
2001-02-16 08:00:00,10,229,DTW,MDW
2001-03-08 15:15:00,-4,142,MCO,PBI
2001-02-07 12:28:00,15,663,BWI,JAX
2001-03-06 08:05:00,-12,174,TPA,PBI
2001-02-17 16:35:00,-7,718,MCI,ABQ
2001-02-05 06:40:00,-25,487,CLE,STL
2001-02-15 12:45:00,3,333,ONT,SJC
2001-03-06 09:25:00,0,453,HOU,TUL
2001-03-21 19:30:00,-2,370,PHX,LAX
2001-01-16 16:25:00,0,371,SNA,OAK
2001-03-01 15:05:00,-2,291,SLC,BOI
2001-02-06 06:55:00,-12,1481,PDX,MCI
2001-03-22 15:20:00,5,671,OAK,SEA
2001-03-18 11:30:00,-1,271,SDF,MDW
2001-01-19 20:20:00,-12,564,RNO,SEA
2001-02-08 20:02:00,58,471,MSY,BNA
2001-01-14 21:39:00,13,358,BUR,SMF
2001-03-13 16:30:00,2,358,SMF,BUR
2001-01-07 08:47:00,42,256,PHX,LAS
2001-01-24 13:00:00,0,647,SMF,PHX
2001-01-08 16:25:00,0,2277,PHX,PVD
2001-01-09 16:50:00,32,386,SJC,LAS
2001-01-16 10:30:00,8,405,MDW,MCI
2001-01-07 18:25:00,70,359,HOU,JAN
2001-03-28 08:35:00,-10,325,OAK,BUR
2001-03-14 08:22:00,19,337,OAK,LAX
2001-01-24 06:30:00,-1,223,LAS,BUR
2001-03-07 17:55:00,-1,440,STL,DTW
2001-02-18 09:00:00,-12,487,TPA,MSY
2001-02-09 15:20:00,-11,1670,ABQ,BWI
2001-01-04 19:38:00,7,277,AMA,ABQ
2001-01-30 16:18:00,-1,507,SLC,PHX
2001-02-28 12:35:00,5,239,DAL,HOU
2001-01-02 18:55:00,44,337,LAX,OAK
2001-03-04 13:37:00,14,484,BNA,JAX
2001-01-25 15:05:00,-2,293,LBB,DAL
2001-01-14 12:25:00,-10,803,BNA,ISP
2001-02-03 15:10:00,1,342,SNA,SJC
2001-03-22 16:38:00,17,296,SJC,BUR
2001-03-11 12:20:00,32,370,LAX,PHX
2001-02-14 17:30:00,0,342,SNA,SJC
2001-03-31 11:30:00,-10,239,HOU,DAL
2001-02-09 21:53:00,3,220,BWI,ISP
2001-02-23 06:30:00,-11,223,LAS,BUR
2001-01-17 17:45:00,-3,281,BUF,BWI
2001-03-26 12:25:00,10,407,LAS,OAK
2001-02-14 08:45:00,0,142,MCO,PBI
2001-02-11 11:35:00,0,405,MDW,MCI
2001-01-16 21:50:00,-8,271,SDF,MDW
2001-02-25 09:00:00,-5,520,BOI,LAS
2001-01-29 09:00:00,-10,1034,ISP,TPA
2001-03-16 12:00:00,13,304,PHX,SAN
2001-03-27 20:30:00,-8,373,SMF,LAX
2001-01-06 17:49:00,28,588,BWI,BNA
2001-03-15 10:35:00,0,543,OAK,PDX
2001-03-22 12:02:00,4,423,OMA,MDW
2001-03-22 07:45:00,10,333,SJC,ONT
2001-02-27 11:20:00,-8,368,LAS,SLC
2001-01-10 13:00:00,-1,345,RNO,LAS
2001-02-24 09:45:00,-9,1448,PHX,BNA
2001-01-31 16:10:00,0,361,OAK,ONT
2001-02-27 11:15:00,-10,1073,MCO,ALB
2001-01-23 11:55:00,12,188,RNO,SJC
2001-03-14 08:45:00,0,407,OAK,LAS
2001-03-08 10:50:00,-10,342,SNA,SJC
2001-01-23 08:30:00,-13,687,STL,HOU
2001-02-12 20:40:00,0,677,HOU,ELP
2001-02-05 15:20:00,-13,843,SAT,PHX
2001-02-05 18:30:00,-12,337,OAK,LAX
2001-02-22 07:55:00,-2,197,TPA,FLL
2001-03-10 17:43:00,2,967,BWI,MCI
2001-02-06 12:30:00,-12,256,LAS,PHX
2001-03-20 10:00:00,-1,397,LAS,SMF
2001-02-05 06:10:00,-2,276,HRL,HOU
2001-02-27 08:35:00,0,279,PDX,GEG
2001-01-19 19:30:00,14,448,BNA,CLE
2001-03-22 15:35:00,-6,237,TUL,DAL
2001-02-10 07:35:00,-6,1011,BUF,MCO
2001-03-06 07:25:00,-20,611,BWI,MDW
2001-03-28 16:41:00,0,647,PHX,SMF
2001-02-06 07:00:00,3,248,DAL,SAT
2001-02-07 22:06:00,11,370,LAX,PHX
2001-02-06 07:25:00,-3,611,BWI,MDW
2001-03-29 18:40:00,-10,324,DAL,AMA
2001-02-01 17:05:00,-5,108,ISP,PVD
2001-03-03 08:45:00,-7,588,OAK,SLC
2001-02-23 19:20:00,83,304,SAN,PHX
2001-01-21 10:20:00,-8,1552,ABQ,MCO
2001-01-18 16:15:00,-10,935,TUL,PHX
2001-02-19 13:25:00,-5,359,JAN,HOU
2001-03-24 12:15:00,0,273,AUS,HRL
2001-03-02 20:21:00,25,479,PDX,SMF
2001-01-24 14:45:00,-1,587,TPA,RDU
2001-01-08 09:05:00,-4,759,HOU,ABQ
2001-02-24 17:13:00,74,328,PHX,ABQ
2001-01-08 22:25:00,60,651,PHX,SFO
2001-01-30 19:10:00,18,342,SJC,SNA
2001-01-24 10:00:00,-20,1521,LAS,MDW
2001-03-13 14:20:00,122,1137,PVD,TPA
2001-03-25 08:55:00,-7,303,MSY,HOU
2001-01-28 14:16:00,4,651,PHX,SFO
2001-03-12 14:25:00,5,457,BNA,DTW
2001-01-10 16:57:00,325,1156,SLC,STL
2001-03-24 16:18:00,19,590,SLC,LAX
2001-03-20 07:30:00,-5,237,MCI,STL
2001-03-24 07:15:00,0,318,JAX,FLL
2001-03-20 06:40:00,-4,197,ONT,LAS
2001-01-30 10:25:00,0,237,TUL,DAL
2001-03-12 06:30:00,-3,611,MDW,BWI
2001-03-31 13:15:00,2,318,FLL,JAX
2001-03-02 11:43:00,10,588,OAK,SLC
2001-03-12 17:35:00,-1,967,BWI,MCI
2001-02-09 14:00:00,-6,239,DAL,HOU
2001-03-07 09:23:00,49,325,ONT,PHX
2001-01-02 10:35:00,-2,296,LIT,DAL
2001-02-23 17:14:00,117,453,HOU,TUL
2001-01-09 12:55:00,-6,1093,ISP,FLL
2001-03-14 05:30:00,-11,370,LAX,PHX
2001-02-07 21:00:00,-2,361,ONT,OAK
2001-02-06 10:45:00,-7,258,SAN,LAS
2001-02-06 18:50:00,-3,281,BWI,BUF
2001-01-31 08:15:00,0,223,TUL,MCI
2001-01-30 18:55:00,10,255,BWI,RDU
2001-02-01 19:55:00,-1,180,RNO,OAK
2001-01-01 18:55:00,43,484,BNA,JAX
2001-03-26 21:58:00,62,569,SJC,PDX
2001-01-12 20:30:00,90,251,MDW,STL
2001-01-13 18:18:00,112,386,SJC,LAS
2001-01-15 18:40:00,-5,345,LAS,RNO
2001-03-01 15:10:00,24,842,TPA,BWI
2001-01-30 12:58:00,26,370,LAX,PHX
2001-02-22 06:10:00,8,188,RNO,SJC
2001-03-12 06:35:00,-4,1246,HOU,BWI
2001-03-04 14:05:00,2,451,TUS,LAX
2001-02-21 15:05:00,2,447,SAN,SFO
2001-01-04 15:00:00,4,337,LAX,OAK
2001-01-27 14:39:00,38,189,AUS,DAL
2001-03-17 19:10:00,-4,371,SNA,OAK
2001-03-09 10:35:00,-5,407,LAS,OAK
2001-02-19 08:37:00,17,337,OAK,LAX
2001-02-20 15:30:00,-7,405,MCI,MDW
2001-02-01 17:24:00,10,345,LAS,RNO
2001-02-28 18:30:00,43,444,RNO,PDX
2001-03-19 10:40:00,6,296,LIT,DAL
2001-02-11 12:40:00,-8,479,PDX,SMF
2001-01-21 15:42:00,8,256,LAS,PHX
2001-01-19 21:10:00,45,787,BWI,MCO
2001-03-19 12:45:00,34,1137,PVD,TPA
2001-01-31 11:55:00,-5,417,SAN,SJC
2001-02-26 13:50:00,21,256,LAS,PHX
2001-03-23 18:54:00,11,217,DAL,IAH
2001-01-08 11:40:00,-7,487,STL,CLE
2001-01-06 15:33:00,15,291,SLC,BOI
2001-03-29 08:30:00,12,223,LAS,BUR
2001-02-26 21:10:00,-10,842,BWI,TPA
2001-03-13 15:25:00,2,564,SEA,RNO
2001-02-10 12:05:00,-2,307,CLE,MDW
2001-01-28 21:20:00,-7,462,OKC,STL
2001-03-24 18:45:00,0,1020,HOU,PHX
2001-01-18 16:30:00,17,281,BWI,BUF
2001-03-26 11:50:00,-3,304,PHX,SAN
2001-03-06 06:55:00,-5,251,MDW,STL
2001-02-20 15:11:00,2,342,SJC,SNA
2001-01-26 19:52:00,-3,587,RDU,TPA
2001-01-16 19:50:00,93,197,LAS,ONT
2001-03-31 20:00:00,-10,337,LAX,OAK
2001-03-12 08:09:00,43,1814,LAX,IND
2001-03-06 11:15:00,-2,361,ONT,OAK
2001-03-05 05:30:00,-6,325,ONT,PHX
2001-01-01 16:20:00,10,630,PDX,SLC
2001-01-22 17:05:00,-25,2277,PVD,PHX
2001-01-17 18:55:00,70,967,BWI,MCI
2001-02-26 08:45:00,-5,293,DAL,LBB
2001-01-13 19:25:00,0,294,MAF,AUS
2001-01-17 12:00:00,-21,972,MCO,ISP
2001-01-10 15:00:00,0,496,ELP,SAT
2001-02-03 16:30:00,-8,386,SJC,LAS
2001-02-05 17:51:00,2,407,OAK,LAS
2001-03-27 07:35:00,-15,1011,BUF,MCO
2001-02-24 13:00:00,0,1301,PHX,MSY
2001-01-31 16:54:00,-5,325,OAK,BUR
2001-03-11 12:50:00,13,587,RDU,TPA
2001-01-22 06:00:00,2,395,MDW,BNA
2001-01-17 18:40:00,0,345,LAS,RNO
2001-02-12 08:45:00,-3,217,DAL,IAH
2001-02-15 18:29:00,20,256,LAS,PHX
2001-03-07 09:10:00,-8,371,OAK,SNA
2001-01-07 08:00:00,6,342,SJC,SNA
2001-02-15 20:01:00,145,255,RDU,BWI
2001-01-18 09:04:00,14,233,SAT,HRL
2001-01-17 11:00:00,20,276,HOU,HRL
2001-02-18 14:00:00,-12,325,ONT,PHX
2001-03-18 16:15:00,6,237,MCI,STL
2001-03-07 13:15:00,-1,307,CLE,MDW
2001-03-30 14:29:00,71,478,BHM,MCO
2001-03-14 13:30:00,0,324,AMA,DAL
2001-03-04 17:00:00,-10,239,DAL,HOU
2001-01-24 19:45:00,2,1489,MCI,OAK
2001-02-21 21:20:00,10,371,SNA,OAK
2001-01-17 08:07:00,16,337,OAK,LAX
2001-01-23 11:35:00,-2,368,SLC,LAS
2001-02-05 13:35:00,0,325,OAK,BUR
2001-02-12 17:35:00,0,318,FLL,JAX
2001-02-12 11:31:00,0,197,FLL,TPA
2001-02-25 14:20:00,2,628,SAN,ABQ
2001-03-26 17:55:00,-35,1599,MSY,SAN
2001-01-13 07:00:00,-8,337,OAK,LAX
2001-03-27 19:05:00,2,197,FLL,TPA
2001-02-13 06:50:00,0,229,MDW,DTW
2001-03-21 21:55:00,-11,550,MSY,MCO
2001-03-27 09:46:00,67,236,LAS,LAX
2001-03-25 10:00:00,0,229,MDW,DTW
2001-03-27 14:30:00,0,237,TUL,DAL
2001-01-28 10:35:00,-2,325,ONT,PHX
2001-03-20 17:30:00,1,397,SMF,LAS
2001-03-15 07:05:00,0,142,PBI,MCO
2001-02-16 18:40:00,22,448,BNA,CLE
2001-01-02 16:28:00,43,223,LAS,BUR
2001-03-19 09:25:00,-5,682,BHM,BWI
2001-03-23 15:00:00,25,251,MDW,STL
2001-02-28 19:30:00,-8,616,BNA,MCO
2001-03-31 10:05:00,-8,217,IAH,DAL
2001-02-17 16:25:00,-8,714,ELP,LAX
2001-02-24 11:05:00,32,447,SFO,SAN
2001-01-17 08:20:00,-4,872,PHX,AUS
2001-02-28 16:42:00,25,296,SJC,BUR
2001-01-08 17:45:00,-6,197,FLL,TPA
2001-03-07 18:40:00,5,345,LAS,RNO
2001-03-30 11:03:00,15,223,BUR,LAS
2001-02-22 17:50:00,0,148,AUS,HOU
2001-03-24 14:54:00,20,446,OAK,SAN
2001-03-14 07:35:00,0,294,AUS,MAF
2001-02-01 17:45:00,-5,386,LAS,SJC
2001-03-19 11:26:00,5,496,SAT,ELP
2001-01-10 08:25:00,25,358,SMF,BUR
2001-01-06 16:15:00,-27,687,STL,HOU
2001-03-05 06:30:00,-12,588,BWI,BNA
2001-03-20 10:00:00,-5,337,OAK,LAX
2001-02-07 13:35:00,4,588,BWI,BNA
2001-03-01 18:13:00,60,187,HOU,CRP
2001-01-27 08:40:00,-10,303,HOU,MSY
2001-02-18 06:25:00,-13,838,MHT,MDW
2001-01-30 17:30:00,2,279,PDX,GEG
2001-03-18 15:20:00,0,377,BWI,MHT
2001-02-26 21:05:00,-2,217,DAL,IAH
2001-02-17 12:35:00,-7,229,STL,IND
2001-03-12 11:00:00,-2,370,LAX,PHX
2001-02-13 17:55:00,66,737,BWI,STL
2001-01-24 06:25:00,4,251,MDW,STL
2001-02-09 21:35:00,80,307,CLE,MDW
2001-03-30 09:10:00,-10,304,PHX,SAN
2001-03-20 09:30:00,-8,370,PHX,LAX
2001-03-12 11:00:00,0,866,SEA,LAS
2001-02-19 15:00:00,4,239,DAL,HOU
2001-01-17 10:00:00,-13,687,HOU,STL
2001-01-24 10:40:00,19,256,PHX,LAS
2001-02-26 09:10:00,3,293,LBB,DAL
2001-01-24 09:00:00,9,370,PHX,LAX
2001-02-26 19:33:00,131,307,MDW,CLE
2001-02-02 20:30:00,-21,1262,STL,PHX
2001-01-16 18:10:00,-6,108,PVD,ISP
2001-02-15 18:40:00,12,407,LAS,OAK
2001-03-21 11:05:00,-4,621,SJC,PHX
2001-01-07 17:35:00,13,361,OAK,ONT
2001-01-19 15:00:00,0,197,ONT,LAS
2001-03-29 18:35:00,54,967,BWI,MCI
2001-02-15 09:50:00,8,1501,MSY,LAS
2001-01-07 19:30:00,-5,1234,MCI,PVD
2001-03-16 18:35:00,14,1448,BNA,PHX
2001-01-23 16:15:00,-5,319,MAF,DAL
2001-02-22 18:00:00,15,248,SAT,DAL
2001-01-29 10:25:00,5,373,LAX,SMF
2001-01-24 07:05:00,-3,546,GEG,SLC
2001-01-18 09:05:00,-21,1671,MSY,LAX
2001-02-05 16:25:00,-6,630,PDX,SLC
2001-02-27 09:55:00,-6,775,LAS,LBB
2001-01-23 13:30:00,-7,279,GEG,PDX
2001-02-25 17:40:00,32,224,GEG,SEA
2001-02-17 08:20:00,-9,562,ELP,DAL
2001-03-15 21:25:00,3,236,LAS,LAX
2001-02-01 17:52:00,36,395,MDW,BNA
2001-01-03 18:10:00,-10,108,PVD,ISP
2001-02-18 10:10:00,8,611,BWI,MDW
2001-01-21 08:45:00,0,142,MCO,PBI
2001-03-28 17:40:00,-16,1099,OMA,LAS
2001-03-03 09:20:00,2,446,OAK,SAN
2001-03-25 12:40:00,5,1751,ONT,BNA
2001-01-09 07:00:00,-24,1506,SDF,PHX
2001-02-19 12:15:00,2,446,SAN,OAK
2001-02-05 09:50:00,-7,293,DAL,LBB
2001-03-19 19:25:00,-5,256,LAS,PHX
2001-03-31 19:14:00,5,829,TPA,CMH
2001-03-16 16:15:00,0,1448,PHX,BNA
2001-03-05 12:23:00,-4,397,LAS,SMF
2001-02-27 08:25:00,-2,328,PVD,BWI
2001-03-23 22:45:00,3,236,LAS,LAX
2001-01-22 06:55:00,-12,423,MDW,OMA
2001-03-14 16:20:00,23,248,DAL,SAT
2001-01-04 07:30:00,-4,337,LAX,OAK
2001-02-18 11:30:00,5,342,STL,OMA
2001-02-06 06:00:00,0,303,MSY,HOU
2001-01-31 13:15:00,-8,338,BNA,CMH
2001-02-18 13:15:00,-9,288,ALB,BWI
2001-03-27 06:45:00,-11,284,MDW,CMH
2001-01-26 15:05:00,19,584,ELP,LAS
2001-01-30 09:10:00,-7,276,HRL,HOU
2001-03-29 10:25:00,0,162,MDW,IND
2001-02-19 20:03:00,43,358,BUR,SMF
2001-03-13 14:53:00,33,677,LAX,ABQ
2001-03-06 08:08:00,0,1037,PHX,OMA
2001-01-19 14:27:00,37,457,BNA,DTW
2001-03-07 17:13:00,76,451,LAX,TUS
2001-03-30 15:05:00,7,271,SDF,MDW
2001-03-23 09:00:00,-10,337,LAX,OAK
2001-02-21 18:45:00,-5,229,STL,IND
2001-02-12 09:50:00,-15,1501,MSY,LAS
2001-02-19 09:30:00,-3,271,SDF,MDW
2001-01-09 16:10:00,57,487,ABQ,LAS
2001-01-31 20:20:00,-5,399,BOI,SEA
2001-03-16 13:30:00,-10,324,AMA,DAL
2001-01-18 16:50:00,5,342,SJC,SNA
2001-01-08 06:45:00,8,296,SJC,BUR
2001-03-15 16:34:00,3,239,HOU,DAL
2001-02-04 15:40:00,-2,237,TUL,DAL
2001-03-10 12:10:00,15,833,OKC,PHX
2001-03-10 07:15:00,-32,1599,SAN,MSY
2001-02-02 10:40:00,-8,345,RNO,LAS
2001-01-21 12:20:00,-10,237,TUL,DAL
2001-02-01 13:45:00,-11,462,OKC,STL
2001-01-27 06:55:00,-7,1864,BWI,SLC
2001-03-14 17:30:00,6,256,PHX,LAS
2001-02-11 15:40:00,17,1156,STL,SLC
2001-01-29 16:52:00,44,663,JAX,BWI
2001-02-01 12:55:00,-5,872,PHX,AUS
2001-01-25 14:53:00,40,480,SMF,SAN
2001-01-26 16:30:00,55,666,MDW,JAN
2001-03-30 12:20:00,-1,256,PHX,LAS
2001-02-24 12:54:00,12,1825,LAS,CLE
2001-03-16 12:28:00,15,478,MCO,BHM
2001-01-23 18:20:00,5,447,SAN,SFO
2001-03-11 17:50:00,3,967,BWI,MCI
2001-01-02 06:30:00,-12,451,TUS,LAX
2001-01-30 12:35:00,0,570,HOU,BHM
2001-01-09 08:40:00,-6,254,SDF,STL
2001-01-08 21:45:00,-7,276,HOU,HRL
2001-02-23 15:10:00,5,178,MCO,FLL
2001-01-16 19:00:00,12,1999,BWI,PHX
2001-03-31 11:15:00,-2,666,MDW,JAN
2001-02-13 07:20:00,-5,479,SMF,PDX
2001-03-31 09:10:00,-2,410,STL,BHM
2001-03-31 18:00:00,-1,337,OAK,LAX
2001-03-19 10:50:00,7,223,BUR,LAS
2001-03-01 18:50:00,72,276,HOU,HRL
2001-03-15 08:45:00,-17,925,FLL,BWI
2001-03-31 17:00:00,-2,495,SDF,BWI
2001-01-14 19:25:00,-10,294,MAF,AUS
2001-02-09 19:50:00,-5,993,AUS,MCO
2001-03-31 08:00:00,-9,307,MDW,CLE
2001-01-06 09:07:00,9,239,HOU,DAL
2001-02-10 12:30:00,-5,1034,TPA,ISP
2001-01-09 19:39:00,8,189,DAL,AUS
2001-01-23 19:30:00,9,361,OAK,ONT
2001-01-08 09:31:00,27,487,TPA,MSY
2001-01-16 19:40:00,8,1090,LAS,AUS
2001-03-16 12:24:00,0,616,BNA,MCO
2001-02-09 11:10:00,14,621,PHX,SJC
2001-03-17 15:38:00,-6,1797,LAX,BNA
2001-01-12 16:03:00,69,325,ONT,PHX
2001-03-27 18:45:00,3,335,BOI,RNO
2001-01-09 08:00:00,-11,671,SEA,OAK
2001-02-22 20:50:00,0,345,RNO,LAS
2001-03-19 06:25:00,-10,258,SAN,LAS
2001-02-18 20:38:00,8,564,RNO,SEA
2001-03-16 16:55:00,26,437,DAL,MSY
2001-01-18 11:51:00,3,371,SNA,OAK
2001-02-27 16:42:00,75,248,SAT,DAL
2001-01-14 20:04:00,-1,239,DAL,HOU
2001-01-20 08:25:00,10,937,HOU,MDW
2001-02-17 17:30:00,-7,220,ISP,BWI
2001-01-17 11:35:00,39,337,LAX,OAK
2001-03-20 14:40:00,28,588,BNA,BWI
2001-03-07 09:58:00,-10,1618,LAS,BHM
2001-03-24 07:50:00,-7,351,STL,TUL
2001-03-17 11:35:00,-15,671,SEA,OAK
2001-01-17 18:20:00,-2,447,SAN,SFO
2001-01-30 16:45:00,25,611,MDW,BWI
2001-02-16 16:14:00,2,611,MDW,BWI
2001-01-04 09:21:00,10,395,BNA,MDW
2001-01-31 09:05:00,3,192,HOU,SAT
2001-02-04 14:27:00,72,224,GEG,SEA
2001-01-31 16:35:00,-6,325,BUR,OAK
2001-03-23 20:55:00,10,1262,STL,PHX
2001-03-01 20:42:00,79,682,BHM,BWI
2001-02-02 06:45:00,5,390,LAX,RNO
2001-02-19 09:10:00,4,361,ONT,OAK
2001-01-27 16:25:00,3,883,PBI,BWI
2001-03-28 16:00:00,0,192,HOU,SAT
2001-02-04 08:30:00,-6,370,PHX,LAX
2001-02-24 12:15:00,2,251,STL,MDW
2001-03-03 12:52:00,62,843,PHX,SAT
2001-03-29 07:30:00,10,787,BWI,MCO
2001-02-24 17:08:00,47,389,SMF,ONT
2001-01-31 06:15:00,-8,562,ELP,DAL
2001-03-16 07:00:00,3,528,ELP,AUS
2001-02-22 20:10:00,-5,192,SAT,HOU
2001-02-10 09:50:00,-5,271,MDW,SDF
2001-03-28 14:18:00,-11,1180,SEA,ABQ
2001-03-12 17:30:00,-2,337,OAK,LAX
2001-01-30 21:45:00,-2,303,MSY,HOU
2001-02-17 09:40:00,6,1489,MCI,OAK
2001-02-01 10:33:00,7,580,ABQ,DAL
2001-03-23 17:35:00,35,258,SAN,LAS
2001-03-04 20:35:00,70,1363,MCI,LAX
2001-03-15 14:00:00,13,328,PHX,ABQ
2001-02-09 13:43:00,63,828,IND,MCO
2001-03-30 16:10:00,0,479,PDX,SMF
2001-02-16 20:59:00,17,550,MCO,MSY
2001-01-29 09:30:00,-5,307,MDW,CLE
2001-01-23 06:30:00,0,337,LAX,OAK
2001-02-12 14:15:00,99,345,LAS,RNO
2001-02-09 19:50:00,110,1599,MSY,SAN
2001-03-26 08:00:00,-7,197,LAS,ONT
2001-02-27 17:05:00,0,108,ISP,PVD
2001-01-06 11:39:00,3,934,ABQ,STL
2001-03-30 18:57:00,59,328,BWI,PVD
2001-03-26 20:05:00,-7,142,MCO,PBI
2001-01-10 13:30:00,19,237,DAL,TUL
2001-01-04 20:40:00,-10,437,DAL,MSY
2001-01-16 19:20:00,-1,237,TUL,DAL
2001-02-26 21:05:00,58,487,LAS,ABQ
2001-03-26 18:30:00,0,1591,LAS,IND
2001-03-11 20:26:00,63,405,MCI,MDW
2001-01-05 20:41:00,34,880,MCO,STL
2001-01-04 19:25:00,5,258,LAS,SAN
2001-02-12 09:00:00,-10,337,LAX,OAK
2001-02-21 12:20:00,-4,192,SAT,HOU
2001-03-16 09:20:00,11,616,BNA,MCO
2001-02-13 11:42:00,48,337,OAK,LAX
2001-03-27 19:50:00,-25,1363,MCI,LAX
2001-02-25 14:20:00,0,440,DTW,STL
2001-02-02 17:40:00,14,787,BWI,MCO
2001-02-05 10:10:00,0,291,BOI,SLC
2001-01-02 15:42:00,0,220,ISP,BWI
2001-01-16 13:10:00,-5,478,BHM,MCO
2001-01-16 21:00:00,53,258,LAS,SAN
2001-03-11 12:36:00,6,480,SAN,SMF
2001-01-05 07:30:00,-8,223,ELP,ABQ
2001-03-31 07:30:00,-3,365,TUS,LAS
2001-01-17 13:46:00,44,178,MCO,FLL
2001-01-02 14:52:00,43,511,OAK,BOI
2001-01-12 11:10:00,11,239,HOU,DAL
2001-02-22 07:05:00,5,365,JAX,BHM
2001-01-07 14:30:00,2,239,DAL,HOU
2001-02-17 09:30:00,0,370,PHX,LAX
2001-02-12 07:50:00,30,1797,BNA,LAX
2001-02-20 16:35:00,12,1552,MCO,ABQ
2001-01-18 18:05:00,69,148,AUS,HOU
2001-02-20 19:30:00,-18,1236,MCI,MHT
2001-02-28 10:00:00,28,370,LAX,PHX
2001-02-20 08:20:00,-20,1751,SAN,BNA
2001-02-19 17:40:00,-5,197,TPA,FLL
2001-01-03 18:30:00,-2,220,ISP,BWI
2001-02-07 19:00:00,5,304,PHX,SAN
2001-03-28 08:30:00,0,236,LAS,LAX
2001-03-16 20:25:00,5,842,TPA,BWI
2001-01-16 07:20:00,5,611,BWI,MDW
2001-03-21 17:00:00,16,197,LAS,ONT
2001-02-04 08:30:00,-4,304,SAN,PHX
2001-01-10 17:35:00,5,515,BWI,IND
2001-02-20 17:55:00,2,347,ELP,PHX
2001-02-04 08:00:00,-20,447,SAN,SFO
2001-02-18 22:05:00,5,328,PHX,ABQ
2001-02-28 20:00:00,-15,446,SAN,OAK
2001-02-13 14:05:00,4,248,SAT,DAL
2001-02-26 06:15:00,-1,562,ELP,DAL
2001-03-06 17:55:00,-4,1235,LAS,HOU
2001-02-24 19:35:00,12,358,BUR,SMF
2001-01-24 06:45:00,-3,178,FLL,MCO
2001-02-01 19:55:00,-8,342,SNA,SJC
2001-03-16 12:52:00,-1,601,RNO,PHX
2001-02-18 09:35:00,-8,371,SNA,OAK
2001-02-09 06:50:00,-8,938,MHT,BNA
2001-03-27 19:44:00,14,308,LAX,SJC
2001-03-30 15:00:00,-7,337,LAX,OAK
2001-02-23 20:26:00,50,389,SMF,ONT
2001-03-06 16:00:00,-5,248,SAT,DAL
2001-02-11 10:50:00,-5,236,LAX,LAS
2001-03-28 22:20:00,-1,368,LAS,SLC
2001-01-20 09:00:00,-18,544,MDW,LIT
2001-02-02 19:59:00,8,174,PBI,TPA
2001-02-04 14:25:00,-2,223,MCI,TUL
2001-02-13 13:50:00,14,174,TPA,PBI
2001-03-02 16:30:00,-7,1797,BNA,LAX
2001-01-02 21:24:00,86,344,PDX,BOI
2001-03-13 11:30:00,-3,239,HOU,DAL
2001-01-29 17:25:00,20,325,PHX,ONT
2001-03-12 17:20:00,-2,283,BWI,BDL
2001-01-21 16:30:00,-1,239,HOU,DAL
2001-03-31 16:54:00,5,324,DAL,AMA
2001-03-13 22:40:00,27,237,STL,MCI
2001-01-29 08:20:00,0,188,SJC,RNO
2001-02-23 11:32:00,13,359,HOU,JAN
2001-03-11 11:40:00,-11,443,BNA,RDU
2001-01-28 07:20:00,-15,762,PDX,LAS
2001-03-02 10:25:00,-5,162,MDW,IND
2001-02-15 21:05:00,-3,328,BWI,PVD
2001-01-13 14:19:00,22,453,TUL,HOU
2001-03-02 17:50:00,-4,673,MSY,FLL
2001-01-23 17:40:00,10,872,AUS,PHX
2001-01-10 22:15:00,38,236,LAS,LAX
2001-03-25 20:20:00,8,328,BWI,PVD
2001-02-19 08:35:00,2,236,LAS,LAX
2001-01-22 14:10:00,6,1180,SEA,ABQ
2001-01-26 20:15:00,12,546,SLC,GEG
2001-02-26 09:30:00,5,239,DAL,HOU
2001-03-17 12:45:00,-3,223,MCI,TUL
2001-02-03 09:30:00,-10,307,MDW,CLE
2001-03-20 08:45:00,-5,1099,OMA,LAS
2001-01-28 17:00:00,0,370,LAX,PHX
2001-03-24 15:01:00,25,256,PHX,LAS
2001-03-05 18:25:00,0,1140,MCI,LAS
2001-02-05 10:46:00,8,224,GEG,SEA
2001-01-09 08:35:00,-5,279,PDX,GEG
2001-02-26 07:35:00,-7,271,MDW,SDF
2001-02-24 11:17:00,55,337,OAK,LAX
2001-03-07 08:40:00,-10,397,LAS,SMF
2001-01-16 20:55:00,-9,251,STL,MDW
2001-01-13 11:30:00,16,612,TPA,BNA
2001-01-03 06:30:00,-5,288,ALB,BWI
2001-01-18 18:20:00,-2,369,PHX,BUR
2001-01-14 11:05:00,-1,636,ELP,SAN
2001-01-14 17:25:00,-8,1497,ABQ,TPA
2001-03-06 21:20:00,7,462,OKC,STL
2001-03-28 07:05:00,4,616,MCO,BNA
2001-02-20 06:50:00,8,333,SJC,ONT
2001-03-01 15:00:00,-9,919,MCI,SLC
2001-02-20 07:55:00,-9,457,BNA,DTW
2001-02-03 14:15:00,13,444,RNO,PDX
2001-03-22 12:40:00,-15,1262,PHX,STL
2001-01-05 18:30:00,0,308,SJC,LAX
2001-02-21 19:20:00,0,377,BWI,MHT
2001-01-02 08:00:00,-10,758,AMA,LAS
2001-01-08 06:30:00,2,304,SAN,PHX
2001-01-12 14:05:00,30,237,MCI,STL
2001-01-24 14:00:00,0,248,SAT,DAL
2001-02-24 11:10:00,31,1444,MDW,PHX
2001-02-13 13:05:00,-2,283,BDL,BWI
2001-03-28 10:00:00,2,1618,LAS,BHM
2001-01-03 18:55:00,23,689,SEA,SLC
2001-02-11 21:15:00,-2,296,DAL,LIT
2001-03-22 06:45:00,0,178,MCO,FLL
2001-01-28 06:30:00,-5,588,BWI,BNA
2001-01-31 10:50:00,0,223,BUR,LAS
2001-03-15 13:50:00,33,448,BNA,CLE
2001-01-10 07:40:00,0,251,MDW,STL
2001-03-22 07:40:00,0,248,DAL,SAT
2001-03-19 08:00:00,-5,239,DAL,HOU
2001-03-27 10:45:00,-9,223,LAS,BUR
2001-01-14 07:05:00,-5,386,SJC,LAS
2001-01-06 16:52:00,20,838,TPA,IND
2001-01-15 21:30:00,6,495,BWI,SDF
2001-02-13 16:40:00,17,304,PHX,SAN
2001-03-24 21:12:00,31,303,HOU,MSY
2001-01-08 07:00:00,-4,437,MSY,DAL
2001-01-21 15:05:00,7,605,SEA,SMF
2001-03-07 15:35:00,-18,1099,OMA,LAS
2001-02-14 17:40:00,7,718,ABQ,MCI
2001-01-21 12:00:00,0,324,DAL,AMA
2001-03-06 11:08:00,10,440,DTW,STL
2001-01-19 22:00:00,0,303,HOU,MSY
2001-01-05 16:15:00,2,833,PHX,OKC
2001-02-10 15:48:00,0,687,STL,HOU
2001-03-15 19:37:00,14,389,ONT,SMF
2001-02-23 10:00:00,-10,365,TUS,LAS
2001-03-01 15:25:00,17,248,DAL,SAT
2001-01-28 15:20:00,-31,1912,PHX,BUF
2001-01-02 15:45:00,43,423,OMA,MDW
2001-01-08 21:00:00,0,313,OKC,MCI
2001-01-09 11:45:00,36,386,LAS,SJC
2001-01-09 07:30:00,19,852,BDL,BNA
2001-02-08 10:40:00,-5,188,SJC,RNO
2001-03-22 16:00:00,2,276,HRL,HOU
2001-02-02 13:05:00,0,180,TPA,JAX
2001-01-08 20:15:00,0,328,BWI,PVD
2001-03-26 11:40:00,10,723,OAK,GEG
2001-03-10 16:50:00,0,636,ELP,SAN
2001-02-15 08:35:00,3,304,SAN,PHX
2001-03-22 06:40:00,-4,601,RNO,PHX
2001-01-12 14:50:00,58,462,OKC,STL
2001-01-15 22:05:00,-6,248,SAT,DAL
2001-02-19 11:19:00,3,369,BUR,PHX
2001-01-31 19:35:00,2,248,DAL,SAT
2001-03-27 08:10:00,-8,587,MCO,JAN
2001-02-18 14:25:00,1,177,BNA,BHM
2001-03-05 09:35:00,-13,1489,MCI,SEA
2001-01-04 13:05:00,-10,651,SFO,PHX
2001-02-27 10:50:00,3,229,DTW,MDW
2001-03-05 06:30:00,-6,255,RDU,BWI
2001-01-03 11:20:00,-2,580,DAL,ABQ
2001-02-03 18:30:00,-9,293,LBB,DAL
2001-02-22 12:35:00,40,611,MDW,BWI
2001-02-12 18:22:00,3,369,BUR,PHX
2001-02-28 06:30:00,0,308,LAX,SJC
2001-01-15 11:30:00,2,308,LAX,SJC
2001-03-13 13:55:00,-4,373,LAX,SMF
2001-01-26 14:28:00,58,417,SAN,SJC
2001-02-09 14:50:00,71,440,STL,DTW
2001-01-22 15:35:00,13,197,TPA,FLL
2001-02-26 13:35:00,17,333,SJC,ONT
2001-02-18 08:25:00,-3,229,MDW,DTW
2001-01-11 16:40:00,5,351,TUL,STL
2001-02-21 12:30:00,-13,803,BNA,ISP
2001-01-19 07:05:00,-3,616,MCO,BNA
2001-03-20 19:00:00,-10,337,LAX,OAK
2001-02-04 08:45:00,-1,1624,LAS,SDF
2001-01-29 06:30:00,-8,361,OAK,ONT
2001-02-24 15:53:00,85,447,SFO,SAN
2001-03-10 19:10:00,-12,373,SMF,LAX
2001-01-26 06:30:00,-3,405,MDW,MCI
2001-03-19 07:08:00,8,528,ELP,AUS
2001-03-18 13:53:00,55,217,DAL,IAH
2001-03-07 07:25:00,-2,281,BUF,BWI
2001-01-26 15:00:00,-3,239,HOU,DAL
2001-01-27 18:25:00,5,1235,HOU,LAS
2001-03-02 07:30:00,0,673,FLL,MSY
2001-03-28 08:25:00,2,1044,PHX,MCI
2001-02-02 18:05:00,3,328,ABQ,PHX
2001-01-10 12:09:00,32,407,OAK,LAS
2001-03-08 20:20:00,-2,443,RDU,BNA
2001-03-19 18:06:00,7,405,MDW,MCI
2001-02-05 09:45:00,-24,1448,PHX,BNA
2001-03-07 08:30:00,-8,255,RDU,BWI
2001-02-13 21:50:00,37,258,LAS,SAN
2001-03-03 14:05:00,65,647,SMF,PHX
2001-01-17 12:15:00,10,239,HOU,DAL
2001-01-23 18:24:00,18,325,OAK,BUR
2001-01-17 13:14:00,7,369,PHX,BUR
2001-01-07 22:08:00,13,480,SAN,SMF
2001-03-04 18:46:00,13,237,DAL,TUL
2001-01-28 17:40:00,-23,1099,OMA,LAS
2001-01-07 20:17:00,2,714,LAX,ELP
2001-01-25 20:10:00,4,714,ELP,LAX
2001-02-26 16:30:00,-8,838,TPA,IND
2001-01-30 21:25:00,-14,1140,MCI,LAS
2001-02-05 08:15:00,-2,308,SJC,LAX
2001-03-01 09:33:00,6,303,MSY,HOU
2001-02-09 17:51:00,57,337,LAX,OAK
2001-02-05 12:50:00,6,367,TUS,SAN
2001-02-17 19:30:00,-3,370,LAX,PHX
2001-02-05 13:10:00,-8,405,MDW,MCI
2001-01-31 06:20:00,-8,358,SMF,BUR
2001-02-16 17:55:00,108,569,SJC,PDX
2001-02-26 20:15:00,14,308,SJC,LAX
2001-03-15 18:40:00,14,325,PHX,ONT
2001-03-17 18:55:00,-11,304,PHX,SAN
2001-03-08 18:38:00,39,333,ONT,SJC
2001-02-12 07:05:00,16,727,TPA,SDF
2001-03-28 06:30:00,5,224,GEG,SEA
2001-01-14 15:20:00,3,843,SAT,PHX
2001-02-18 17:55:00,-15,765,MDW,ISP
2001-01-06 16:52:00,38,419,OKC,HOU
2001-03-10 14:15:00,-10,405,MDW,MCI
2001-03-08 15:34:00,32,293,LBB,DAL
2001-01-14 15:40:00,-3,148,AUS,HOU
2001-02-22 19:30:00,-5,687,HOU,STL
2001-03-02 11:45:00,-16,1444,PHX,MDW
2001-03-07 08:55:00,-10,303,MSY,HOU
2001-03-21 07:20:00,-3,108,ISP,PVD
2001-03-05 16:45:00,3,405,MDW,MCI
2001-03-26 12:28:00,35,677,LAX,ABQ
2001-01-25 13:15:00,23,828,IND,MCO
2001-03-09 11:35:00,-20,671,SEA,OAK
2001-02-01 10:00:00,-5,370,PHX,LAX
2001-03-08 00:55:00,167,550,MSY,MCO
2001-02-08 07:00:00,-7,1090,AUS,LAS
2001-01-22 11:25:00,0,405,MCI,MDW
2001-01-25 07:40:00,10,718,MCI,ABQ
2001-01-24 21:10:00,14,296,STL,LIT
2001-01-02 21:34:00,47,365,TUS,LAS
2001-02-25 19:10:00,10,223,ABQ,ELP
2001-01-23 19:50:00,-7,1363,MCI,LAX
2001-02-21 10:15:00,0,389,ONT,SMF
2001-03-18 17:33:00,45,1020,PHX,HOU
2001-03-20 06:30:00,2,361,OAK,ONT
2001-02-22 19:15:00,185,570,BHM,HOU
2001-01-30 16:45:00,-9,1210,LAX,SAT
2001-01-30 10:58:00,28,833,PHX,OKC
2001-01-26 18:42:00,110,256,PHX,LAS
2001-01-21 16:20:00,6,237,MCI,STL
2001-02-01 09:00:00,-10,248,DAL,SAT
2001-03-07 17:25:00,0,446,SAN,OAK
2001-02-09 20:50:00,95,148,AUS,HOU
2001-02-09 09:10:00,1,293,LBB,DAL
2001-02-22 13:55:00,-3,256,PHX,LAS
2001-03-31 15:05:00,-9,293,LBB,DAL
2001-03-01 21:45:00,-7,588,BNA,BWI
2001-01-18 15:36:00,12,239,DAL,HOU
2001-01-19 15:00:00,9,370,PHX,LAX
2001-03-22 15:33:00,14,325,OAK,BUR
2001-03-14 13:00:00,0,239,DAL,HOU
2001-03-01 15:00:00,3,843,PHX,SAT
2001-03-29 14:00:00,-2,239,DAL,HOU
2001-03-21 07:45:00,-1,487,TPA,MSY
2001-02-23 21:47:00,18,370,PHX,LAX
2001-01-06 19:50:00,-2,407,OAK,LAS
2001-01-25 17:57:00,50,239,DAL,HOU
2001-02-04 16:50:00,-9,636,ELP,SAN
2001-03-30 11:05:00,-20,1210,SAT,LAX
2001-01-13 07:35:00,-21,1073,PVD,MCO
2001-01-25 21:50:00,35,258,LAS,SAN
2001-03-01 10:25:00,-8,389,SMF,ONT
2001-01-16 17:58:00,2,347,ELP,PHX
2001-02-20 14:32:00,9,479,SMF,PDX
2001-02-11 10:45:00,-8,258,SAN,LAS
2001-02-03 10:40:00,5,451,TUS,LAX
2001-02-14 18:05:00,-3,178,MCO,FLL
2001-01-27 14:45:00,-10,239,HOU,DAL
2001-03-10 18:05:00,7,446,OAK,SAN
2001-02-02 09:46:00,19,471,BNA,MSY
2001-03-29 13:55:00,-8,251,STL,MDW
2001-03-25 17:00:00,13,342,SJC,SNA
2001-02-15 07:50:00,-11,646,PHX,OAK
2001-03-15 15:50:00,4,507,PHX,SLC
2001-01-11 08:45:00,-6,148,AUS,HOU
2001-02-06 09:05:00,-5,368,SLC,LAS
2001-03-20 16:00:00,-5,258,LAS,SAN
2001-02-12 15:15:00,3,993,MCO,AUS
2001-01-11 11:50:00,-5,180,JAX,TPA
2001-01-03 19:25:00,14,337,OAK,LAX
2001-03-31 16:20:00,18,451,LAX,TUS
2001-01-24 12:30:00,-10,2237,ALB,LAS
2001-01-23 12:15:00,-6,616,BNA,MCO
2001-01-05 17:53:00,32,935,PHX,TUL
2001-02-01 17:55:00,7,295,LBB,ELP
2001-01-10 14:55:00,-5,328,PVD,BWI
2001-03-12 13:00:00,-3,276,HRL,HOU
2001-01-21 11:10:00,-11,621,PHX,SJC
2001-03-06 09:05:00,15,321,BHM,MSY
2001-03-16 12:17:00,10,223,BUR,LAS
2001-03-01 10:45:00,4,258,SAN,LAS
2001-01-12 07:15:00,-5,318,JAX,FLL
2001-02-21 11:15:00,7,448,CLE,BNA
2001-02-20 06:45:00,5,314,BWI,CLE
2001-03-04 08:55:00,8,405,MDW,MCI
2001-02-04 15:55:00,-5,325,PHX,ONT
2001-02-14 14:55:00,65,462,OKC,STL
2001-03-27 12:55:00,-10,628,ABQ,SAN
2001-02-27 06:20:00,-3,358,SMF,BUR
2001-01-29 11:40:00,-8,258,LAS,SAN
2001-01-03 13:40:00,0,737,STL,BWI
2001-02-28 07:05:00,-5,727,TPA,SDF
2001-03-15 17:52:00,5,904,MCI,RDU
2001-01-14 08:45:00,0,293,DAL,LBB
2001-02-27 09:50:00,-9,1489,MCI,OAK
2001-01-22 19:30:00,0,239,HOU,DAL
2001-03-22 08:45:00,-13,1142,MHT,MCO
2001-01-03 19:50:00,11,587,RDU,TPA
2001-03-14 19:45:00,5,174,PBI,TPA
2001-03-29 13:45:00,12,256,LAS,PHX
2001-02-18 17:42:00,62,386,SJC,LAS
2001-02-12 10:19:00,21,1037,OMA,PHX
2001-02-15 13:00:00,85,256,PHX,LAS
2001-01-29 06:10:00,0,188,RNO,SJC
2001-01-22 21:10:00,-6,666,MCI,HOU
2001-01-19 17:45:00,-7,677,LAX,ABQ
2001-02-23 20:25:00,8,258,LAS,SAN
2001-03-08 06:25:00,-2,313,MCI,OKC
2001-02-03 10:55:00,-5,296,BUR,SJC
2001-03-01 13:35:00,2,460,TPA,BHM
2001-02-10 09:12:00,9,628,ABQ,SAN
2001-02-12 16:54:00,2,325,OAK,BUR
2001-02-09 12:15:00,-3,446,SAN,OAK
2001-02-26 14:55:00,-3,758,BNA,PBI
2001-01-11 18:40:00,77,342,SNA,SJC
2001-02-02 17:55:00,-12,304,PHX,SAN
2001-01-15 10:50:00,-2,395,BNA,MDW
2001-03-29 19:05:00,-1,251,STL,MDW
2001-02-06 12:45:00,-3,189,AUS,DAL
2001-01-15 14:05:00,37,377,MHT,BWI
2001-03-01 08:55:00,-17,390,RNO,LAX
2001-01-26 14:35:00,-1,303,HOU,MSY
2001-01-19 10:53:00,8,368,LAS,SLC
2001-03-11 09:10:00,0,370,LAX,PHX
2001-02-05 17:10:00,2,405,MDW,MCI
2001-02-04 19:10:00,-11,570,HOU,BHM
2001-03-15 17:23:00,25,443,BNA,RDU
2001-03-09 11:35:00,-8,368,SLC,LAS
2001-03-01 14:45:00,0,417,SAN,SJC
2001-01-21 17:30:00,-2,279,PDX,GEG
2001-01-04 09:05:00,-11,628,ABQ,SAN
2001-01-21 10:55:00,-1,303,HOU,MSY
2001-03-09 16:30:00,35,451,LAX,TUS
2001-01-01 09:25:00,-27,1977,BNA,SEA
2001-03-11 10:25:00,-6,389,SMF,ONT
2001-03-27 21:00:00,-10,389,SMF,ONT
2001-03-24 10:40:00,-1,304,PHX,SAN
2001-02-01 20:45:00,-7,342,SNA,SJC
2001-03-20 16:20:00,25,325,PHX,ONT
2001-03-24 11:22:00,29,239,DAL,HOU
2001-02-13 09:20:00,-4,543,OAK,PDX
2001-01-21 13:18:00,-2,180,OAK,RNO
2001-03-30 21:10:00,-2,405,MDW,MCI
2001-01-10 22:15:00,17,670,BNA,HOU
2001-01-27 18:20:00,-8,842,TPA,BWI
2001-03-30 07:00:00,0,437,MSY,DAL
2001-02-01 06:40:00,7,446,SAN,OAK
2001-03-21 17:30:00,-3,256,PHX,LAS
2001-01-05 21:39:00,20,281,BWI,BUF
2001-02-21 10:45:00,-10,758,BNA,PBI
2001-03-28 11:10:00,6,251,MDW,STL
2001-03-12 21:20:00,-5,611,BWI,MDW
2001-03-26 17:05:00,-14,308,SJC,LAX
2001-02-12 07:45:00,-5,368,SLC,LAS
2001-03-03 10:10:00,-9,236,LAS,LAX
2001-03-05 09:20:00,10,758,PBI,BNA
2001-03-05 20:20:00,-16,1044,PHX,MCI
2001-01-14 09:30:00,-24,1489,MCI,SEA
2001-03-09 08:32:00,-3,646,OAK,PHX
2001-02-27 12:35:00,2,829,TPA,CMH
2001-02-25 08:55:00,-4,303,MSY,HOU
2001-02-04 10:30:00,9,802,CMH,MCO
2001-02-28 19:55:00,74,187,HOU,CRP
2001-01-18 16:05:00,9,325,PHX,ONT
2001-03-28 08:00:00,10,251,MDW,STL
2001-01-07 06:55:00,-17,938,MHT,BNA
2001-01-31 09:50:00,-7,296,SJC,BUR
2001-02-14 09:46:00,41,934,STL,ABQ
2001-01-22 10:55:00,-13,248,DAL,SAT
2001-02-10 13:37:00,10,405,MCI,MDW
2001-03-13 21:10:00,-3,677,ABQ,LAX
2001-03-16 11:10:00,-4,324,AMA,DAL
2001-01-17 09:15:00,-3,651,SFO,PHX
2001-01-16 06:30:00,-7,389,ONT,SMF
2001-03-21 19:35:00,33,279,GEG,PDX
2001-01-30 11:45:00,-12,319,MAF,DAL
2001-02-25 17:17:00,35,342,SJC,SNA
2001-02-22 10:20:00,-22,1099,LAS,OMA
2001-01-15 08:10:00,-11,258,SAN,LAS
2001-01-15 12:00:00,5,361,ONT,OAK
2001-02-21 07:15:00,-1,377,MHT,BWI
2001-02-22 10:52:00,-8,919,SLC,MCI
2001-02-03 13:38:00,8,345,LAS,RNO
2001-03-14 20:42:00,23,187,CRP,HOU
2001-03-27 20:45:00,5,276,HRL,HOU
2001-02-22 07:40:00,0,395,BNA,MDW
2001-01-11 07:20:00,-8,611,BWI,MDW
2001-03-30 15:50:00,-6,440,STL,DTW
2001-02-02 10:50:00,-1,229,DTW,MDW
2001-02-15 08:53:00,27,407,LAS,OAK
2001-02-11 22:14:00,26,293,DAL,LBB
2001-03-23 09:52:00,2,1363,MCI,LAX
2001-01-15 08:00:00,-8,1069,LAS,SAT
2001-02-12 06:00:00,0,405,MCI,MDW
2001-03-30 18:52:00,21,254,SDF,STL
2001-03-27 16:30:00,-24,1797,BNA,LAX
2001-01-15 20:35:00,2,616,MCO,BNA
2001-03-10 20:09:00,5,239,DAL,HOU
2001-01-04 12:10:00,0,389,SMF,ONT
2001-02-08 17:40:00,3,197,TPA,FLL
2001-03-18 08:15:00,-8,248,SAT,DAL
2001-02-20 12:50:00,-17,1977,SEA,BNA
2001-02-01 19:50:00,20,587,RDU,TPA
2001-01-16 19:00:00,103,872,AUS,PHX
2001-03-17 15:08:00,1,337,OAK,LAX
2001-03-13 18:30:00,-5,570,BHM,MDW
2001-01-16 16:45:00,0,324,DAL,AMA
2001-02-24 11:35:00,21,457,DTW,BNA
2001-03-09 17:30:00,76,256,LAS,PHX
2001-02-02 06:15:00,0,562,ELP,DAL
2001-01-03 22:19:00,46,304,PHX,SAN
2001-02-10 13:54:00,-2,1489,OAK,MCI
2001-01-16 06:38:00,7,361,OAK,ONT
2001-02-27 07:35:00,-10,229,MDW,DTW
2001-03-01 10:10:00,-12,422,SLC,RNO
2001-02-23 11:13:00,70,1140,MCI,LAS
2001-02-08 07:10:00,-11,279,GEG,PDX
2001-01-25 16:17:00,9,281,BWI,BUF
2001-01-09 09:30:00,5,328,PHX,ABQ
2001-02-05 16:50:00,-6,293,DAL,LBB
2001-03-05 07:50:00,0,296,DAL,LIT
2001-03-24 09:25:00,0,515,BWI,IND
2001-02-11 14:12:00,7,304,PHX,SAN
2001-03-22 11:52:00,0,304,SAN,PHX
2001-01-08 18:37:00,8,370,LAX,PHX
2001-03-17 14:20:00,-7,580,ABQ,DAL
2001-02-19 14:30:00,-6,687,STL,HOU
2001-03-13 16:30:00,-2,287,GEG,BOI
2001-03-11 16:54:00,28,187,CRP,HOU
2001-01-28 15:55:00,43,480,SAN,SMF
2001-03-03 18:05:00,0,239,DAL,HOU
2001-01-02 18:53:00,70,288,BWI,ALB
2001-01-07 12:00:00,-3,281,BUF,BWI
2001-01-07 07:25:00,-7,491,MCI,BNA
2001-02-21 14:00:00,1,239,DAL,HOU
2001-03-30 23:10:00,40,480,SAN,SMF
2001-03-13 09:35:00,5,471,BNA,MSY
2001-01-14 07:03:00,4,550,MCO,MSY
2001-02-25 11:45:00,4,288,BWI,ALB
2001-03-16 12:15:00,0,446,SAN,OAK
2001-02-17 10:10:00,0,584,ELP,LAS
2001-01-18 16:05:00,14,239,DAL,HOU
2001-02-26 21:59:00,120,314,CLE,BWI
2001-01-29 21:10:00,-6,651,SFO,PHX
2001-02-09 16:00:00,20,223,LAS,BUR
2001-01-09 09:44:00,10,325,OAK,BUR
2001-01-22 07:00:00,-7,345,LAS,RNO
2001-02-01 11:23:00,2,359,HOU,JAN
2001-03-04 07:40:00,-10,303,HOU,MSY
2001-02-01 07:52:00,0,189,AUS,DAL
2001-01-22 14:10:00,-7,277,AMA,ABQ
2001-02-19 17:40:00,4,325,PHX,ONT
2001-02-24 08:00:00,5,345,LAS,RNO
2001-02-19 07:35:00,-8,177,BNA,BHM
2001-03-19 09:00:00,-5,255,BWI,RDU
2001-03-12 11:30:00,-15,487,STL,CLE
2001-03-08 06:10:00,-12,399,BOI,SEA
2001-03-04 19:50:00,49,370,LAX,PHX
2001-02-17 06:20:00,0,303,HOU,MSY
2001-01-16 17:40:00,-2,487,MSY,TPA
2001-01-05 20:30:00,-14,1262,STL,PHX
2001-01-09 11:10:00,-1,287,GEG,BOI
2001-02-03 11:25:00,-8,405,MCI,MDW
2001-01-30 07:25:00,11,1076,TUL,LAS
2001-02-01 16:15:00,4,448,CLE,BNA
2001-01-30 20:02:00,-15,515,IND,BWI
2001-01-27 13:15:00,-11,237,DAL,TUL
2001-01-04 11:30:00,-6,370,PHX,LAX
2001-03-17 18:55:00,-5,1044,MCI,PHX
2001-02-14 16:38:00,46,1262,STL,PHX
2001-03-31 12:30:00,0,342,SJC,SNA
2001-03-02 19:49:00,5,1020,PHX,HOU
2001-01-17 13:40:00,14,368,LAS,SLC
2001-03-20 20:50:00,14,670,HOU,BNA
2001-01-30 10:50:00,-5,493,SLC,ABQ
2001-03-11 20:50:00,-6,621,PHX,SJC
2001-02-10 16:05:00,0,281,BWI,BUF
2001-03-03 09:15:00,-13,1242,AUS,LAX
2001-03-03 10:30:00,-11,588,BNA,BWI
2001-03-28 17:20:00,5,480,SAN,SMF
2001-02-14 18:40:00,-10,889,ABQ,OAK
2001-03-27 08:55:00,5,303,MSY,HOU
2001-03-27 11:22:00,8,321,MSY,BHM
2001-02-08 09:20:00,4,237,DAL,TUL
2001-02-09 20:40:00,18,180,TPA,JAX
2001-03-17 11:50:00,-4,180,JAX,TPA
2001-01-02 03:20:00,245,405,MCI,MDW
2001-03-25 13:45:00,19,417,SAN,SJC
2001-01-25 19:55:00,22,239,HOU,DAL
2001-02-19 17:25:00,8,2106,BWI,LAS
2001-03-23 13:55:00,5,293,DAL,LBB
2001-02-01 09:35:00,0,369,BUR,PHX
2001-03-27 18:30:00,10,670,BNA,HOU
2001-03-21 11:00:00,-6,368,LAS,SLC
2001-02-15 12:15:00,-7,636,SAN,ELP
2001-02-27 15:20:00,0,487,ABQ,LAS
2001-03-14 16:36:00,0,180,OAK,RNO
2001-03-07 14:00:00,-2,314,CLE,BWI
2001-01-28 08:20:00,52,842,BWI,TPA
2001-01-10 10:33:00,37,233,HRL,SAT
2001-01-08 11:20:00,-7,187,CRP,HOU
2001-02-15 06:30:00,-2,304,SAN,PHX
2001-01-12 20:52:00,129,590,SLC,LAX
2001-02-05 06:15:00,-6,239,DAL,HOU
2001-02-15 18:15:00,0,377,BWI,MHT
2001-02-26 18:24:00,-5,842,TPA,BWI
2001-01-23 16:10:00,-1,174,TPA,PBI
2001-01-17 17:00:00,-3,677,ELP,HOU
2001-02-20 07:30:00,-8,239,DAL,HOU
2001-03-27 11:15:00,2,197,ONT,LAS
2001-03-24 11:20:00,-10,507,SLC,PHX
2001-01-08 11:05:00,-3,341,LBB,AUS
2001-01-10 08:30:00,12,367,SAN,TUS
2001-01-23 09:45:00,3,324,DAL,AMA
2001-01-22 10:15:00,0,611,BWI,MDW
2001-02-27 18:40:00,0,258,SAN,LAS
2001-02-16 11:20:00,25,303,HOU,MSY
2001-01-07 15:15:00,17,407,LAS,OAK
2001-01-05 19:04:00,18,345,LAS,RNO
2001-03-28 11:35:00,0,284,MDW,CMH
2001-03-13 19:10:00,-5,872,PHX,AUS
2001-01-01 17:20:00,16,528,AUS,ELP
2001-03-31 19:30:00,-10,1236,MCI,MHT
2001-02-11 19:45:00,-5,237,TUL,DAL
2001-02-02 12:05:00,-3,223,BUR,LAS
2001-01-31 16:05:00,-1,287,BOI,GEG
2001-02-07 12:01:00,28,307,MDW,CLE
2001-02-06 12:30:00,-2,347,ELP,PHX
2001-03-25 08:00:00,-5,1162,RDU,AUS
2001-03-13 09:59:00,-16,714,ELP,LAX
2001-02-13 06:50:00,0,369,PHX,BUR
2001-01-01 15:00:00,-7,271,MDW,SDF
2001-03-14 08:05:00,0,338,CMH,BNA
2001-02-10 13:35:00,-18,689,SLC,SEA
2001-02-22 08:20:00,-1,248,DAL,SAT
2001-03-12 12:50:00,-1,590,LAX,SLC
2001-01-14 07:00:00,-5,377,BWI,MHT
2001-02-01 21:25:00,-4,304,SAN,PHX
2001-03-10 18:30:00,-3,987,LAS,OKC
2001-03-21 11:20:00,-5,187,CRP,HOU
2001-02-28 07:25:00,0,1489,OAK,MCI
2001-03-18 07:10:00,-15,1188,FLL,PVD
2001-01-09 13:25:00,-5,335,BOI,RNO
2001-02-01 07:10:00,0,389,ONT,SMF
2001-01-19 07:55:00,12,220,ISP,BWI
2001-03-08 17:25:00,-19,934,STL,ABQ
2001-02-08 21:15:00,-4,325,PHX,ONT
2001-01-12 19:12:00,49,1140,MCI,LAS
2001-03-30 16:15:00,0,989,MCO,MDW
2001-03-15 21:21:00,56,223,LAS,BUR
2001-02-15 18:33:00,47,880,STL,MCO
2001-01-03 16:05:00,80,1797,LAX,BNA
2001-02-13 07:00:00,0,1090,AUS,LAS
2001-02-28 19:15:00,175,304,PHX,SAN
2001-01-02 10:10:00,-15,386,SJC,LAS
2001-01-04 17:15:00,17,441,HOU,MAF
2001-03-20 06:15:00,-7,229,MDW,DTW
2001-03-01 20:40:00,65,395,BNA,MDW
2001-03-27 15:10:00,0,1670,ABQ,BWI
2001-01-12 15:25:00,132,180,OAK,RNO
2001-02-09 15:33:00,14,480,SAN,SMF
2001-03-03 17:00:00,-3,148,AUS,HOU
2001-01-17 18:40:00,10,258,SAN,LAS
2001-03-19 18:30:00,-6,233,SAT,HRL
2001-01-11 18:45:00,133,423,MDW,OMA
2001-01-07 21:37:00,16,197,FLL,TPA
2001-03-13 17:40:00,129,377,MHT,BWI
2001-03-17 18:25:00,-3,395,MDW,BNA
2001-03-19 07:40:00,-1,248,DAL,SAT
2001-01-08 12:15:00,6,258,LAS,SAN
2001-02-02 07:00:00,-5,307,CLE,MDW
2001-01-27 11:50:00,0,328,PVD,BWI
2001-03-13 19:20:00,84,1599,MSY,SAN
2001-02-26 16:20:00,-2,907,PVD,BNA
2001-03-24 20:15:00,0,822,BNA,SAT
2001-03-14 21:00:00,0,337,OAK,LAX
2001-02-13 14:28:00,38,358,BUR,SMF
2001-01-18 16:40:00,62,251,MDW,STL
2001-01-25 19:40:00,0,277,AMA,ABQ
2001-03-08 06:45:00,-6,550,MSY,MCO
2001-03-10 15:35:00,5,239,HOU,DAL
2001-02-17 18:35:00,61,787,BWI,MCO
2001-02-10 07:35:00,7,852,BDL,BNA
2001-01-10 13:49:00,3,223,BUR,LAS
2001-03-12 07:30:00,8,1489,OAK,MCI
2001-01-21 08:30:00,-6,580,ABQ,DAL
2001-03-10 11:35:00,-5,584,LAS,ELP
2001-03-25 06:00:00,-2,303,MSY,HOU
2001-01-17 06:30:00,-3,543,OAK,PDX
2001-03-24 17:00:00,-10,220,BWI,ISP
2001-02-01 18:33:00,20,324,AMA,DAL
2001-03-17 17:14:00,49,564,SEA,RNO
2001-01-11 11:48:00,20,325,BUR,OAK
2001-03-10 18:00:00,-10,271,MDW,SDF
2001-01-14 09:30:00,-3,239,DAL,HOU
2001-03-09 16:40:00,131,256,LAS,PHX
2001-03-28 15:50:00,-3,371,OAK,SNA
2001-01-24 10:10:00,-5,237,MCI,STL
2001-03-11 21:00:00,-10,495,SDF,BWI
2001-02-15 17:20:00,22,236,LAS,LAX
2001-03-19 10:45:00,-12,395,BNA,MDW
2001-02-22 06:30:00,0,345,RNO,LAS
2001-02-23 06:25:00,0,373,SMF,LAX
2001-03-20 19:40:00,18,303,MSY,HOU
2001-01-21 10:10:00,-13,296,LIT,STL
2001-01-05 10:50:00,0,304,PHX,SAN
2001-01-18 07:10:00,-15,651,PHX,SFO
2001-01-30 17:15:00,-1,370,PHX,LAX
2001-02-10 14:10:00,-1,1180,SEA,ABQ
2001-01-19 07:15:00,23,448,CLE,BNA
2001-02-28 18:04:00,33,337,OAK,LAX
2001-01-27 18:00:00,-4,333,ONT,SJC
2001-03-25 20:31:00,65,181,OKC,DAL
2001-03-26 12:15:00,0,273,AUS,HRL
2001-03-04 17:05:00,14,197,FLL,TPA
2001-01-03 19:25:00,8,687,HOU,STL
2001-02-06 18:20:00,-8,1448,BNA,PHX
2001-03-18 09:40:00,-3,632,RDU,MDW
2001-01-26 08:00:00,2,389,ONT,SMF
2001-01-03 12:00:00,-5,224,SEA,GEG
2001-03-09 08:25:00,-2,448,BNA,CLE
2001-03-07 11:45:00,-8,319,MAF,DAL
2001-03-26 08:45:00,-1,737,STL,BWI
2001-02-07 11:30:00,6,271,SDF,MDW
2001-01-16 16:38:00,9,239,DAL,HOU
2001-02-07 08:10:00,3,328,ABQ,PHX
2001-02-16 18:17:00,72,283,BWI,BDL
2001-01-11 13:55:00,9,1037,PHX,OMA
2001-03-16 18:10:00,13,646,PHX,OAK
2001-03-05 20:25:00,0,180,TPA,JAX
2001-01-25 13:40:00,2,1020,HOU,PHX
2001-03-08 13:55:00,3,907,PVD,BNA
2001-03-27 14:20:00,13,217,IAH,DAL
2001-02-06 09:25:00,-8,632,MDW,RDU
2001-02-17 15:00:00,-14,192,SAT,HOU
2001-03-31 11:45:00,-18,1671,LAX,MSY
2001-03-13 18:00:00,25,397,SMF,LAS
2001-02-11 12:30:00,15,2237,ALB,LAS
2001-02-23 20:08:00,51,528,ELP,AUS
2001-03-06 17:55:00,-4,237,DAL,TUL
2001-02-28 10:38:00,0,373,LAX,SMF
2001-01-21 16:15:00,-15,935,TUL,PHX
2001-02-10 08:10:00,-4,197,ONT,LAS
2001-01-13 18:05:00,2,294,AUS,MAF
2001-01-08 11:35:00,-2,283,BWI,BDL
2001-01-18 09:00:00,-8,337,LAX,OAK
2001-03-27 10:40:00,-13,708,IND,MSY
2001-02-09 06:30:00,-5,303,MSY,HOU
2001-03-31 16:50:00,-10,368,LAS,SLC
2001-03-20 08:05:00,0,358,SMF,BUR
2001-02-15 15:00:00,75,276,HOU,HRL
2001-02-09 15:50:00,8,189,DAL,AUS
2001-02-24 16:10:00,-8,256,PHX,LAS
2001-01-19 11:55:00,-1,670,HOU,BNA
2001-03-23 12:50:00,67,237,TUL,DAL
2001-03-02 18:42:00,21,447,SAN,SFO
2001-01-16 08:55:00,0,484,BNA,JAX
2001-02-14 09:45:00,-11,1448,PHX,BNA
2001-01-22 10:20:00,-5,377,MHT,BWI
2001-03-30 07:39:00,50,377,MHT,BWI
2001-02-17 12:40:00,7,601,RNO,PHX
2001-01-10 07:35:00,0,181,OKC,DAL
2001-03-12 17:45:00,-5,192,SAT,HOU
2001-01-03 16:10:00,62,570,MDW,BHM
2001-03-02 14:30:00,35,1090,AUS,LAS
2001-03-19 11:05:00,14,1050,BDL,MCO
2001-02-05 09:40:00,-5,248,SAT,DAL
2001-02-06 21:40:00,4,256,PHX,LAS
2001-01-16 13:50:00,134,370,LAX,PHX
2001-01-16 08:30:00,3,239,DAL,HOU
2001-02-17 06:45:00,0,647,SMF,PHX
2001-03-27 19:05:00,-6,829,TPA,CMH
2001-02-10 13:35:00,-15,562,ELP,DAL
2001-03-27 20:00:00,-5,718,ABQ,MCI
2001-01-29 09:06:00,-4,255,BWI,RDU
2001-02-11 07:00:00,-3,236,LAS,LAX
2001-03-14 11:50:00,4,1407,SAT,BWI
2001-01-13 08:45:00,-2,296,STL,LIT
2001-03-26 07:25:00,0,294,MAF,AUS
2001-02-19 06:20:00,-7,651,SFO,PHX
2001-01-18 06:30:00,0,281,BUF,BWI
2001-03-22 16:20:00,3,187,CRP,HOU
2001-02-13 12:32:00,7,636,SAN,ELP
2001-01-02 08:45:00,19,1044,MCI,PHX
2001-01-15 07:10:00,31,2277,PVD,PHX
2001-03-15 08:20:00,-11,328,PHX,ABQ
2001-01-22 11:20:00,2,611,BWI,MDW
2001-02-02 20:10:00,-10,407,LAS,OAK
2001-03-28 08:15:00,3,677,LAX,ABQ
2001-01-11 10:55:00,-9,925,BWI,FLL
2001-03-04 11:48:00,60,1073,MCO,PVD
2001-03-26 21:20:00,0,308,SJC,LAX
2001-03-22 09:40:00,-6,248,SAT,DAL
2001-03-12 19:08:00,15,507,SLC,PHX
2001-03-16 10:24:00,4,833,PHX,OKC
